clause_id,clause_text,true_label,bert_label,svm_label,hybrid_label,used_model,bert_confidence,bert_margin,clause_length,short_clause
0,"['except for breach of confidentiality obligation hereunder, and to the extent permitted by applicable law, in no event shall either party be liable for special, punitive, indirect, incidental or consequential damages, including without limitation loss of use, data or lost profits, even if it has been advised of the possibility of such damages, whether under this agreement, in tort or otherwise.']",Cap On Liability,Cap On Liability,Uncapped Liability,Uncapped Liability,SVM,0.6799,0.4894,61,False
1,"['this agreement shall inure to the benefit of and be binding upon the successors and assigns of the parties hereto; provided, however, that neither party shall transfer or assign this agreement without the prior written consent of the other party, such consent not to be unreasonably withheld, except where such assignment is by cpdc to any successor or subsidiary organization created within [***] of the effective date of this agreement, which assignment may be completed without the prior written consent of fusion.']",Anti-Assignment,Anti-Assignment,Anti-Assignment,Anti-Assignment,DistilBERT,0.9346,0.923,82,False
2,['the sub-advisor may not assign (within the meaning of the advisers act) its rights and obligations under this agreement without the prior written consent of oaktree us.'],Anti-Assignment,Anti-Assignment,Anti-Assignment,Anti-Assignment,DistilBERT,0.9343,0.9243,27,False
3,"['until a release condition (as defined in section 8.6) occurs and the conditions of section 8.7 have been satisfied, bank of america shall not permit access to or use of the source code, except as expressly provided herein.', 'bank of america may temporarily release the source code for this purpose only, but all copies of the source code shall be returned to the designated storage location as soon as the verification is completed.', 'bank of america shall reproduce in all copies of the source code made by bank of america any proprietary or confidentiality notices contained in the source code when originally delivered by supplier.', 'bank of america shall establish a secure receptacle in which it shall place the source code and shall put the receptacle under supervision of one or more of its officers, whose identity shall be available to supplier at all times.', 'bank of america shall notify supplier of the dates on which any such verification will be conducted, and the results thereof.', 'supplier grants bank of america the right to duplicate the source code only as necessary to preserve and safely store the source code and as expressly permitted in this section.', 'any or the following events shall be release conditions for purposes of this section: (a) supplier defaults on any of its maintenance obligations herein; (b) supplier ceases to provide maintenance for the software; (c) supplier ceases doing business in the ordinary course, files or has filed against it a petition under bankruptcy code, becomes insolvent or has a receiver appointed for all or a substantial part of its business; or (d) bank of america terminates this agreement for cause pursuant to the terms hereof.', ""if a release condition has occurred, bank of america may immediately release the source code for the purposes described in section 8.8, following the issuance of a written statement to supplier by bank of america's executive management, stating that a release condition has occurred."", 'with each delivery of software to bank of america hereunder, supplier shall deliver to bank of america the source code for all software and for all updates, upgrades and new releases of the software.', 'upon delivery of the source code to bank of america by supplier, including in connection with any upgrade, update or new release, bank of america shall have the right to verify the source code for accuracy, completeness and sufficiency, and to confirm that it compiles to the pertinent object code of the software.']",Source Code Escrow,Post-Termination Services,Source Code Escrow,Source Code Escrow,SVM,0.1606,0.0668,411,False
4,"['spinrecords.com hereby ------------------------------------------- grants nettaxi a nonexclusive, worldwide, nontransferable, revocable, royalty free license to display and distribute the, and make derivative works from the spinrecords.com brand features and any enhancements, modifications or improvements thereto as necessary to carry out the terms of this agreement.', 'nettaxi hereby grants to ----------------------------------------- spinrecords.com a non-exclusive, worldwide, nontransferable, revocable, royalty free license to use the nettaxi brand features as the same may be modified from time to time for the purposes of this agreement']",Non-Transferable License,License Grant,License Grant,License Grant,Agreement,0.412,0.2096,80,False
5,"['no actions, regardless of form, arising out of this agreement, may be brought by distributor more than one (1) year after the cause of action has arisen.', 'in no event shall jrvs be liable for costs of procurement of substitute products or services, lost profits or any consequential, special, incidental, or indirect damages, however caused and on any theory of liability (including negligence or strict liability), arising out of this agreement.', 'in the event of termination by either party in accordance with any of the provisions of this agreement, neither party shall be liable to the other, because of such termination, for compensation, reimbursement or damages on account of the loss of prospective profits or anticipated sales or on account of expenditures, inventory, investments, leases or commitments in connection with the business or goodwill of either party.', ""in no event shall jrvs's liability arising out of this agreement exceed the amount received by jrvs from the distributor hereunder for the product giving rise to the liability.""]",Cap On Liability,Cap On Liability,Cap On Liability,Cap On Liability,Agreement,0.6952,0.5134,166,False
6,"[""developer may also terminate this agreement by giving two (2) weeks' notice in writing to val.""]",Termination For Convenience,Termination For Convenience,Termination For Convenience,Termination For Convenience,Agreement,0.8314,0.8038,16,True
7,"['fusion may terminate this agreement by providing written notice to the cpdc where: (a) [***] following the effective date of this supply agreement, fusion may terminate this agreement without cause by providing cpdc with [***] prior written notice.']",Termination For Convenience,Termination For Convenience,Termination For Convenience,Termination For Convenience,DistilBERT,0.8383,0.8081,38,False
8,"['supplier further agrees that it will not produce, cause to be produced or assist in the production of more units than are specified by purchaser nor will supplier produce, cause to be produced or assist in the production of any product or item not specifically requested by purchaser using any or all of the playboy properties or any trademark, copyright, designations, names, phrases, designs or symbols similar to any or all of the playboy properties during or at any time after the completion of merchandise requested by this contract.']",Non-Compete,Non-Compete,Covenant Not To Sue,Covenant Not To Sue,SVM,0.2544,0.1549,89,False
9,"['upon termination of this agreement, galaxy may, at its sole discretion accept inventory returns of products.']",Post-Termination Services,Post-Termination Services,Post-Termination Services,Post-Termination Services,Agreement,0.6338,0.6026,16,True
10,"[""subject to the provisions of this agreement including the provisions of article 8, changepoint hereby grants to customer and customer hereby accepts from changepoint the perpetual, personal, non-transferable and non-exclusive software licenses to use the licensed software for customer's internal business purposes."", ""subject to the terms and conditions of this agreement, changepoint hereby grants to corio a fee-bearing, irrevocable, nonexclusive, nontransferable (except in accordance with section 14.1 of this agreement) license in the territory to (i) reproduce the software in machine executable object code format only for installation on the corio servers; (ii) install multiple copies of the software on corio's servers which will be made remotely accessible to corio's customers for their internal business purposes, (iii) permit limited access to and use of the software by customers through corio servers solely for such customer's internal business purposes; (iv) sublicense an unlimited number of customers to access and use the software only through the installation on corio servers solely for such customer's internal business purposes; and (v) use changepoint's tools and utilities, if any, subject to any restrictions placed on the changepoint by third party software providers and payment of any applicable fees required by such third parties, to configure, integrate and manage the software.""]",Irrevocable Or Perpetual License,License Grant,Non-Transferable License,Non-Transferable License,SVM,0.3914,0.1773,205,False
11,"['gsk shall return to theravance all available formulated and api stocks that contain a theravance compound and which are then held by gsk or cause such api stocks to be provided to theravance if held by a vendor or other third party on behalf of gsk.', 'so long as this agreement remains in effect and for a period of one (1) year thereafter, neither gsk nor any of its affiliates may make any public disclosure of any holdings of or disposition of beneficial ownership of theravance voting securities unless such disclosure is approved in advance in writing by theravance, such approval not to be unreasonably withheld or delayed.', 'if after termination of this agreement either party subsequently develops and commercializes any long- acting β2 adrenoceptor agonist for the treatment / prophylaxis of respiratory diseases which (i) was never a pooled compound or collaboration product or (ii) was a gsk discontinued compound or a theravance discontinued compound, it will pay to the other party a royalty on net sales of any such products at the rate of 3% for a single-agent product and 2% for the first combination product for a period of 15 years from the date of launch on a country-by-country basis; provided, however, that this royalty shall not apply to any compound or product (including new product line extensions and/or re-formulation work) where the original compound or product is, as of the date of signature of this agreement, already commercialized.', ""gsk shall, at its sole expense, transfer to theravance, or shall cause its designee(s) to transfer to theravance, ownership of all regulatory filings made or filed for any terminated development collaboration product (to the extent that any are held in gsk's or such designee(s)'s name), but only where the terminated collaboration product contains a theravance compound as a single agent and such transfer to be as permitted<omitted>by applicable laws and regulations."", ""in the event that this agreement is terminated by theravance pursuant to section 14.2 for material breach by gsk: (i) gsk shall, at its sole expense, promptly transfer to theravance copies of all data, reports, records and materials in its possession or control that relate to the theravance compounds and return to theravance, or destroy at theravance's request, all relevant records and materials in its possession or control containing confidential information of theravance (provided that gsk may keep one copy of such confidential information of theravance for archival purposes only in accordance with section 10.1). (ii) gsk shall, at its sole expense, transfer to theravance, or shall cause its designee(s) to transfer to theravance, ownership of all regulatory filings made or filed for any collaboration product that contains a laba as a single agent (to the extent that any are held in gsk's or such designee(s)'s name), and such transfer to be as permitted by applicable laws and regulations; otherwise gsk shall cooperate as necessary to permit theravance to exercise its rights hereunder."", ""if gsk terminates a collaboration product at any time after initiation of the first phase iii study concerning such collaboration product, and development of all other collaboration products and pooled compounds have been discontinued for technical failure and/or commercial failure, then at the sole election of theravance, the following shall apply: (a) gsk shall, at its sole expense, promptly transfer to theravance copies of all data, reports, records and materials in its possession or control that relate to the theravance compounds and return to theravance, or destroy at theravance's request, all relevant records and materials in its possession or control containing confidential information of theravance (provided that gsk may keep one copy of such confidential information of theravance for archival purposes only in accordance with section 10.1). (b) gsk shall, at its sole expense, transfer to theravance, or shall cause its designee(s) to transfer to theravance, ownership of all regulatory filings made or filed for the terminated development collaboration product that contains a laba as a single agent (to the extent that any are held in gsk's or such designee(s)'s name), such transfer to be as permitted by any third party licenses or other such prior rights and applicable laws and regulations, otherwise gsk shall cooperate as necessary to permit theravance to exercise its rights hereunder."", 'during the term of this agreement and for a period of one (1) year after the termination or expiration of this agreement, gsk shall obtain and/or maintain at its sole cost and expense, product liability insurance (including any self-insured arrangements) in amounts which are reasonable and customary in the u.s. pharmaceutical industry for companies of comparable size and activities']",Post-Termination Services,Post-Termination Services,Ip Ownership Assignment,Ip Ownership Assignment,SVM,0.3629,0.2489,761,False
12,"[""no transfer, amendment, waiver, supplement, assignment or other modification of this transaction (other than the pledge of this transaction to the master servicer pursuant to the pooling and servicing agreement) shall be permitted by either party unless moody's and fitch have been provided notice of the same and confirm in writing (including by facsimile transmission) that they will not downgrade, qualify, withdraw or otherwise modify its then-current rating of the certificates; provided however that except with respect to a transfer at the direction of ubs, nothing in this provision shall impose any obligation on ubs to give notice to any rating agency.""]",Anti-Assignment,Anti-Assignment,Termination For Convenience,Termination For Convenience,SVM,0.2642,0.0933,102,False
13,"['any payments made in order to satisfy the ""minimum fee"" which can be characterized as an advance of amounts due from advertising clients which is ""earned but not yet paid"" shall be deducted from the following year\'s payments when such amounts have in fact been collected.', ""the minimum fee shall be prorated to account for (i) any periods during which network affiliate's annual attendance base in the theatres is lower than the base amount, and (ii) reductions in revenue associated with network affiliate's rejection of content as permitted under section 3.4."", 'for each twelve-month period following the effective date during the term, and as long as network affiliate\'s attendance base in the theatres for the twelve (12) month period is equal to or greater than 400,000 patrons (the ""base amount""), the amount paid by ncm pursuant to section 7.1(b) shall be not less than $ .17 per theatre patron during such period with such amount increasing by 5% on each anniversary of the effective date (the ""minimum fee"").']",Minimum Commitment,Minimum Commitment,Minimum Commitment,Minimum Commitment,Agreement,0.3281,0.0754,168,False
14,"['in january of each calendar year constellation shall allow, at the written request and expense of the hof entities, the hof entities the right to audit during normal business hours all relevant constellation records related to new business generated during the immediately preceding calendar year.']",Audit Rights,Audit Rights,Audit Rights,Audit Rights,DistilBERT,0.8542,0.8405,45,False
15,['the company may in its discretion and at its option terminate this agreement at any time after the minimum period upon five days prior written notice to maimon.'],Termination For Convenience,Termination For Convenience,Termination For Convenience,Termination For Convenience,DistilBERT,0.8377,0.8124,28,False
16,"['""warranty period"" means a period of [***]from the relevant supplier\'s shipment of the product.', 'if a product fails to comply with the foregoing warranty, the relevant supplier shall, at its option, either [***]such product, or, in the event the foregoing options are not commercially practicable, [***]to the company any amounts paid for the applicable product.', 'each of the suppliers warrants that the products shall comply with the specifications and documentation agreed by the relevant supplier and the company in writing that is applicable to such products for the warranty period.']",Warranty Duration,Warranty Duration,Warranty Duration,Warranty Duration,Agreement,0.3337,0.2509,90,False
17,"['licensee shall be entitled to grant sublicenses under its license pursuant to section 2.1 to affiliates only, provided that any sublicense granted by licensee under this section 2.1.2 shall be made through a written agreement in the english language and shall be consistent with the terms of this agreement.', ""for those countries where a specific license is required for a joint owner of a joint invention or joint improvement to practice such joint invention or joint improvement, in such country, each party hereby grants to the other party a perpetual, irrevocable, non-exclusive, worldwide, royalty-free, fully paid-up license, transferable and sublicensable, under such party's right, title and interest in and to such joint invention or joint improvement to freely exploit such joint invention or joint improvement in such country, subject to the terms and conditions of this agreement and the licenses granted hereunder.""]",Affiliate License-Licensee,License Grant,Irrevocable Or Perpetual License,Irrevocable Or Perpetual License,SVM,0.305,0.1534,142,False
18,"['notwithstanding anything to the contrary in this agreement, both the owner and servicer agree that the agent shall be deemed to be a third-party beneficiary of this agreement and has the authority to enforce the provisions hereof.']",Third Party Beneficiary,Anti-Assignment,Third Party Beneficiary,Third Party Beneficiary,SVM,0.112,0.0012,37,False
19,"['upon termination of the contract, the agreement set forth in clause 5 (""intellectual property rights and prohibition of transfer to third parties"") and clause 6 (""economic rights"") will remain into force.']",Post-Termination Services,Post-Termination Services,Post-Termination Services,Post-Termination Services,Agreement,0.4512,0.3376,31,False
20,"['vs shall not refer that opportunity to any other third party provider unless ppd declines to bid on such opportunity or does not offer the service in question.', 'unless otherwise required by a particular sponsor, ppd shall not refer that opportunity to any other third party provider unless vs declines to bid on such opportunity or does not offer the service in question.', 'in the event that, during the term of this agreement, vs desires to enter into the same or substantially similar commitments with a ppd competitor for imaging services outside of the designated therapeutic areas (defined herein or in any amendment hereto), vs shall first notify ppd regarding the same and ppd shall have a right, for a period of 45 days following receipt of such notice (the ""election period""), to elect to include such imaging services as ""preferred services"" hereunder (the ""right of first refusal"").']",Rofr/Rofo/Rofn,Non-Compete,Rofr/Rofo/Rofn,Rofr/Rofo/Rofn,SVM,0.1503,0.0111,148,False
21,"[""consultant hereby gives and grants to adams golf the exclusive right and license to use consultant's endorsement in connection with the manufacture, sale, distribution, advertising and promotion of product in the contract territory."", ""during the term of this agreement, unless otherwise authorized at the sole discretion of adams golf in writing, consultant shall not: a.give the right to use or permit the use of consultant's name, facsimile signature, nickname, voice or likeness to any other manufacturer or seller of product;\n\nb.sponsor or endorse product made or sold by any other manufacturer or seller; or\n\nc.serve as a consultant or advisor of any other manufacturer or seller of product."", 'during the term of this agreement, consultant shall exclusively play/use the mandatory product.']",Exclusivity,License Grant,License Grant,License Grant,Agreement,0.3778,0.2048,119,False
22,"['in consideration of providing the services set forth in exhibit b, the company agrees to pay to contractor [ ** ] percent ([ *∗ ]%]) of company\'s gross invoiced sales (the ""service fees"").']",Revenue/Profit Sharing,Revenue/Profit Sharing,Revenue/Profit Sharing,Revenue/Profit Sharing,Agreement,0.64,0.552,33,False
23,"['zogenix shall have the right to terminate this agreement immediately upon written notice to distributor (i) if distributor or any of its affiliates or sub-distributors, directly or indirectly through any third party, commences any interference or opposition proceeding with respect to, challenges the validity or enforceability of, or opposes any extension of or the grant of a supplementary protection certificate with respect to, any zogenix patent (or any related patent owned or controlled by zogenix outside the territory); (ii) if zogenix determines that distributor or its affiliates or sub- distributors are, or have caused or shall cause any zogenix indemnitee to be, in violation of the fcpa or any other applicable laws; or (iii) if zogenix decides to withdraw the product from the market in the territory or otherwise believes that the promotion of the product in the field in the territory presents a substantial risk of harm or injury to consumers which risk is unacceptable according to established principles of medical ethics.', ""distributor acknowledges zogenix's exclusive ownership of the product trademarks and agrees not to take any action inconsistent with such ownership."", ""distributor acknowledges zogenix's exclusive ownership of the zogenix trademarks and agrees not to take any action inconsistent with such ownership."", 'distributor shall not, and shall cause its affiliates not to, (i) use, seek to register, or otherwise claim rights in the territory in any trademark that is confusingly similar to, misleading or deceptive with respect to, or that materially dilutes, any of the product trademarks, or (ii) knowingly do, cause to be done, or knowingly omit to do any act, the doing, causing or omitting of which endangers, undermines, impairs, destroys or similarly affects, in any material respect, the validity or strength of any of the product trademarks (including any registration or pending registration application relating thereto) or the value of the goodwill pertaining to any of the product trademarks.', 'distributor shall not, and shall cause its affiliates not to, (i) use, seek to register, or otherwise claim rights in any trademark that is confusingly similar to, misleading or deceptive with respect to, or that materially dilutes, any of the zogenix trademarks, or (ii) knowingly do, cause to be done, or knowingly omit to do any act, the doing, causing or omitting of which endangers, undermines, impairs, destroys or similarly affects, in any material respect, the validity or strength of any of the zogenix trademarks (including any registration or pending registration application relating thereto) or the value of the goodwill pertaining to any of the zogenix trademarks.']",Covenant Not To Sue,Covenant Not To Sue,Covenant Not To Sue,Covenant Not To Sue,Agreement,0.4041,0.3192,420,False
24,"['at the time of entering this agreement, each party shall be fully insured and shall duly maintain such insurance during the term of this agreement and thereafter for so long as it customarily maintains insurance for itself for similar products and activities.', 'each party shall maintain (a) comprehensive general liability insurance (including without limitation, coverage for bodily injury, personal injury, property damage, casualty loss and contractual and trademark liability); and (b) product liability insurance, providing full indemnification and defense against claims, liabilities, damages, demands and causes of action, alleged or actual, arising out of any defects in or use of the product under this agreement (including manufacturing, design, warning, or instruction claims), in such amounts as it customarily maintains for similar products and activities, but in no event less than $5,000,000 per individual claim and $10,000,000 in the aggregate', ""each party shall cause such insurance policies to provide that the other party shall be given at least thirty (30) days' notice of any cancellation, termination or change in such insurance.""]",Insurance,Insurance,Insurance,Insurance,DistilBERT,0.8759,0.8648,170,False
25,"['all such products, services, concepts, methods, techniques, and new information will be deemed to be our sole and exclusive property and works made-for- hire for<omitted>us.', 'you agree that all other data that you create or collect in connection with the system, and in connection with your operation of the franchised business (including customer lists and transaction data), is and will be owned exclusively by us during the term of, and after termination or expiration of, this agreement.', 'you hereby grant to us (and agree to obtain from your affiliates, owners, employees, and/or contractors), a perpetual, non-exclusive, and worldwide right to use any such ideas, concepts, methods, techniques and products in any businesses that we and/or our affiliates, franchisees and designees operate. we will have the right to use those ideas, concepts, methods, techniques, and/or products without making payment to you. you agree not to use or allow any other person or entity to use any such concept, method, technique or product without obtaining our prior written approval.']",Ip Ownership Assignment,License Grant,Irrevocable Or Perpetual License,Irrevocable Or Perpetual License,SVM,0.3692,0.2464,167,False
26,"['dexcel shall order the packaging materials required for the product packaging (including, but not limited to, all labeling); provided that such orders shall not exceed the forecasted demand of such materials for the next following twelve (12) months']",Volume Restriction,Minimum Commitment,Volume Restriction,Volume Restriction,SVM,0.3118,0.1722,38,False
27,"[""except for a termination of this agreement resulting from distributor's breach of section 9.0 (proprietary rights and software licensing) or section 19.0(confidential information), upon termination or expiration of this agreement, distributor may continue to use, in accordance with the terms and conditions of this agreement, products shipped to it by cisco prior to the date of termination or expiration."", ""in the event of termination by cisco for convenience, termination by distributor for cisco's material breach, or expiration of this agreement where cisco has provided distributor with written notice from an authorized representative of its intention not to renew the agreement, cisco agrees to repurchase all product in distributor's inventory within [*****] days following the effective date of termination or expiration."", ""cisco agrees to repurchase all product in distributor's inventory within [*****] days following the effective date of termination or expiration."", 'within [*****] days following the effective date of termination or expiration, distributor shall return to cisco all product held in inventory as of the effective date of termination.']",Post-Termination Services,Post-Termination Services,Post-Termination Services,Post-Termination Services,Agreement,0.6832,0.6582,168,False
28,"[""the company shall have unlimited rights of utilization of the professional's image in all advertising, promotion, publicity and other forms of communication with any part during the term of this agreement, it being the intent of the professional that the company's utilization of the professional's image shall be at the discretion of the company.""]",Unlimited/All-You-Can-Eat-License,Exclusivity,License Grant,License Grant,SVM,0.2656,0.1674,54,False
29,"[""notwithstanding anything to the contrary herein, in no event shall s2k be entitled to receive fees or compensation that would cause a fund's sales charges to exceed the maximum amount allowed under finra rules or applicable law."", 'any and all claims, losses, cost or expenses shall be limited to actual and direct costs.', 'in no event shall any party be responsible to the other for indirect, special or consequential damages.']",Cap On Liability,Cap On Liability,Cap On Liability,Cap On Liability,Agreement,0.6611,0.5128,70,False
30,"['a change of control shall occur with respect to the manufacturer, unless subcontractor shall have expressly consented to such change of control in writing.', 'in the event of a change of control (as defined below) this agreement shall immediately terminate.']",Change Of Control,Change Of Control,Change Of Control,Change Of Control,Agreement,0.4693,0.3931,40,False
31,"['ceres and iger shall use reasonable efforts to avoid any action that might jeopardize the ability of the parties, individually or jointly as the case may be, to obtain or retain valid/enforceable intellectual rights in joint intellectual property, iger intellectual property or ceres intellectual property.', 'the administering party shall keep the non-administering party advised as to all developments with respect to all patent and plant variety rights application(s) and issued patents and plant variety rights covering jointly owned joint intellectual property, which includes supplying copies of all papers received and filed in connection with such applications and patents in sufficient time for the non- administering party to comment thereon.', 'each party will notify the other party, in writing (""invention notice""), within thirty (30) days of reduction to practice or knowledge of conception or discovery of joint intellectual property, and each invention notice will describe the joint intellectual property with sufficient specificity to allow assessment by the other party.', 'ceres and iger shall have an undivided interest in joint intellectual property. consequently, any and all patent applications or plant variety rights applications that cover joint intellectual property shall be assigned jointly to ceres and iger as soon as practicable.', '""joint intellectual property"" shall mean (a) all patentable inventions conceived, discovered, developed and/or reduced to practice (i) jointly by one or more employees, agents, or students of ceres and by one or more employees, agents, or students of iger in the performance of any research project(s) or (ii) by one or more employees, agents or students of iger in the performance of any research project(s) to the extent ceres provides a financial contribution for such research project, which is not less than twenty-five percent (25%) of either the overall cost of such research project or of the activity during which the invention was made, unless expressly provided otherwise in a schedule; (b) patents, patent applications, plant variety rights, plant variety right applications, reissues, continuations, continuations-in-part and divisionals claiming such patentable inventions in any country of the world; (c) all trade secrets and copyrighted works created jointly by one or more employees, agents, or students of ceres and by one or more employees, agents, or students of iger in the performance of any research project(s); and (d) all germplasm and plant varieties created in the performance of plant breeding activities in the performance of any research project(s).']",Joint Ip Ownership,Ip Ownership Assignment,Joint Ip Ownership,Joint Ip Ownership,SVM,0.4827,0.4223,394,False
32,"[""the parties expressly agree that consultant may permit [*****] the use of consultant's name and/or likeness in [*****] print and/or television advertisement provided that this is executed in a manner consistent with [*****] past [*****] advertising practice using similarly situated professional golfers with competing golf club endorsement agreements that include [*****]."", 'notwithstanding paragraphs 4a, 4b and 4c above, consultant shall be entitled to endorse and play the [*****].', '(it is expressly understood by the parties that consultant may play [* ****] clubs in the bag other than adams golf clubs including, but not limited to, a putter by a manufacturer other than adams golf but may not endorse those clubs and/or putter.)', 'notwithstanding paragraphs 4a, 4b and 4c above, consultant shall not be required to wear adams golf [*****] in [*****] ads.']",Competitive Restriction Exception,Exclusivity,Non-Compete,Non-Compete,SVM,0.2478,0.1302,132,False
33,"['to the extent any insurance coverage required under this section is purchased on a ""claims-made"" basis, such insurance shall cover all prior acts of metavante during the term, and such insurance shall be continuously maintained until at least four (4) years beyond the expiration or termination of the term, or metavante shall purchase ""tail"" coverage, effective upon termination of any such policy or upon termination or expiration of the term, to provide coverage for at least four (4) years from the occurrence of either such event.', 'in addition, metavante agrees to provide to customer, at customer\'s expense, all necessary assistance to facilitate the orderly transition of services to customer or its designee (""termination assistance""). as part of the termination assistance, metavante shall assist customer to develop a plan for the transition of all services then being performed by metavante under this agreement, from metavante to customer or customer\'s designee, on a reasonable schedule developed jointly by metavante and customer.']",Post-Termination Services,Insurance,Post-Termination Services,Insurance,DistilBERT,0.7865,0.7623,159,False
34,"['during the term, rogers shall have the non-exclusive right to distribute and exhibit each licensed program on a vod basis for a period of ninety (90) consecutive days, or such longer period as may be agreed to by rogers and licensor (the ""license period"").', 'licensor grants to rogers the non-exclusive license and right to distribute and exhibit in canada (the ""territory"") all entertainment programming to which licensor owns or controls the vod distribution and exhibition rights in the territory (collectively, ""licensed programs"") to residential subscribers of rogers\' digital cable television service on a video-on-demand (""vod"") basis.']",License Grant,License Grant,License Grant,License Grant,Agreement,0.2816,0.059,96,False
35,"['each party or its designated representatives shall, upon reasonable notice to the other party, have the right, no more frequently than two (2) times per twelve (12) consecutive calendar months, at its own expense, at reasonable times and during normal business hours, to examine the books and records of such other party to the extent necessary to verify the accuracy of any statement, charge, computation, or demand made under or pursuant to this agreement.']",Audit Rights,Audit Rights,Audit Rights,Audit Rights,DistilBERT,0.8269,0.8113,74,False
36,"['impresse hereby grants to verticalnet a non-exclusive, non-transferable, royalty-free, right and license to link to the impresse area of the co-branded site.', ""impresse shall permit users who access the co-branded site to access and use co-branded content from the co-branded site for the personal use of such users in accordance with the then-current terms of impresse's standard license agreement governing the use of such co-branded content.""]",License Grant,License Grant,Non-Transferable License,Non-Transferable License,SVM,0.3827,0.1304,66,False
37,"['at mutually agreed upon times, hemispherx may review standard operating and other quality control procedures and records and the records of scien relating to the agreement.', 'such routine and general oversight review is to be requested at least twenty (20) business days in advance, limited to two (2) persons, completed within one (1) to two (2) business days and shall be offered to hemispherx one (1) time each calendar year.', ""hemispherx shall permit scien or its agent, at sciens' expense, to conduct periodic audits of hemispherx's quality system and manufacturing records relating to hemispherx's performance under this agreement."", ""the audits shall be conducted upon reasonable advance notice during regular business hours at hemispherx's principal office and in such a manner as not to unduly interfere with hemispherx's operations."", 'hemispherx will prepare a written report of the results of the audit and forward a copy to scien.', 'scien will make every reasonable effort to accommodate the special circumstances that may arise pursuant to ""for cause"" audits.', 'prior to an audit hemispherx will communicate to scien the scope of the audit.', ""hemispherx will be permitted to conduct periodic audits of the subcontractors to assure compliance to applicable gmp's, glp's and federal regulations (cfr's)."", 'hemispherx may perform audits for initial qualification of scien as well as periodic audits and ""for cause"" audits.', 'during the retention period, documentation shall be available for inspection by hemispherx, its authorized agents and authorized government agencies.']",Audit Rights,Audit Rights,Audit Rights,Audit Rights,DistilBERT,0.8692,0.8565,238,False
38,['dynamex agrees not to provide sameday delivery services for any other provider of next day or multiple day courier services.'],Exclusivity,Non-Compete,Competitive Restriction Exception,Competitive Restriction Exception,SVM,0.2623,0.1446,20,True
39,"[""in the event generic equivalents has captured the [ * ] of the quantity of lead compound sold by astellas during the [ * ] preceding such termination calculated on a annual basis; or in the event, after the entry into the market of generic equivalents, that astellas' annual sales fall below $[ * ] for all lead compounds, astellas may terminate this agreement upon [ * ] written notice to fg; provided, that astellas does not commercialize any lead compound after such termination until the expiration of the last to expire fg patents applicable to such lead compound.""]",Minimum Commitment,Post-Termination Services,Revenue/Profit Sharing,Revenue/Profit Sharing,SVM,0.3899,0.2964,99,False
40,"['to accept the validity of the proprietary marks as they exist now and in the future and agree that you will not contest the validity of any of the proprietary marks at any time;', 'during the term of this agreement and after its expiration or termination, you agree not to directly or indirectly contest, or aid in contesting, the validity or ownership of the proprietary marks or take any action detrimental to our rights in the proprietary marks.', 'you and all owners must execute a general release, in a form satisfactory to us, of all claims against us and our past, present and future affiliates, officers, directors, shareholders, agents and employees.']",Covenant Not To Sue,Covenant Not To Sue,Covenant Not To Sue,Covenant Not To Sue,Agreement,0.5414,0.5063,111,False
41,"['except for claims arising under section 6, in no event will either party be liable for any special, indirect, incidental or consequential damages.']",Cap On Liability,Cap On Liability,Uncapped Liability,Uncapped Liability,SVM,0.6785,0.4895,23,False
42,"['notwithstanding the provisions of section 1 hereof, the sponsor shall have the right at any time prior to december 31, 2010 to terminate this agreement by giving written notice of such termination to racing.']",Termination For Convenience,Termination For Convenience,Termination For Convenience,Termination For Convenience,DistilBERT,0.7746,0.7263,34,False
43,"['hswi shall pay to world book royalties calculated as a defined percentage of the net revenue received by hswi from<omitted>advertising generated directly from content by web pages containing content or any portion of the content provided by world book to hswi hereunder.', 'the royalty rate shall be [*] percent ([*]%) on the affinities and reference content; and [*] percent ([*]%) on translated content.', 'royalties for content will be calculated based on the royalty rates set forth in subsection (i) and compared to the payments/advances paid by hswi during the term of this agreement.']",Revenue/Profit Sharing,Revenue/Profit Sharing,Revenue/Profit Sharing,Revenue/Profit Sharing,Agreement,0.6888,0.6411,93,False
44,"['except for claims under section 9 hereof, the liability of a party to the other for direct damages shall not exceed fifteen million dollars.']",Uncapped Liability,Cap On Liability,Cap On Liability,Cap On Liability,Agreement,0.6786,0.4945,24,False
45,"['neither party shall sell, transfer or assign this agreement or the rights or obligations hereunder, without the prior written consent of the other party, such consent not to be unreasonably withheld or delayed.']",Anti-Assignment,Anti-Assignment,Anti-Assignment,Anti-Assignment,DistilBERT,0.9313,0.9209,33,False
46,"['in no event shall developer be liable for any loss of profit or any other commercial damage, including but not limited to special, incidental, consequential or other indirect damages under any cause of action arising out of or relating to this agreement, including, without limitation, claims arising from malfunction or defects in the products.', ""developer's maximum liability hereunder is expressly limited to the lesser of: the amount paid under this agreement by distributor to developer within the six (6) month period immediately preceding the cause giving rise to the claim; or five hundred thousand dollars ($5oo,000).""]",Cap On Liability,Cap On Liability,Cap On Liability,Cap On Liability,DistilBERT,0.7024,0.5307,96,False
47,"[""in respect of failure to meet the specifications, if products do not comply with the warranties set forth in clause 7.1, customer may then, after having consulted philips as to the most appropriate remedy, elect reasonably to have products: i. returned to philips for repair or replacement; ii. repaired or replaced by philips in the field; or iii. repaired or replaced by customer in the field, including products in distributor inventory and customer's installed base; or<omitted>iv. returned to philips in exchange for a full refund of the purchase price for the non-conforming products paid under this agreement."", 'products repaired or replaced by philips within the warranty term are warranted for the remainder of the original warranty term of said products.', 'philips represents and warrants to customer that all products delivered and any services provided hereunder: i. conform to the specifications on the delivery date [redacted - commercially sensitive]; ii. unless otherwise agreed with customer in writing, are new (do not contain any used or reconditioned parts or materials) and fit for the purposes for which they are intended; iii. are of sound workmanship, good quality and free from defects in construction, manufacture and material [redacted - commercially sensitive]; iv. the manufacturing and shipment of the product comply in all respects with applicable laws, regulations, certification requirements, including health and safety standards and all other applicable regulatory requirements for the manufacture and shipment of products; v. are free and clear of all liens, encumbrances, and other claims against title; and vii. comply in all respects with the terms of this agreement and the applicable purchase orders.', 'without prejudice to any other rights accruing under this agreement or law, the warranties set forth in clause 7.1 will extend for a period of [redacted - commercially sensitive - warranty details].']",Warranty Duration,Warranty Duration,Warranty Duration,Warranty Duration,Agreement,0.3497,0.2823,297,False
48,"['subject to the terms and conditions of this agreement and such other standards, trademark usage guidelines and specifications as are prescribed by ncm during the term of this agreement (the ""ncm quality standards""), ncm hereby grants to network affiliate, and network affiliate hereby accepts, a non-exclusive, non-transferable (except in connection with an assignment of this agreement in accordance with section 14.8 hereof), non-sublicenseable, limited license (i) to use the ncm marks solely in connection with its receipt and exhibition of the service, as approved by ncm in writing in advance, and (ii) to use the ncm marks in marketing or advertising materials (""marketing materials"") that have been approved by ncm pursuant to the terms hereof.', 'ncm hereby grants to network affiliate at no cost a limited, non-exclusive, non-transferable, non-sublicenseable, royalty-free license in the territory during the term only to receive, store, convert or otherwise manage, display and exhibit the service on the equipment at theatres solely in connection with its performance of and subject to all of the terms and conditions of this agreement.', 'subject to the terms and conditions of this agreement, network affiliate hereby grants to ncm, and ncm hereby accepts, a non-exclusive, non-transferable (except in connection with an assignment of this agreement in accordance with section 14.8 hereof), non- sublicenseable, limited license (i) to use the network affiliate marks solely in connection with its delivery of the service, as approved by network affiliate in writing in advance, and (ii) to use the network affiliate marks in marketing materials that have been approved by network affiliate pursuant to the terms hereof.', 'subject to the terms and conditions of this agreement, ncm hereby grants to network affiliate, and network affiliate hereby accepts, a non-exclusive, non-transferable, non-sublicenseable, royalty-free limited license to the object code version of the software on equipment at theatres solely for the limited purpose of performing this agreement.', 'to the extent any derived works are included in the service, ncm hereby grants to network affiliate during the term a non-exclusive, non-transferable, non-sublicenseable license to such derived works solely for use in connection with the service as expressly provided by this agreement.']",License Grant,License Grant,Non-Transferable License,Non-Transferable License,SVM,0.3627,0.1009,354,False
49,"[""to the extent permitted by law you hereby irrevocably and unconditionally waive in favour of the company, its licensees and successors in title, all existing and future moral rights (or similar rights existing in any part of the world) you may have in respect of any works under chapter iv of the copyright designs and patents act 1988 in england or any similar provisions of law in any jurisdiction, including (but without limitation) the right to be identified, the right of integrity and the right against false attribution, and agrees not to institute, support, maintain or<omitted>permit any action or claim to the effect that any treatment, exploitation or use of such works, inventions or other materials infringes the consultant's moral rights.""]",Covenant Not To Sue,Covenant Not To Sue,Ip Ownership Assignment,Ip Ownership Assignment,SVM,0.4955,0.4374,121,False
50,['this agreement or any rights or obligations granted hereunder may not be assigned by abw without the prior written consent of pcq.'],Anti-Assignment,Anti-Assignment,Anti-Assignment,Anti-Assignment,DistilBERT,0.9325,0.923,22,False
51,"['providing reasonable training for personnel of the publishers in the performance of the services then being transitioned to the publishers or such successor provider of services.', ""upon termination of this agreement and for a period of six (6) months thereafter, the publishers will have the following rights and obligations:\n\n 33.1. commencing upon any notice of termination by the publishers, healthgate will comply with the publishers' reasonable directions, and will provide to the publishers any and all termination assistance reasonably requested by the publishers to allow the services to continue and to facilitate the orderly transfer of responsibility for the services to the publishers or a successor provider of services designated by the publishers. the termination assistance to be provided to the publishers by healthgate may include the following:\n\n 33.1.1. continuing to perform, for a reasonable period (as\n\n\n\n\n\n determined by the publishers) of up to six (6) months following the termination date, any or all of the services then being performed by healthgate."", 'developing, together with the publishers, a plan for the orderly transition of services (""transition plan"") then being performed by healthgate from healthgate to the publishers or such successor provider of services.', ""healthgate will liaise with the publishers, making available for such purposes such healthgate liaison staff as the publishers may reasonably require, and acting in all good faith, to ensure a mutually satisfactory license to the publishers or, at the publishers' option, to a replacement contractor."", ""on termination of the provision of the services by healthgate to the publishers for whatever reason, healthgate shall at the publishers' option:\n\n (i) grant to the publishers a non-exclusive non-transferable licence to use the proprietary software for the purposes of using, developing, enhancing and maintaining the site and carrying out any or all of the activities previously carried out by healthgate or on its behalf under this agreement\n\n (ii) exercise best endeavours to grant to the publishers a non-exclusive non-transferable licence to use the third party software for the site when and to the extent requested by the publishers."", 'the period of liaison will commence as soon as notice has been given of termination of this agreement, and will continue for a maximum period of 3 months after termination;', ""healthgate agrees that at the time of termination of this agreement, it will render all assistance, provide all documentation and undertake all actions to the extent necessary to effect an orderly assumption of the services by the publishers or, at the publishers' option, by a replacement contractor;"", 'if healthgate is then using any equipment leased or owned by the publishers to provide services to any third party, healthgate may continue to use that equipment for that purpose until such time as healthgate can reasonably transition to other equipment.']",Post-Termination Services,Post-Termination Services,Post-Termination Services,Post-Termination Services,Agreement,0.6803,0.6535,455,False
52,"['during the cooperation between the parties, party a agrees not to enter into any form of cooperation with qihoo 360, unless partya needs such cooperation with qihoo 360 for business or technology and party b has provided its prior consent.', 'all act which may damage the right of user of baidu promotion, damage user experience, disturb market cooperation order of the union, adversely affect baidu product and business reputation of baidu, constitute unfair competition against baidu or violate legal right of baidu are forbidden by the union, including but not limited to:<omitted>6. mix of competing business\n\namend the pattern of the union product or competing business to mislead users.']",Non-Compete,Non-Compete,Exclusivity,Exclusivity,SVM,0.2727,0.1811,108,False
53,"[""each party agrees that, during the [***] ([***]) [***] period starting from the effective date, such party will not, directly or indirectly, solicit for employment any employee of the other party or its affiliates or otherwise induce or attempt to induce such employees to terminate their employment with such other party or such other party's affiliates; provided, however, that general public solicitations and advertisements not directed at employees of the other party, and the extension of offers to persons who respond to such general solicitations and advertisements, will not be deemed violations of this provision.""]",No-Solicit Of Employees,No-Solicit Of Employees,No-Solicit Of Employees,No-Solicit Of Employees,Agreement,0.3612,0.3157,95,False
54,['all products supplied by qualigen to sekisui shall have on the date of shipment by qualigen a shelf life of not less than a minimum three (3) month shelf life for products shipped within the united states and not less than a minimum four (4) month shelf life for products shipped outside the united states (or such longer shelf-life as may be mutually agreed by qualigen and a sekisui customer with respect to a specific customer order).'],Minimum Commitment,Minimum Commitment,Minimum Commitment,Minimum Commitment,Agreement,0.3652,0.2227,77,False
55,"[""for the term of this agreement, company grants distributor a limited, revocable, non-transferable, non-exclusive license under company's copyrights to use the company products at distributor's facilities in the territory solely for marketing and support purposes directly related to the performance of its duties under this agreement.""]",License Grant,License Grant,Non-Transferable License,Non-Transferable License,SVM,0.3512,0.0822,46,False
56,['university will provide artara and cro the opportunity to examine the originals of medical records and supporting records for the program data at the university during normal business hours and at mutually agreeable times.'],Audit Rights,Audit Rights,Audit Rights,Audit Rights,DistilBERT,0.8279,0.8144,34,False
57,"['if you propose to offer for sale at the franchised restaurant any brand of product, or to use in the operation of the franchised restaurant any brand of food ingredient or other material or supply which is not then approved by us as meeting its minimum specifications and quality standards, or to purchase any product from a supplier that is not then designated by us as an approved supplier, you must first notify us and shall upon our request submit samples and such other information as we require for examination and/or testing or to otherwise determine whether such product, material or supply, or such proposed supplier meets its specifications and quality standards.', 'you receive a designated area within which we and our affiliates shall not operate or grant to anyone else a franchise to operate a buffalo wild wings or bw-3 restaurant so long as this agreement is in force and effect.']",Exclusivity,Exclusivity,Warranty Duration,Warranty Duration,SVM,0.1771,0.0646,152,False
58,"['you (on behalf of yourself and your parent, subsidiaries and affiliates and their respective past and present members, officers, directors, members, managers, shareholders, agents and employees, in their corporate and individual capacities) and all guarantors of your obligations under this agreement (collectively, ""releasors"") freely and without any influence forever release and covenant not to sue us, our parent, subsidiaries and affiliates and their respective past and present officers, directors, shareholders, agents and employees, in their corporate and individual capacities (collectively ""releasees""), with respect to any and all claims, demands, liabilities and causes of action of whatever kind or nature, whether known or unknown, vested or contingent, suspected or unsuspected (collectively, ""claims""), which any releasor now owns or holds or may at any time have owned or held, including, without limitation, claims arising under federal, state and local laws, rules and ordinances and claims arising out of, or relating to this agreement and all other agreements between any releasor and any releasee, the sale of any franchise to any releasor, the development and operation of the goosehead businesses and the development and operation of all other businesses operated by any releasor that are franchised by any releasee.', 'neither you nor any of your owners, principals, or other persons acting on your behalf will directly or indirectly contest the validity or our ownership of the proprietary marks, nor will you, directly or indirectly, seek to register the proprietary marks with any government agency (unless we have given you our express prior written consent to do so).', 'if any one or more of the following events occur, then you will be in default under this agreement, and we will have the right to terminate this agreement and all rights granted under this agreement, without affording you any opportunity to cure the default, effective immediately upon the delivery of our written notice to you (in the manner provided in section 24 below):<omitted>if you make any unauthorized or improper use of the proprietary marks, or if you or any of your principals use the proprietary marks in a manner that we do not permit (whether under this agreement and/or otherwise) or that is inconsistent with our direction, or if you or any of your principals directly or indirectly contest the validity of our ownership of the proprietary marks, our right to use and to license others to use the proprietary marks, or seek to (or actually do) register any of our proprietary marks with any agency (public or private) for any purpose without our prior written consent to do so.']",Covenant Not To Sue,Covenant Not To Sue,Covenant Not To Sue,Covenant Not To Sue,Agreement,0.4162,0.3536,425,False
59,"['cisco warrants that commencing from the date of shipment to customer (but in case of resale by an authorized cisco reseller, commencing not more than ninety (90) days after original shipment by cisco), and continuing for a period of the longer of (a) ninety (90) days or (b) the software warranty period (if any) set forth in the warranty card accompanying the product (if any): (a) the media on which the software is furnished will be free of defects in materials and workmanship under normal use; and (b) the software substantially conforms to its published specifications.']",Warranty Duration,Warranty Duration,Warranty Duration,Warranty Duration,Agreement,0.3421,0.2701,96,False
60,"['notwithstanding any prior termination of the owner or this agreement, the servicer shall not at any time with respect to the owner, acquiesce, petition or otherwise invoke or cause the owner to invoke the process of any court or governmental authority for the purpose of commencing or sustaining a case against the owner under any federal or state bankruptcy, insolvency or similar law or appointing a receiver, conservator, liquidator, assignee, trustee, custodian, sequestrator or other similar official of the owner or any substantial part of its property, or ordering the winding up or liquidation of the affairs of the owner.']",Covenant Not To Sue,Anti-Assignment,Covenant Not To Sue,Covenant Not To Sue,SVM,0.1974,0.004,100,False
61,"[""to the extent that efs is deemed to obtain any interest or ownership rights in the client property, efs hereby assigns, transfers and conveys to client, to the maximum extent permitted by applicable law, all of efs' right, title and interest therein used or created by efs under or in connection with this agreement so that client will be the sole owner of all rights therein and further agrees to cooperate with client during and after the term to effect and perfect all assignments."", ""to the extent that client is deemed to obtain any interest or ownership rights in the efs property, client hereby assigns, transfers and conveys to efs, to the maximum extent permitted by applicable law, all of client's right, title and interest therein used by client under or in connection with this agreement so that efs will be the sole owner of all rights therein and further agrees to cooperate with efs during and after the term to effect and perfect all assignments."", 'client shall own all content produced pursuant to section 1.1(f) (whether or not actually used), and efs hereby assigns to client all right, title and interest, including all rights in copyright, in and to the photographs and materials, and agrees to cooperate with all reasonable requests by client, and take all reasonable actions, to effect or perfect such assignment.', 'efs hereby irrevocably assigns, and client hereby accepts, all right, title and interest in and to each and every authorized modification, and efs agrees to cooperate with all reasonable requests by client to effect or perfect such assignment.', 'in the event that efs creates any modifications, alterations or other derivative works of any playboy content (""derivative works""), efs hereby irrevocably assigns to client all right, title and interest in and to all of those derivative works, including the copyrights and other proprietary rights therein.']",Ip Ownership Assignment,Ip Ownership Assignment,Ip Ownership Assignment,Ip Ownership Assignment,Agreement,0.6136,0.5716,309,False
62,"[""except for liability arising from breaches of a party's confidentiality obligations contained in the non-disclosure clause in section 12.17 of the china jv operating agreement, breaches of license grants contained herein, and except for amounts payable to third parties to fulfill indemnity obligations described in article 8, (a) in no event shall any party have any liability to the others, or to any party claiming through or under the other, for any lost profits, any indirect, incidental, special or consequential damages of any kind in any way arising out of or related to this agreement, however caused and under any theory of liability, even if such party has been advised of the possibility of such damages; and (b) in no event shall a party's cumulative liability arising out of this agreement exceed the amounts actually paid, payable, received or receivable by such party for the products concerned therewith hereunder pursuant to this agreement during the twelve (12) months prior to the occurrence of the initial event for which a party recovers damages hereunder."", 'these limitations shall apply notwithstanding any failure of essential purpose of any remedy.', 'without limiting the remedies specified in article 8 and section 9.2, this section 6.1 states the exclusive remedy of the company for failure of a product to conform to the warranty provisions set forth in this section 6.1.']",Cap On Liability,Cap On Liability,Cap On Liability,Cap On Liability,Agreement,0.6692,0.4682,224,False
63,"['in the event this agreement is terminated pursuant to the provisions of paragraph 19.2, then the party whose control has changed shall not enter into an agreement with any other party to provide services similar to those provided herein or to provide its services similar to those provided for herein without an agreement, for a period of twelve (12) months from the effective date of termination.', 'in the event this agreement is terminated pursuant to the provisions of paragraph 17, then the party in default shall not enter into an agreement with any other party to provide services similar to those provided herein or to provide its services similar to those provided for herein without an agreement, for a period of six (6) months from the effective date of termination.']",Non-Compete,Post-Termination Services,Post-Termination Services,Post-Termination Services,Agreement,0.3447,0.1992,130,False
64,"['no party may assign any of its rights, obligations or privileges (except by operation of law or other corporate reorganization) hereunder without the prior written consent of the other party, which shall not be unreasonable withheld, provided, that any party shall have the right to assign its rights, obligations and privileges hereunder to a successor in business or an acquirer of all or substantially all of its business or assets to which this agreement pertains without obtaining the consent of the other party.']",Anti-Assignment,Anti-Assignment,Anti-Assignment,Anti-Assignment,DistilBERT,0.9317,0.9197,83,False
65,"['copyright materials that are jointly created by the parties shall be jointly owned.', 'all rights to agreement inventions, patentable or non-patentable, made jointly by employees of ibio and employees of cc-pharming (""joint inventions"") will belong jointly to ibio and cc-pharming, with inventorship determined as described in 35 u.s.c. § 262 and (chin patent law).']",Joint Ip Ownership,Ip Ownership Assignment,Joint Ip Ownership,Joint Ip Ownership,SVM,0.3329,0.2333,54,False
66,"[""medica shall at vapotherm's request give vapotherm and any designee of vapotherm reasonable access to medica's facilities, procedures, and books and records, including medica's protocols, standard operating procedures (sops), equipment specifications, and manufacturing records, for purposes of (1) observing manufacturing, operations and (2) auditing and inspecting medica's facilities for compliance with applicable laws and the terms of this agreement.""]",Audit Rights,Audit Rights,Audit Rights,Audit Rights,DistilBERT,0.8593,0.8489,59,False
67,"['notwithstanding anything to the contrary in this agreement and in furtherance of continuing qualification under the qfcp-rc tariff, in the event of the early termination of this agreement pursuant to article 4 hereof, be and operator agree to use commercially reasonable efforts to cooperate with owner to facilitate owner<omitted>entering into a new agreement with a third party operator governing operation and maintenance services to be provided to owner on terms substantially similar to the terms of this agreement, so that such replacement operator shall be deemed a qfcp.', ""throughout the term, and thereafter to the extent relevant to calculations necessary for periods prior to the end of the term and subject to any confidentiality obligation owed to any third party and/or any restrictions on the disclosure of information which may be subject to intellectual property rights restricting disclosure:\n\n(a) owner shall grant operator access to all data relating to the electricity production of each bloom system, it being understood that it is operator's responsibility to determine the performance of the bloom system, and any other calculations as required under this agreement, and that it is owner's responsibility to handle all accounting and invoicing activities; and\n\n(b) owner shall allow operator access to all data from all facility meters.""]",Post-Termination Services,Post-Termination Services,Post-Termination Services,Post-Termination Services,Agreement,0.3705,0.3048,206,False
68,['iso agrees to never contest the ownership of these marks and visa and/or mastercard may at any time immediately and without advance notice prohibit iso from using their respective marks.'],Covenant Not To Sue,Covenant Not To Sue,Covenant Not To Sue,Covenant Not To Sue,Agreement,0.3729,0.2787,30,False
69,"['ami/mea agreement"" shall mean that certain amended and restated area of mutual interest and midstream exclusivity agreement dated april 14, 2015 among penntex north louisiana, llc, customer, penntex nla holdings, llc and mrd whr la midstream llc, as such agreement may be amended, supplemented or otherwise modified from time to time.<omitted>during the term, subject to the terms of the ami/mea agreement, customer dedicates and commits to this agreement, and shall deliver or cause to be delivered to the transportation system for transportation hereunder, all of customer\'s owned or controlled residue gas delivered from any of the plants.']",Exclusivity,Post-Termination Services,Exclusivity,Exclusivity,SVM,0.1868,0.1001,97,False
70,"['except with regard to the foregoing joint inventions or methods, each party hereby assigns to the other, by way of present and future assignment, all of the right, title and interest (including all intellectual property rights therein) that it has or may have in any such invention that is jointly derived and that is subject to ownership by the other party.', 'any invention that is neither pcomed technology nor integra technology but that is derived during the term jointly by the parties relating to this agreement shall be the property of (i) pcomed if it relates primarily to the pcomed technology and (ii) integra if it relates primarily to the integra products; provided that the parties may agree that an invention that is derived during the term jointly may become the property of both parties, including inventions or methods related to the surface preparation of integra products']",Ip Ownership Assignment,Ip Ownership Assignment,Joint Ip Ownership,Joint Ip Ownership,SVM,0.5825,0.5318,147,False
71,"['notwithstanding the foregoing, in the event sutro undergoes a change of control or sutro permits any third party to acquire extract directly from an alternate supplier established under the transfer addendum, then sutrovax shall thereafter have the right to establish a supply agreement with and obtain supply of extract directly from such alternate supplier.']",Change Of Control,Rofr/Rofo/Rofn,Change Of Control,Change Of Control,SVM,0.1302,0.0147,54,False
72,"[""to avoid any possibility of confusion of the public, trademark infringement or interference with the rights of the company, the professional agrees not to endorse, license or otherwise authorize the use of her name, likeness or image in connection with another company's golf clubs or golf-related clothing or equipment during the term and for a period of two (2) years thereafter."", 'the professional agrees (i) to use no golf bag bearing any identification of a competitor of the company and (ii) to wear no apparel bearing any identification of a competitor of the company, and will prohibit any caddy of hers from bearing any such identification.', 'the professional agrees to divest herself of any management or control interest that she currently has in any entity that is a competitor of\n\n\n\n\n\nthe company, and not to acquire any such interest during the term.']",Non-Compete,Exclusivity,Non-Compete,Non-Compete,SVM,0.1525,0.0142,141,False
73,"['following the initial term, vericel may, without penalty or prejudice to any other rights or remedies vericel may have, in its sole discretion terminate or reduce the scope of any individual activities contemplated by this agreement or any additional service or with respect to any product or terminate this agreement as a whole with or without cause, upon [***] prior written notice of such termination or reduction (which such written notice may be provided during the initial term).']",Termination For Convenience,Termination For Convenience,Termination For Convenience,Termination For Convenience,DistilBERT,0.7399,0.6745,78,False
74,"['where appropriate and to the extent required, each party undertakes to grant a royalty free license to the other party solely for the design and development of product(s) under this agreement.']",License Grant,License Grant,License Grant,License Grant,Agreement,0.3787,0.2556,31,False
75,"['exact shall use commercially reasonable efforts to provide six (6) month notice prior to the expiry of the term, or in the case of termination by pfizer under section 8.4, within the applicable notice period in advance of the effective date of such termination, that exact intends for pfizer to continue providing advertising services for the product pursuant to section 3.2(d).', 'after the expiration of the term or termination pursuant to section 8.4 by either party or section 8.6 by exact, based on cumulative incremental laboratory services revenue achieved during the term or up to the termination date, exact agrees to pay pfizer the applicable royalty payment set forth below for twelve (12) consecutive calendar quarters following the expiration of the term (the ""tail period""); provided, however, the tail period shall be reduced to the number of full calendar quarters completed during the term if less than twelve (12) calendar quarters if either party terminates the agreement without cause pursuant to section 8.4 or exact terminates as a result of a change of control pursuant to section 8.6.']",Post-Termination Services,Post-Termination Services,Post-Termination Services,Post-Termination Services,Agreement,0.4925,0.4347,178,False
76,"['power2ship will pay wli 10% of any activation commissions (""unit commissions""), if any, it receives as a result of any unit activated on a specific wireless network.']",Revenue/Profit Sharing,Revenue/Profit Sharing,Revenue/Profit Sharing,Revenue/Profit Sharing,Agreement,0.5651,0.446,27,False
77,"[""such prices and volume discount prices shall only be subject to increase once per year on each anniversary date of this agreement, provided (i) company provides distributor with at least ninety (90) days prior written notice of any such increase, and (ii) such increase does not exceed 5% of the preceding year's prices, except for reasons of force majeure, (chapter 10), and volume discount prices nor the lowest price charged to others for the same product."", ""subject to company's right to increase the price only once per year per the terms and restrictions contained in the agreement, and company's right to decrease the price at any time upon notice, the products shall be sold by company to distributor at the following prices and volume discount prices.""]",Price Restrictions,Minimum Commitment,Most Favored Nation,Most Favored Nation,SVM,0.3407,0.2435,126,False
78,"[""distributor agrees not to represent or sell other products which are deemed to be competitive with the company's products unless agreed to by the company by written notice.""]",Non-Compete,Non-Compete,Non-Compete,Non-Compete,Agreement,0.3689,0.2754,28,False
79,"[""in addition, co-host agrees to allow nai's independent auditors to audit and analyze appropriate accounting records of co-host from time to time (but not more than one every six (6) months) to ensure compliance with all terms of this agreement."", 'the cost of such an audit will be borne by nai unless a material discrepancy indicating inadequate record keeping or that additional fees due to nai are discovered, in which case the cost of the audit shall be borne by co-host.', ""audits and inspections shall not interfere unreasonably with co-host's business activities.]""]",Audit Rights,Audit Rights,Audit Rights,Audit Rights,DistilBERT,0.8595,0.8478,92,False
80,"[""except in the event of termination for customer's breach, egain shall provide customer with an electronic copy of the final reports (covering the month just prior to termination of this agreement).""]",Post-Termination Services,Post-Termination Services,Post-Termination Services,Post-Termination Services,Agreement,0.4857,0.3502,31,False
81,"['all applicable rights to copyrights, patents, trademarks, trade names, logos and identifying slogans and other intellectual property rights in the products are the exclusive property of wli and power2ship shall not contest such ownership.', 'power2ship shall not contest the right of wli and its affiliates to the use of any trademarks, service marks, commercial symbols or trade names used or claimed by wli.']",Covenant Not To Sue,Covenant Not To Sue,Covenant Not To Sue,Covenant Not To Sue,Agreement,0.5108,0.4683,63,False
82,"['ontochem hereby grants to anixa a non-exclusive, fully paid-up, royalty-free, perpetual, irrevocable, transferable, worldwide license (with the right to grant and authorize sublicenses through multiple tiers) under any patents which ontochem or any of its affiliates own or control during the term of this agreement, to make, have made, use, sell, offer for sale and import the lead scaffold(s) and products that incorporate compounds from the lead scaffold(s).']",Irrevocable Or Perpetual License,License Grant,License Grant,License Grant,Agreement,0.3403,0.1479,68,False
83,"['for each lead scaffold, if (a) neither anixa nor any of its affiliates, licensees or assignees has dosed the first patient in a human clinical trial for a product incorporating a compound from such lead scaffold by the fifth (5th) anniversary of the date of the selection notice, or (b) anixa earlier provides written notice of termination of such lead scaffold referencing this section 4.3, then such lead scaffold (each, a ""terminated scaffold"") will thereupon cease to be a lead scaffold under this agreement and thereafter, notwithstanding anything to the contrary in this agreement: (i) anixa will promptly assign to ontochem all right, title and interest in and to any patents and patent applications owned by anixa that claim such terminated scaffold (including the composition, use or manufacture thereof) and, following such assignment, ontochem will exclusively control the filing, prosecution, maintenance and enforcement of such patents and patent applications; (ii) the identity, structure and sar information of such terminated scaffold will be deemed to be the confidential information of ontochem; (iii) anixa will not owe any further annual fees under section 3.2 for such terminated scaffold; and (iv) this agreement will otherwise remain in full force and effect.', 'each party will assign, and does hereby assign, to the other party rights with respect to the applicable inventions as necessary to achieve ownership as provided in sections 6.2 and 6.3.', 'ontochem will own, and anixa hereby assigns to ontochem, all right, title and interest in and to all inventions directed to (a) any methods of generating or screening compound libraries and (b) the rejected hit compounds (including the composition, use or manufacture thereof), in the case of this clause (b), effective as of the selection deadline (collectively (clauses (a) and (b)), ""ontochem inventions"").', 'anixa will own, and ontochem hereby assigns to anixa, all right, title and interest in and to all inventions other than ontochem inventions, including, for clarity, inventions directed to the lead scaffold(s) (including the composition, use or manufacture thereof) (collectively, ""anixa inventions"").']",Ip Ownership Assignment,Post-Termination Services,Ip Ownership Assignment,Ip Ownership Assignment,SVM,0.5095,0.3735,334,False
84,"['you will take such action as may be necessary to cancel or assign to us or our designee, at our option, any assumed name rights or equivalent registration filed with state, city, or county authorities which contains the name ""buffalo wild wings,"" ""bw-3"" or any mark, and you will furnish us with evidence satisfactory to us of compliance with this obligation within thirty (30) days after termination or expiration of this agreement.', 'all modifications and enhancements made to the approved information system shall be our property (or the appropriate vendor if we so designate), without regard to the source of the modification or enhancement. you agree to execute any documents, in the form provided by us, that we determine are necessary to reflect such ownership.', 'any developments and improvements by you relating to the marks or the system shall be our sole property.']",Ip Ownership Assignment,Ip Ownership Assignment,Post-Termination Services,Post-Termination Services,SVM,0.3943,0.1836,143,False
85,"['for the initial term of this agreement, ivillage agrees that ford shall be the exclusive automobile manufacturer sponsor and advertiser throughout the network, with respect to entities whose primary business is that of an automotive manufacturer and/or retailer.']",Exclusivity,Exclusivity,Exclusivity,Exclusivity,Agreement,0.3771,0.2819,38,False
86,"['company will carry a reasonable amount of product liability insurance through a reasonably acceptable products liability insurance company and will name the distributor as an additional insured under that policy. company will make reasonable efforts to procure a policy, which is non-cancelable, except upon thirty (30) days, advance notice to the distributor.']",Insurance,Insurance,Insurance,Insurance,DistilBERT,0.8692,0.8595,52,False
87,"['except under section 11(a), in no event will either party be liable to the other for any special, incidental or consequential damages, whether based on breach of contract, tort (including negligence) or otherwise, whether or not that party has been advised of the possibility of such damage. the liability of excite for damages or alleged damages hereunder, whether in contract, tort or any other legal theory, is limited to, and will not exceed, the total amounts previously paid or to be paid by netgrocer to excite hereunder [*]']",Uncapped Liability,Cap On Liability,Cap On Liability,Cap On Liability,Agreement,0.6816,0.4904,88,False
88,"[""eton has the right to terminate this agreement after approval of the dossier or marketing application for the product (or added new product), at its sole discretion, upon providing one hundred eighty (180) days' written notice to aucta.""]",Termination For Convenience,Termination For Convenience,Termination For Convenience,Termination For Convenience,DistilBERT,0.8367,0.8065,38,False
89,['client has the unilateral right to cancel this agreement at any time within a 7-day notice period.'],Termination For Convenience,Termination For Convenience,Termination For Convenience,Termination For Convenience,Agreement,0.7928,0.7564,17,True
90,"['if the client, in its reasonable discretion, consents, the client is hereby granted an exclusive, worldwide, royalty-free, perpetual, irrevocable license to use, distribute, modify, publish, and otherwise exploit the incorporated items in connection with the work product developed for the client.']",Irrevocable Or Perpetual License,License Grant,License Grant,License Grant,Agreement,0.3464,0.1943,41,False
91,"['the fund hereby appoints [●], and [●] hereby accepts such appointment, as the exclusive remarketing agent of the vrrm-mfp shares for the variable rate remarketed mode for the purpose of establishing on each business day the dividend rate in respect of the vrrm-mfp shares and, in connection with a tender, remarketing such vrrm-mfp shares on behalf of the beneficial owners or holders thereof, as applicable, and calculating the purchase price therefor, among other things; and performing such other duties as are assigned to the remarketing agent in the supplement, all pursuant to the procedures set forth in the supplement and this agreement.']",Exclusivity,Exclusivity,Exclusivity,Exclusivity,Agreement,0.2463,0.1601,102,False
92,['neither party shall assign any rights or obligations provided herein without the prior written consent of the other party.'],Anti-Assignment,Anti-Assignment,Anti-Assignment,Anti-Assignment,DistilBERT,0.9329,0.9238,19,True
93,"['efs agrees that it shall approach licensees regarding any planned efs produced merchandise and give such licensees a seven (7) day right of first refusal with respect to the design and manufacture thereof, whereby efs may set forth commercially reasonable requirements with respect to pricing, delivery and product specifications.', 'if efs desires to use any other domain names or internet locators/designators in connection with the websites, micro sites or otherwise utilizing playboy- or playboy-related marks, efs shall so notify client, which may at its sole discretion, choose to register the same at its expense.']",Rofr/Rofo/Rofn,Rofr/Rofo/Rofn,Rofr/Rofo/Rofn,Rofr/Rofo/Rofn,Agreement,0.147,0.024,94,False
94,"[""during the term of this agreement and for a period of two years after the expiration date of this agreement, hdi shall not participate in any project similar to the site on the internet from which products substantially similar to deerskin products (including, without limitation, the products of wilson's house of leather, excelled and and companies similar to wilson's house of leather and excelled) are offered for sale to consumers on the internet."", ""except as provided in section 6.2, during the term of this agreement, the company shall not participate in any project similar to the site on the internet with respect to deerskin products or products substantially similar to deerskin products (including, without limitation, the products of wilson's house of leather, excelled and companies similar to wilson's house of leather and excelled)""]",Non-Compete,Non-Compete,Non-Compete,Non-Compete,Agreement,0.3412,0.2207,133,False
95,"['if the domain name is deemed a combination mark, neither party shall use the domain name for any purpose except as expressly provided herein or attempt to register the domain name, and the parties will jointly cooperate on any enforcement action of infringement of the domain name.']",Joint Ip Ownership,Covenant Not To Sue,Joint Ip Ownership,Joint Ip Ownership,SVM,0.2658,0.1912,47,False
96,"['if king is interested in obtaining the metformin product rights, it shall so notify depomed in writing prior to the expiration of the evaluation period, and upon depomed\'s receipt of such notice king and depomed shall promptly commence good-faith negotiations, for a period of 30 days and such longer period as may be mutually agreed upon by the parties in writing in the event the parties have made material progress in the negotiations (the ""negotiation period""), regarding the commercially reasonable terms of an agreement pursuant to which king shall obtain the metformin product rights.', ""if depomed and king fail to enter into such a definitive agreement during such period, then depomed shall thereafter have the right to negotiate and enter into one or more agreements with third parties related to depomed's proprietary drug delivery technology in combination with both metformin hydrochloride and other active pharmaceutical ingredients; provided that, for a period of 6 months, any such agreement may not be on terms and conditions materially more favorable to the third party than the terms and conditions last offered by king prior to the termination of discussions with depomed."", 'if king notifies depomed in writing within 180 days after the effective date that king desires to exercise its option to obtain a combination product license, king and depomed shall promptly commence good-faith negotiations regarding a definitive agreement providing for the combination product license, for a period of 60 days or such longer period as may be mutually agreed upon by the parties in writing; and it is agreed that, as part of such good faith negotiations, the parties will discuss, for inclusion in any definitive agreement, appropriate non-compete obligations for each party with respect to any product containing metformin hydrochloride as an active pharmaceutical ingredient.', 'depomed agrees to grant and hereby grants to king an exclusive option (exercisable at king\'s sole discretion by providing written notice of intent at any time, but in no event later than 180 days after the effective date) to obtain an exclusive license in the territory to certain of depomed\'s proprietary drug delivery technology in combination with both metformin hydrochloride and any other active pharmaceutical ingredients (a ""combination product license"").', 'depomed shall notify king in writing in the event that depomed desires to divest itself of its rights to the product in the territory (e.g., by asset sale or product license to a third party), or of its rights in the territory to a product owned or controlled by depomed containing metformin and another active pharmaceutical ingredient in combination with depomed\'s proprietary drug delivery technology incorporated within the product (currently referred to as the acuform technology) (a ""combination product"").', 'if depomed and king fail to enter into an agreement for the metformin product rights prior to the expiration of the negotiation period, then depomed shall thereafter have the right to negotiate and enter into an agreement with a third party granting the metformin product rights to a third party; provided that, for a period of 6 months, any such agreement may not be on terms and conditions materially more favorable to the third party than the terms and conditions last offered by king prior to the termination of discussions with depomed.']",Rofr/Rofo/Rofn,Rofr/Rofo/Rofn,Rofr/Rofo/Rofn,Rofr/Rofo/Rofn,Agreement,0.2113,0.0864,535,False
97,"['hould licensee agree to be the vendor for an additional title, licensor and licensee will negotiate in good faith to mutually agree upon the pricing and terms for each additional title in an amendment to this agreement.', 'if, during the term, licensor develops or obtains the rights to license any live action or animated feature-length motion picture (each an ""additional title""), licensor shall give licensee the first right of negotiation for each additional title (i.e., the preferred vendor).']",Rofr/Rofo/Rofn,Rofr/Rofo/Rofn,Rofr/Rofo/Rofn,Rofr/Rofo/Rofn,Agreement,0.2121,0.0807,78,False
98,"['this agreement does not and is not intended to confer any rights upon any person other than the parties, except that it is expressly agreed that team and scsa are intended third party beneficiaries of section 8.']",Third Party Beneficiary,Anti-Assignment,Third Party Beneficiary,Third Party Beneficiary,SVM,0.1539,0.0479,37,False
99,"[""hci agrees:\n\n (i) that mlx is the owner of the mlx marks and the goodwill and reputation associated therewith;\n\n (ii) not to contest the validity of the mlx marks or mlx's title thereto;"", ""without limiting the generality of the foregoing, mlx agrees:<omitted>not to contest the validity of the hci marks or hci's title thereto;""]",Covenant Not To Sue,Covenant Not To Sue,Covenant Not To Sue,Covenant Not To Sue,Agreement,0.5057,0.4689,54,False
100,"['from time to time, each party shall have the right to have its own internal or external auditors review the books and records of the joint venture.']",Audit Rights,Audit Rights,Audit Rights,Audit Rights,DistilBERT,0.7943,0.775,27,False
101,"[""except for liability arising from breaches of a party's confidentiality obligations contained in the non-disclosure clause in section 12.17 of the china jv operating agreement, breaches of license grants contained herein, and except for amounts payable to third parties to fulfill indemnity obligations described in article 8, (a) in no event shall any party have any liability to the others, or to any party claiming through or under the other, for any lost profits, any indirect, incidental, special or consequential damages of any kind in any way arising out of or related to this agreement, however caused and under any theory of liability, even if such party has been advised of the possibility of such damages; and (b) in no event shall a party's cumulative liability arising out of this agreement exceed the amounts actually paid, payable, received or receivable by such party for the products concerned therewith hereunder pursuant to this agreement during the twelve (12) months prior to the occurrence of the initial event for which a party recovers damages hereunder.""]",Uncapped Liability,Cap On Liability,Cap On Liability,Cap On Liability,Agreement,0.6704,0.4714,173,False
102,"[""for two (2) years following the effective time, qiwi covenants that at least one half of the total transactions processed by the contact money transfer system during such two-year period shall be settled through pjsc khanty-mansiysk bank otkritie, provided that qiwi may terminate its obligation under this clause 4.1 at any time, in which case it shall pay to otkritie a fee equal to the demonstrated costs incurred by otkritie for such period starting from 1 september 2014, until the date of termination of qiwi's obligations under this clause 4.1 in connection with (i) the transfer of settlement bank function to pjsc khanty-mansiysk bank otkritie ; and (ii) supporting the settlement bank functionality for the contact money transfer system, provided further that such fee shall in no event exceed rub 50 000 000 (fifty million roubles).""]",Post-Termination Services,Minimum Commitment,Minimum Commitment,Minimum Commitment,Agreement,0.2026,0.0252,136,False
103,"[""upon manufacturer's request, subcontractor will facilitate such manufacturer's products being repaired or replaced, manufacturer must return the manufacturer's products to subcontractor, transportation charges prepaid by manufacturer, within fifteen (15) days of the end of such thirty (30) date notice period.""]",Warranty Duration,Post-Termination Services,Warranty Duration,Warranty Duration,SVM,0.1633,0.0086,40,False
104,"['except as provided in the preceding sentence, this agreement may not be assigned by primecall without the prior written consent of deltathree.', 'this agreement may not be assigned by deltathree without the prior written consent of primecall.']",Anti-Assignment,Anti-Assignment,Anti-Assignment,Anti-Assignment,DistilBERT,0.9326,0.9236,37,False
105,"['hps will pay to shps all care management revenues collected from such new client, and shps will pay a commission to hps equal to five percent (5%) of such amount received by shps from hps pursuant to this section 2.4.', 'for each month during the term of this agreement, hps will pay to shps an amount equal to (i) eighty-two and one-half percent (82.5%) of the first $500,000 of care management revenues (as defined below) during such month plus (ii) eighty percent (80%) of care management revenues during such month in excess of $500,000.']",Revenue/Profit Sharing,Revenue/Profit Sharing,Revenue/Profit Sharing,Revenue/Profit Sharing,Agreement,0.6673,0.5971,94,False
106,"[""further, subject to and without limiting the indemnification obligations of each party with respect to third party actions under sections 12.1 and 12.2, and except with respect to liability arising from breach of section 9.1 by a party or arising from the gross negligence or willful misconduct of a party, each party's aggregate liability to the other party for all cases and controversies arising out of the subject matter of this agreement, regardless of the cause of action and whether brought in contract, tort (including negligence), strict liability or otherwise, will be limited to $[***]."", 'subject to and without limiting the indemnification obligations of each party with respect to third party actions under sections 12.1 and 12.2, and except with respect to liability arising from breach of section 9.1 by a party, no party or any of its affiliates will be liable to the other party or its affiliates under any contract, warranty, negligence, tort, strict liability or other legal or equitable theory for any special, indirect, incidental, punitive, multiplied or consequential damages, or other damages for loss of profit, sales or fees, arising out of or in connection with this agreement or its subject matter']",Cap On Liability,Cap On Liability,Uncapped Liability,Uncapped Liability,SVM,0.6628,0.4602,196,False
107,"['notwithstanding the foregoing, it is understood that signage, letterhead, invoices, business cards, promotional materials and similar items may reference the parent name or parent mark ""meadwestvaco"" and ""mwv"" in the same manner as used by spinco prior to the effective time, during a twelve-month phase out period as spinco replaces such parent name and parent mark with the spinco name and spinco mark.', 'subject to the terms and conditions of this agreement, spinco hereby grants to each individual member of the parent group, on behalf of itself and the other members of the spinco group, and shall cause the other members of the spinco group to grant to each individual member of the parent group, a non-exclusive, worldwide, perpetual, irrevocable, fully paid-up, royalty-free right and license, for use in the parent field, to (i) use, reproduce, distribute, display, perform, make improvements and exploit the licensed spinco ip, and (ii) make, have made, use, sell, offer to sell and import any goods and services incorporating, embodying or utilizing the licensed spinco ip.', 'subject to the terms and conditions of this agreement, parent hereby grants to each individual member of the spinco group, on behalf of itself and the other members of the parent group, and shall cause the other members of the parent group to grant to each individual member of the spinco group, a non-exclusive, worldwide, perpetual, irrevocable, fully paid-up, royalty-free right and license, solely for use in the spinco field, to (i)<omitted>use, reproduce, distribute, display, perform, make improvements and exploit intellectual property owned or controlled by parent or a member of the parent group and currently used in the spinco business, and (ii) make, have made, use, sell, offer to sell and import any goods and services incorporating, embodying or utilizing such intellectual property currently used in the spinco business.']",License Grant,License Grant,Affiliate License-Licensee,Affiliate License-Licensee,SVM,0.3714,0.2277,301,False
108,"[""the franchisee will not directly or indirectly, at any time during the term of this agreement or thereafter, do or cause to be done any act or thing disputing, attacking or in any way impairing the validity of and bkc's right, title or interest in the burger king marks and the burger king system.""]",Non-Disparagement,Covenant Not To Sue,Covenant Not To Sue,Covenant Not To Sue,Agreement,0.3835,0.3281,54,False
109,"[""company's obligation for the payment of the net advertising revenue shall survive expiration or termination of this agreement and will continue for as long as company continues to use the content.""]",Post-Termination Services,Post-Termination Services,Post-Termination Services,Post-Termination Services,Agreement,0.5684,0.5231,31,False
110,"['in no event will either party be liable for any incidental, special or consequential damages resulting from the license granted pursuant to this agreement or the use or commercial development of product.']",Cap On Liability,Cap On Liability,Cap On Liability,Cap On Liability,Agreement,0.6915,0.5131,32,False
111,"['in the event of termination, the distributor shall be entitled to receive all orders accepted by the principal prior to the date of termination and may sell the ordered products in the territory.']",Post-Termination Services,Post-Termination Services,Post-Termination Services,Post-Termination Services,Agreement,0.6376,0.5992,33,False
112,"['""exclusivity"" shall mean that franchisor shall not grant any further licenses to third parties in the trademarks for use in connection with smaaash centres in the territory, and the franchisee shall not enter into any arrangement or agreement with any third parties for establishing or operating any gaming and entertainment centres identical or similar to smaaash centres, in the territory except as otherwise provided in this agreement; provided, however, that franchisor may continue to use the trademarks in the territory in connection with the operation of franchisor\'s entertainment centers already']",Competitive Restriction Exception,Exclusivity,Exclusivity,Exclusivity,Agreement,0.2068,0.0824,90,False
113,"['franchisee agrees and grants to pretzel time and its affiliates a perpetual and worldwide right to use and authorize other pretzel time units or other food service businesses operated by pretzel time or its affiliates, franchisees and designees to use such ideas, recipes, formulas, concepts, methods, and techniques relating to the development and/or operation of a dessert or snack food business.']",Irrevocable Or Perpetual License,License Grant,Affiliate License-Licensee,Affiliate License-Licensee,SVM,0.3463,0.2482,61,False
114,['the co-branded urls shall be owned by the party that offers to pay the highest amount to the other for the ownership of such urls upon payment of such amount to the other party'],Ip Ownership Assignment,Revenue/Profit Sharing,Revenue/Profit Sharing,Revenue/Profit Sharing,Agreement,0.1473,0.0605,34,False
115,"['failure to secure such insurance as of the date of execution of this agreement shall constitute a breach of this agreement.', 'supplier shall maintain insurance with an insurance company with an equivalent of an a.m. best rating of ""a"" or better, of the following kinds and in the following amounts during the term of this agreement: 7.5 7.5.1 comprehensive general liability (cgl) insurance with limits of not less than [***] each occurrence and [***] in the aggregate, including contractual, completed-operations and<omitted>product-liability coverage\'s with limits of not less than [***] for each occurrence, covering both bodily injury and property damage liability. 7.5.2 umbrella/excess liability with limits of not less than [***]. 7.5.3 workers\' compensation coverage plus occupational disease insurance if occupational disease coverage is required by the laws of the state where the facility is located or work is to be performed. employers liability $500,000 each accident 7.5.4 auto liability $1,000,000 combined single limit.', ""said certificate of insurance shall require supplier's insurance carrier to give buyer no less than ten (10) days written notice of any cancellation or change in coverage."", ""supplier shall furnish buyer with a certificate from its insurer verifying that it has the above insurance in effect during the duration of this agreement and that insurer acknowledges (a) the contractual liability assumed by supplier in this agreement and (b) that buyer is an additional insured on such policies and (c) supplier's cgl policy is primary and buyer's cgl policy is non-contributory and (d) a waiver of subrogation shall be provided in favor of buyer on the cgl, workers' compensation and auto policies."", 'supplier shall have buyer named as an additional insured on its insurance policies in subparts 7.5.1 and 7.5.2 above.', 'supplier shall provide to pnc a certificate evidencing such insurance within thirty (30) days of a request for same from pnc.']",Insurance,Insurance,Insurance,Insurance,DistilBERT,0.8749,0.8633,304,False
116,"[""iso will, at any and all reasonable times, permit servicers' employees, agents, attorneys, auditors, or bank regulators to inspect iso's place of business to audit its operations for compliance with all rules, laws, regulations, and directives of any governmental regulatory agency or bank card association, all at servicers' expense."", 'iso shall make available (whether through public filings or directly) servicers with annual audited financial statements prepared by an independent auditing firm within 90 days of the end of each fiscal year (and shall make available to servicers quarterly financial statements upon request of servicers).', ""iso will, at any and all reasonable times, permit servicers' employees, agents and/or auditors to inspect iso's books and records at servicers' expense prior request and notice and if for a particular need.""]",Audit Rights,Audit Rights,Audit Rights,Audit Rights,DistilBERT,0.8649,0.8553,127,False
117,"['certificates of insurance evidencing all coverages described in this section shall be furnished to customer upon request.', 'to the extent any insurance coverage required under this section is purchased on a ""claims-made"" basis, such insurance shall cover all prior acts of metavante during the term, and such insurance shall be continuously maintained until at least four (4) years beyond the expiration or termination of the term, or metavante shall purchase ""tail"" coverage, effective upon termination of any such policy or upon termination or expiration of the term, to provide coverage for at least four (4) years from the occurrence of either such event.', ""metavante currently maintains and, if available at a reasonable cost, metavante shall continue to pay for, and maintain in full force and effect during the term insurance as follows:\n\na. workers' compensation and employers' liability insurance with limits to conform with the greater of the amount required by wisconsin applicable state statutory law or one million dollars ($1,000,000) each accident, including occupational disease coverage;\n\nb. commercial general liability insurance with limits not less than three million dollars ($3,000,000) combined single limit for bodily injury, death, and property damage, including personal injury, contractual liability, independent contractors, broad-form property damage, and products and completed operations coverage;\n\nc. commercial automobile liability insurance with limits not less than one million dollars ($1,000,000) each occurrence combined single limit of liability for bodily injury, death, and property damage, including owned and non-owned and hired automobile coverages, as applicable;\n\nd. commercial blanket bond, including electronic & computer crime or unauthorized computer access coverage, in the amount of not less than ten million dollars ($10,000,000); and\n\ne. professional liability insurance (errors and omissions) with limits not less than three million dollars ($3,000,000) annual aggregate for all claims each policy year for computer programming and electronic data processing services.""]",Insurance,Insurance,Insurance,Insurance,DistilBERT,0.8731,0.864,298,False
118,"[""otherwise, neither party may assign this agreement without the other party's prior written consent (not to be unreasonably withheld).""]",Anti-Assignment,Anti-Assignment,Anti-Assignment,Anti-Assignment,DistilBERT,0.9304,0.9194,19,True
119,"['during the term of this agreement and for a period of [***] thereafter, neither party nor its controlled affiliates will, without the prior written consent of the other party, directly or indirectly solicit for employment any then-current employee of the other party or its controlled affiliates; [***].']",No-Solicit Of Employees,No-Solicit Of Employees,No-Solicit Of Employees,No-Solicit Of Employees,Agreement,0.3611,0.3098,47,False
120,"[""each purchaser licensee may grant sublicenses of the licenses granted to it pursuant to section 2.2: (i) to any (for the avoidance of doubt, and without limiting any other provision of this ip agreement, current or future) direct or indirect subsidiary of purchaser (but only for so long as such person remains such a subsidiary); (ii) to any other person in connection with the sale or disposition of substantially all of the assets of a business or product line of any purchaser licensee; (iii) other than with respect to section 2.2(a), for the purpose of any person's (including resellers, distributors, and oems) distribution of products licensed under section 2.2; (iv) other than with respect to section 2.2(a), to any person (including oems, jdms, suppliers, contractors, and subcontractors) solely for the purpose of, and to the extent necessary for, such person to perform any service (including any service with respect to the design, manufacture, import, export, or supply of any product, service, or system in the business or any components thereof) for a purchaser licensee, and not for the direct benefit of such person or any other person, (v) other than with respect to section 2.2(a), to a customer of a purchaser licensee for such customer's use of a product licensed under section 2.2; or (vi) other than with respect to section 2.2(a), with respect to software, to any person for the purpose of such person's development of software that is compatible or interoperates with a product licensed under section 2.2.""]",Affiliate License-Licensee,Exclusivity,No-Solicit Of Employees,No-Solicit Of Employees,SVM,0.1742,0.084,250,False
121,"['minda/mil, since it will have access to the technical know-how which it would not have had otherwise, expressly agree that:\n\n\n\n(a) during the term of the agreement, and thereafter for a period of five (5) years after the termination of the agreement (such termination being termination by impco due to default by minda/mil), mil/minda shall not, directly or indirectly, either alone or collectively or through any of its associates, affiliates, including subsidiaries or any entity owned or controlled by it enter into another joint venture agreement or marketing/distribution agreement with any company or persons in respect 15\n\n\n\n\n\n of the marketing and sale of goods similar to the products in the territory. by using the technical know-how']",Non-Compete,Non-Compete,Non-Compete,Non-Compete,Agreement,0.3179,0.243,115,False
122,"[""throughout the term of this agreement, the parties hereby agree to grant to each other a limited license to use each other's proprietary marks solely in connection with the sale, distribution, marketing and promotion of each party's calling cards by the other party.""]",License Grant,License Grant,License Grant,License Grant,Agreement,0.4586,0.325,43,False
123,"[""neither lbio nor md anderson, nor any of their affiliates, nor any of their respective directors, officers, members or employees, shall have any liability of any type, for any special, punitive, incidental, indirect or consequential damages, including the loss of opportunity, loss of use, or loss of revenue or profit, in connection with or arising out of this agreement or any study order; provided, that, the foregoing disclaimer shall not apply with respect to (1) a party's indemnification obligations, (2) a party's breach of its obligations under this agreement with respect to confidentiality and non-use or intellectual property-related matters or (3) a party's gross negligence or willful misconduct.""]",Cap On Liability,Cap On Liability,Uncapped Liability,Uncapped Liability,SVM,0.6761,0.4895,108,False
124,['nfla agrees not to grant the right to use the nflas identification to anyone other than company in connection with the advertisement and promotion of products.'],Exclusivity,License Grant,Exclusivity,Exclusivity,SVM,0.2445,0.0765,26,False
125,"['after the termination of this agreement, party b shall strictly perform the financial leasing agreement signed with the driver user until the lease expires.']",Post-Termination Services,Post-Termination Services,Post-Termination Services,Post-Termination Services,Agreement,0.6519,0.6136,24,False
126,"['any and all claims and actions arising out of or relating to this agreement, the relationship of you and us, or your operation of the franchised business, brought by any party hereto against the other, shall be commenced within two (2) years from the occurrence of the facts giving rise to such claim or action, or such claim or action shall be barred.']",Cap On Liability,Cap On Liability,Cap On Liability,Cap On Liability,Agreement,0.2345,0.0426,63,False
127,"['no party will make, issue or release any statement which results in any defamation or disparagement of the village, the city of canton, the other party, or any team, person, performer or organization involved in events at the village.', ""each of the hof entities or constellation may terminate this agreement at any time without liability if association with another party could, in such party's reasonable opinion, materially damage its reputation or image or in the event a party breaches section 3.3 hereof, which breach is not cured within sixty (60).""]",Non-Disparagement,Cap On Liability,Non-Disparagement,Non-Disparagement,SVM,0.1105,0.0039,90,False
128,"['except for claims under sections 9.4 [indemnification by impresse] and 9.5 [indemnification by verticalnet]<omitted>hereof, neither party may bring a claim or action regardless of form, arising out of or related to this agreement, including any claim of fraud or misrepresentation, more than two years after the cause of action accrues or becomes known, whichever is later.', 'except in connection with a breach by either party of article 7 or section 8.1.5 [representations and warranties] (v) and the indemnification obligations of impresse under section 9.4(i)(d) [indemnification by impresse] and the indemnification obligations of verticalnet under section 9.5(i)(d) [indemnification by verticalnet], neither party will be liable for any special, indirect, consequential, exemplary or incidental damages arising out of or related to this agreement, however caused and under any theory of liability (including negligence), even if such party has been advised of the possibility of such damages.']",Cap On Liability,Cap On Liability,Uncapped Liability,Uncapped Liability,SVM,0.6631,0.4605,144,False
129,"['this agreement may be terminated by nuance at any time, in its sole discretion, prior to the distribution; provided, however, that this agreement shall automatically terminate upon the termination of the separation agreement in accordance with its terms.']",Termination For Convenience,Termination For Convenience,Termination For Convenience,Termination For Convenience,Agreement,0.5975,0.4623,38,False
130,"[""nothing in this agreement shall in any way restrict any change in shareholding or control of the parties or its affiliates or the repairer's rights to delegate obligations of it hereunder to a subcontractor. provided that, in such case, the repairer will remain responsible for the provision of the services in accordance with the terms of this agreement.\n\nprovided such assignment or transfer, change in shareholding or control has no material adverse effect on any of the company's rights and obligations under this agreement."", 'consequently either this agreement or any of the respective rights or obligations of the parties hereunder may be assigned or otherwise transferred, in whole or in part, in any form whatsoever (including by way of change of control), by either party subject to the prior written consent of the other party, which consent shall not be unreasonably withheld or delayed, and any attempt to do so without such consent shall be null and void.']",Change Of Control,Anti-Assignment,Anti-Assignment,Anti-Assignment,Agreement,0.6964,0.5535,157,False
131,"['the distributor agrees to purchase from lucid minimum agreed quantity of product in the first, second and third years of the agreement, excluding demonstration product.', 'the distributor will employ as a minimum one full-time lucid dedicated product manager sales professional, giving one hundred per cent of their time to the promotion and sale of lucid products.']",Minimum Commitment,Minimum Commitment,Minimum Commitment,Minimum Commitment,Agreement,0.4719,0.3573,56,False
132,"['customer hereby grants to manufacturer a non-exclusive license during the term to use any customer property and customer-owned improvements and developments solely in connection with manufacturer performing its obligations under this agreement or the facility addendum in accordance with the terms hereof or thereof, as applicable', '""customer property"" means all intellectual property, together with all materials, data, writings and other property in any form whatsoever, which is (a) owned or controlled by customer or its affiliates as of and following the effective date and (b) provided to manufacturer by or on behalf of customer or its personnel under this agreement.']",Affiliate License-Licensor,License Grant,License Grant,License Grant,Agreement,0.4602,0.289,100,False
133,"['25% royalty of net tda net sales price.', 'option to convert annual royalties to tda common stock at a $10 of stock for every $1 of royalty converted.\n\n a. tda stock conversion price based on the previous six month average daily price\n\n b. option is limited to 25,000 shares of tda common stock and if the option is exercised, it must be exercised when the agreement is in effect.\n\n c. this one-time option would cease all future royalties.', '33% royalty of net tda net sales price.\n\n a. handheld products 33% or $1 per subscription whichever is greater', '33% royalty of net tda net sales price.', '25,000 restricted common shares of tda,\n\n a. as of the date of this agreement, company has sold stock at $2.50/share.\n\n b. par value is $.0001 per share.', 'option to convert annual royalties to tda common stock at a $10 of stock for every $1 of royalty converted.\n\n a. tda stock conversion price based on the previous six month average daily price\n\n b. option is limited to 50% of tda outstanding stock and if the option is exercised, it must be exercised when the agreement &sbsp; is in effect.']",Revenue/Profit Sharing,Revenue/Profit Sharing,Revenue/Profit Sharing,Revenue/Profit Sharing,Agreement,0.6082,0.5004,193,False
134,"['additionally, upon termination of this contract for any reason, all merchants recruited by affiliate on behalf of network 1 for any product offered through network 1, affiliate shall not approach, rewrite, pursue, or contract with any current client for the purpose of obtaining said client as a new customer for affiliate or any competing entity the affiliate may be in contract with.', ""affiliate shall not, without the express written consent of network 1: i. contact or otherwise deal directly with, visa, mastercard or the member bank; or ii. make any representations with respect to network 1, visa, mastercard or the member bank; or iii. make contact with or contract with any vendor of network 1 or its subsidiaries including other affiliate's, direct sponsored iso/msp's of network 1/member bank, or any merchants currently processing with network 1 or member bank.""]",No-Solicit Of Customers,Non-Compete,Non-Compete,Non-Compete,Agreement,0.2606,0.1832,139,False
135,"['except as otherwise provided in section 5 3 of the development agreement, by the fifteenth (15th) day of each month, the<omitted>franchisee shall deliver to bkc a return of gross sales for the preceding month and pay to bkc or its designee a royalty for the use of the burger king marks an the burger king system calculated by applying the percentage set forth in schedule 1 against the gross sales for the preceding calendar month.']",Revenue/Profit Sharing,Revenue/Profit Sharing,Revenue/Profit Sharing,Revenue/Profit Sharing,Agreement,0.5534,0.398,75,False
136,"[""reseller acknowledges that meeting the quotas is an essential element of this agreement and that this agreement may be terminated by touchstar if, in touchstar's reasonable opinion, reseller will not meet the quotas during the term or any extension thereof.""]",Minimum Commitment,Termination For Convenience,Post-Termination Services,Post-Termination Services,SVM,0.4407,0.3065,40,False
137,"['any and all data, information, and material created, conceived, reduced to practice, or developed by or on behalf of either party, whether alone, in connection with the other party or any third party, including, without limitation, written works, processes, methods, inventions, discoveries, software, works of visual art, audio works, look-and-feel attributes, and multimedia works, based on, using, or derived from, in whole or in part, any ncm property, whether or not done on ncm\'s facilities, with ncm\'s equipment, or by ncm personnel, and any and all right, title, and interest therein and thereto (including, but not limited to, the right to sue for past infringement) (collectively, ""derived works""), shall be owned solely and exclusively by ncm, and network affiliate agrees to and hereby does assign, transfer, and convey to ncm (and will ensure than any third party acting with or on behalf of network affiliate assigns, transfers, and conveys to ncm any and all right, title, or interest in or to any derived work which it may at any time acquire by operation of law or otherwise.']",Joint Ip Ownership,Ip Ownership Assignment,Ip Ownership Assignment,Ip Ownership Assignment,Agreement,0.5573,0.5007,177,False
138,"[""for three (3) years after each calendar quarter during the term of this agreement, co-host will keep, at co-host's office, full and accurate books of account and copies of all documents and other materials for such quarter relating to this agreement and co-host's records, accounts and contracts relating to the distribution of the products.""]",Post-Termination Services,Audit Rights,Audit Rights,Audit Rights,Agreement,0.4061,0.1986,54,False
139,"['the pg shall ensure that the supply contract shall afford them or their designated representatives reasonable rights of access to examine, test, and inspect the apcn 2 cable equipment, material, supplies and installation activities.', 'any party shall have the right to review or audit the relevant books, records, vouchers, and accounts of costs pursuant to this paragraph 9.', 'each party to this agreement, at its own expense, shall have the right to inspect from time to time the operation and maintenance of any portion of the apcn 2 and to obtain copies of the maintenance records.', 'in affording the right to review or audit, any such party whose records are being reviewed or audited shall be permitted to recover, from the party or parties requesting the review or audit, the entire costs reasonably incurred in complying with the review or audit.', 'in the case of an audit initiated by the management committee and exercised by the f&asc, the audited party or parties shall be permitted to recover the entire costs of the review or audit from the parties in the proportions specified in schedule b.', ""any rights of review and audit pursuant to this paragraph 9 shall only be exercisable through the f&asc in accordance with the f&asc's audit procedures."", 'the pg shall ensure that the supply contract shall afford the parties to this agreement the right to review the books, records, vouchers, and accounts required to be kept, maintained, and obtained pursuant to subparagraphs 9.1, 9.2 and 9.3.']",Audit Rights,Audit Rights,Audit Rights,Audit Rights,DistilBERT,0.8646,0.8529,249,False
140,"['subject to requirements of applicable law, fce will provide notice to exxonmobil prior to, or promptly after, it becomes aware of any such change in control, and if prior notice is prohibited by applicable law, as soon as practicable or after such notice is no longer prohibited, but in no event later than one (1) business day after any public announcement with respect to any such asset transfer or change in control.', 'exxonmobil may terminate this agreement upon fifteen (15) days written notice, without penalty, payment or prejudice to claims and obligations then accrued, if fce undergoes a change in control.', 'notwithstanding anything else in this agreement, in the event of termination under this paragraph 12.04 exxonmobil may terminate any licenses granted to fce under this agreement that would otherwise survive termination, taking into account the circumstances surrounding the change in control.']",Change Of Control,Change Of Control,Change Of Control,Change Of Control,Agreement,0.4292,0.1793,142,False
141,"['this agreement, or the rights granted under it, may not be assigned transferred or sublicense by either party without the express prior written consent of the other party.']",Anti-Assignment,Anti-Assignment,Anti-Assignment,Anti-Assignment,DistilBERT,0.9267,0.915,28,False
142,['owner may terminate this agreement at any time upon the occurrence of any of the following:<omitted>(e) without cause on no less than seven (7) days prior written notice.'],Termination For Convenience,Termination For Convenience,Termination For Convenience,Termination For Convenience,DistilBERT,0.836,0.8113,28,False
143,"[""endorser also grants to musclepharm and consents to musclepharm's editorial use world-wide of endorser's name and appearance in musclepharm published materials approved by endorser. for purposes of this agreement, musclepharm's editorial use of endorser's name and appearance shall mean a use that does not directly promote, advertise or endorse musclepharm's business, its products or licensed products. nothing in this section 6(c) shall entitle musclepharm to reduce endorser's compensation pursuant to section 7 and section 8 of this agreement (including, without limitation, with respect to any renewal term, if any)."", ""endorser agrees that during the term musclepharm shall have the right to use, worldwide, endorser's name and appearance rights (as specified in section 6) to advertise musclepharm and its products and licensed products in print media, and in all other forms of media (other than telephone marketing or texting campaigns) including, but not limited to, point of sale material, premiums and novelties, direct marketing material, and radio, television, electronic, and computer media (including but not limited to musclepharm's internet and social media websites). print media will also include promotional items on which endorser's approved picture; approved likeness, or facsimile signature may appear. endorser will have the right to approve, in writing via his representative's office, all advertising materials which utilize endorser's name and appearance rights, but endorser will not unreasonably withhold approval and will promptly respond to all approval requests."", 'during the term, musclepharm shall have the right to create and distribute the promotional products world- wide.', ""musclepharm shall have the rights to use endorser's name and appearance rights and the right to publicize endorser's name and appearance, as provided in this agreement, unless endorser and musclepharm enter into a separate written agreement in which musclepharm waives or releases some or all of the rights endorser has granted in this agreement."", 'endorser also agrees to the use on a world-wide basis (as specified pursuant to section 6 below and subject to the terms and conditions of this agreement), during the term, of his name and appearance rights to advertise and promote the business of musclepharm, its products, and the licensed products.', ""during the term of this agreement, the as parties grant to musclepharm and consent to musclepharm's commercial use of the name and appearance rights to advertise, promote, endorse and publicize products, licensed products, and musclepharm's business, worldwide in any media selected by musclepharm (excluding telephone or texting campaigns), including but not limited to print, radio, television, electronic, wireless or internet, pursuant to the terms and conditions set forth herein. musclepharm acknowledges that any use on products requires approval and that use of the name and appearance rights on products is limited to the licensed products."", ""as provided below, during the term, the as parties grant to musclepharm the right to use the trademarks as defined in this agreement and the name and appearance rights, which shall include endorser's name, approved photograph, approved picture (including, without limitation, any copyrighted pictures and video images of the endorser owned by the endorser which endorser agrees to make available for use hereunder), approved appearance, or approved likeness, including video and other recordings of endorser's appearance, along with the right to use endorser's voice, including audio or other recordings of endorser's voice, endorser's signature, personal or professional background and experience, reputation, approved quotations and approved endorsements, or approved paraphrases of endorser's approved quotations and endorsements, including approved touch-ups, approved simulations or approved compositions of any of the above whether generated by computer or by any other means, for the period of time and for the purposes set forth in this agreement. musclepharm acknowledges that the use of some works may require that musclepharm obtain a copyright license from third parties.""]",License Grant,License Grant,Exclusivity,Exclusivity,SVM,0.2983,0.078,615,False
144,"['notwithstanding the foregoing, if zogenix asks distributor to solely conduct any additional territory-specific development activities which are urgently required by the mhlw for the maa in the territory, distributor shall retain co-ownership with zogenix of any data generated solely by distributor.', 'zogenix and distributor shall each own an undivided right, title, and interest in and to any and all inventions discovered, developed, identified, made, conceived or reduced to practice jointly by or on behalf of zogenix under or in connection with this agreement and by distributor or its affiliates or sub-distributors or its other subcontractors in the territory and under or in connection with this agreement (""joint invention"").', 'in the event that either zogenix or distributor intends to file a patent application containing a joint invention, such party shall promptly notify the other party of such intention and shall provide a draft of any such patent application to such other party [***] before filing such patent application with any patent office and the parties shall negotiate in good faith concerning the terms and conditions of a joint patent agreement.']",Joint Ip Ownership,Ip Ownership Assignment,Rofr/Rofo/Rofn,Rofr/Rofo/Rofn,SVM,0.4229,0.3484,179,False
145,"['failure of distributor to purchase the minimum purchase quantities for any contract year, shall be considered a material breach of this agreement.', ""staar shall have the right to terminate this agreement by giving written notice to distributor, effective immediately on receipt of such notice, (a) if distributor fails to meet the annual minimum volume as set forth in section 7.2 or (b) pursuant to section 15, or in the event the parties are unable to agree upon changes in the prices for products within thirty (30) days following staar's notice thereof."", 'within ninety (90) days prior to the expiration of each contract year, the parties will discuss in good faith and agree on the minimum product quantities for the successive contract year; provided, however, that, if the parties fail to reach agreement on or otherwise specify the minimum purchase quantities for the successive contract year, the minimum product quantities for such successive contract year shall be __________ percent (___%) of the minimum purchase quantities for the existing contract year.', 'during each contract year, as defined below, distributor shall purchase from staar the minimum quantity of each product that shall be mutually agreed between the parties in advance of the applicable contract year (""minimum product quantities""). the minimum purchase quantities for the contract year are as set forth on exhibit b attached hereto.']",Minimum Commitment,Minimum Commitment,Minimum Commitment,Minimum Commitment,Agreement,0.445,0.3502,222,False
146,"[""subject to the provisions of this agreement including the provisions of article 8, changepoint hereby grants to customer and customer hereby accepts from changepoint the perpetual, personal, non-transferable and non-exclusive software licenses to use the licensed software for customer's internal business purposes."", 'customer is granted an unlimited number of client access licenses.', ""upon the release of the source code to corio pursuant to section 12.2 of this agreement, corio shall have a royalty-free, nonexclusive, nontransferable, right and license at its head office to use and modify the source code to support and maintain the software until the expiration or termination of corio's customers' license agreements for the corio services."", 'subject to the terms and conditions of this agreement, changepoint hereby grants to corio a nonexclusive, nontransferable (except in accordance with section 14.1 of this agreement) royalty-free, fully paid up right and license in the territory, on corio servers, to make a reasonable number of copies of the demonstration software solely for demonstration purposes to potential customers.', ""subject to the terms and conditions of this agreement, changepoint hereby grants to corio a fee-bearing, irrevocable, nonexclusive, nontransferable (except in accordance with section 14.1 of this agreement) license in the territory to (i) reproduce the software in machine executable object code format only for installation on the corio servers; (ii) install multiple copies of the software on corio's servers which will be made remotely accessible to corio's customers for their internal business purposes, (iii) permit limited access to and use of the software by customers through corio servers solely for such customer's internal business purposes; (iv) sublicense an unlimited number of customers to access and use the software only through the installation on corio servers solely for such customer's internal business purposes; and (v) use changepoint's tools and utilities, if any, subject to any restrictions placed on the changepoint by third party software providers and payment of any applicable fees required by such third parties, to configure, integrate and manage the software. corio shall not authorize customers to download or reproduce the software for use except as necessary in connection with the corio services."", 'subject to the terms and conditions of this agreement, changepoint grants to corio a nonexclusive, nontransferable (except in accordance with section 14.1 of this agreement), royalty-free, fully paid up license in the territory to reproduce, install and use additional copies of the software, documentation, and software tools and utilities if any, subject to any restrictions placed on the changepoint by third party software providers and payment of any applicable fees required by such third parties, in machine executable object code for production, testing, development, upgrade, reporting and training for the purpose of allowing the software to be made available to customers as part of the corio services.', 'during the term of this agreement, each party authorizes the other party to display and use the other\'s trademarks, trade names and logos (collectively, the ""trademarks"") in connection with that party\'s sale, advertisement, service and promotion of the corio services or the software.', 'changepoint grants to corio a nonexclusive, nontransferable (except in', 'corio shall have the right to resell licenses for the software to any corio customer according to the terms and conditions of changepoint\'s standard distribution agreement (""changepoint\'s distribution agreement"").']",License Grant,License Grant,Non-Transferable License,Non-Transferable License,SVM,0.3417,0.1669,539,False
147,"[""any such audit shall be\n\n\n\n\n\nconducted during normal business hours, upon at least three business days prior written notification to the party to be audited stating the purpose of the audit<omitted>and in such a manner so as to not unreasonably interfere with such party's business operations."", ""during the term of this agreement and the five (5) year period immediately following termination of this agreement, licensee will have the right, at its own expense, to audit and examine licensor's records concerning compliance by licensor with its obligations as to confidentiality under this agreement."", 'during the term of this agreement and the five (5) year period immediately following termination of this agreement, licensor will have the right, at its own expense, to audit and examine licensees records concerning either (a) the reproduction and sublicensing of the licensed products and the resulting fees due to licensor or (b) compliance by licensee with its obligations as to confidentiality under this agreement.']",Audit Rights,Audit Rights,Audit Rights,Audit Rights,DistilBERT,0.8666,0.853,156,False
148,"[""upon tph-a's or tph's exercise of the call option, afsl/fsl shall be obliged to sell, or cause the holder of the call shares to sell, the call shares to tph-a or its designee in accordance with this section 9.2. for the avoidance of doubt, the call option is the right of tph-a and tph-a is not obliged to exercise the call option."", 'completion of the sale and purchase of the put shares pursuant to the exercise of the put option by afsl/fsl shall take place on the date specified in the put exercise notice (which shall be a date after at least sixty (60) days from the date of the put exercise notice) (the ""put closing date"") and on which date:\n\n(i) tph-a shall, or shall cause its designees to, and tph shall cause tph-a or tph-a\'s designees to, pay to afsl the put option price for the put shares by way of a bank transfer to the bank account as separately designated by afsl; and\n\n(ii) in exchange for which, afsl shall deliver to tph-a or its designees duly executed a letter of request to enter in the shareholder register of the company the information that is required to be registered with regard to the put shares; and', 'the purchase price for the put shares (the ""put option price"") shall be the greater of (x) the amount in japanese yen equal to the net book value as of the most recently completed month end prior to the put closing date, minus the net book value as of the most recently completed month end prior to the effective date, multiplied by the number of put shares, or (y) one japanese yen (¥1).', 'the purchase price for the call shares (the ""call option price"") shall be the greater of (x) the amount in japanese yen equal to the net book value as of the most recently completed month end prior to the call closing date, minus the net book value as of the most recently completed month end prior to the effective date, multiplied by the number of call shares, or (y) one japanese yen (¥1).', 'as longs as afsl and fsl are not in material and continuing breach of this agreement or the ancillary agreements, fsl or afsl may trigger the option to sell the put shares to tph-a or its designee (the ""put option"") by providing a written notice of the exercise of the put option (the ""put exercise notice"") simultaneously to the company, tph and tph-a, which notice states (i) such party\'s bona fide intention to exercise the put option, and (ii) the date on which such party intends that the put closing date occur.', 'completion of the sale and purchase of the call shares pursuant to the exercise of the call option by tph- a/tph shall take place on the date specified in the call exercise notice (which shall be a date after at least sixty (60) days from the date of the call exercise notice) (the ""call closing date"") and on which date:\n\n(i) tph-a shall, or shall cause its designees to, and tph shall cause tph-a or tph-a\'s designees to, pay to afsl the call option price for the call shares by way of a bank transfer to the bank account as separately designated by afsl; and\n\n(ii) in exchange for which, afsl shall deliver to tph-a or its designees duly executed a letter of request to enter in the shareholder register of the company the information that is required to be registered with regard to the call shares.', 'fsl or afsl may not exercise the put option for less than one hundred percent (100%) of the shares held by both fsl and afsl or any affiliate of fsl or afsl, as the case may be.', ""at tph's sole option, tph or tph-a may purchase the gan equipment by completion of payment of the purchase price or depreciation cost for such equipment as set forth in appendix 2."", ""if, after the effective date, fsl or afsl shall have materially breached any of its representations or warranties contained in this agreement or shall have failed to comply in any material respect with any of the other covenants or agreements contained in this agreement, which breach or failure shall not have been remedied within thirty (30) days after the default notice has been given by tph-a to fsl/afsl, then tph-a shall have the option of purchasing from afsl, and afsl shall be obligated to sell, all of the shares then owned by afsl at a purchase price per share equal to the lesser of: (i) the net book value as of the most recent month end (provided that, if the net book value is a negative amount, the product of the net book value multiplied by such sale shares shall be deemed to be one japanese yen (¥1)), or (ii) the shares purchase price, divided by the number of sale shares. tph-a shall provide the election notice to purchase the shares owned by afsl within ten (10) business days following the expiration of the thirty (30) day cure period set forth in the default notice. the closing of the purchase of the shares owned by afsl shall take place within thirty (30) business days following the date of the election notice, or at such other time as the parties may mutually agree. at such closing, tph-a shall deliver to afsl, by wire transfer, the full amount of the purchase price in japanese yen for such shares as provided in this section 7.5.2 against delivery by afsl of the following: (a) a sale agreement in form reasonably satisfactory to tph-a containing among other things, a representation and warranty of afsl that it is, and tph-a shall be, the beneficial owner of such shares, with good title thereto, free and clear of all liens and other encumbrances; (b) documentary evidence reasonably satisfactory to tph-a of the transfer to it of all of afsl's shares and (c) resignations of all directors, if any, on the board appointed by afsl. notwithstanding the remedies provided in this section 7.5.2, tph/tph-a shall be entitled to all other remedies against fsl/afsl available at law or equity or under this agreement."", 'afsl and tph-a shall cause the board to approve the share transfer of the call shares on or prior to the call closing date.', 'tph or tph-a may not exercise the call option for less than one hundred percent (100%) of the shares held by both fsl and afsl or any affiliate of fsl or afsl, as the case may be.', ""upon fsl's or afsl's exercise of the put option, tph-a shall be obliged to purchase or cause tph-a's designees to purchase, and tph shall be obliged to cause tph-a or tph-a's designees to purchase, the put shares in accordance with this section 9.1. for the avoidance of doubt, the put option is the right of afsl/fsl, and afsl/fsl is not obliged to exercise the put option."", 'tph-a and tph may not exercise the call option prior to the option starting date nor more than one hundred eighty (180) days after the option starting date.', ""each party's obligation to complete the put option or call option at the put closing date or call closing date, as applicable, is subject to the fulfillment on or before such put closing date or call closing date of each of the following conditions, unless waived in writing (where permissible) by the applicable party in such closing:"", 'if, after the effective date, tph or tph-a shall have materially breached any of its representations or warranties contained in this agreement or shall have failed to comply in any material respect with any of the other covenants or agreements contained in this agreement, which breach or failure shall not have been remedied within thirty (30) days after written notice thereof (the ""default notice"") has been given by afsl to tph/tph-a, then afsl shall have the option of purchasing from tph-a, and tph-a shall be obligated to sell, all of the shares then owned by tph-a at a purchase price per share equal to the lesser of: (i) the net book value as of the most recent month end (provided that, if the net book value is a negative amount, the product of the net book value multiplied by such sale shares shall be deemed to be one japanese yen (¥1)), or (ii) the shares purchase price, divided by the number of sale shares. afsl shall provide written notice of its election (the ""election notice"") to purchase the shares owned by tph-a within ten (10) business days following the expiration of the thirty (30) day cure period set forth in the default notice. the closing of the purchase of the shares owned by tph-a<omitted>shall take place within thirty (30) business days following the date of the election notice, or at such other time as the parties may mutually agree. at such closing, afsl shall deliver to tph-a, by wire transfer, the full amount of the purchase price in japanese yen for such shares as provided in this section 7.5.1 against delivery by tph-a of the following: (a) a sale agreement in form reasonably satisfactory to afsl containing among other things, a representation and warranty of tph-a that it is, and afsl shall be, the beneficial owner of such shares, with good title thereto, free and clear of all liens and other encumbrances; (b) documentary evidence reasonably satisfactory to afsl of the transfer to it of all of tph-a\'s shares and (c) resignations of all directors, if any, on the board appointed by tph-a. notwithstanding the remedies provided in this section 7.5.1, afsl/fsl shall be entitled to all other remedies against tph/tph-a available at law or equity or under this agreement.', 'as longs as tph-a and tph are not in material and continuing breach of this agreement or the ancillary agreements, tph-a or tph may trigger the option to purchase the call shares (the ""call option"") by providing a written notice of the exercise of the call option (the ""call exercise notice"") simultaneously to the company, fsl and afsl, which notice states (i) such party\'s bona fide intention to exercise the call option, and (ii) the date on which such party intends that the call closing date occur.', 'fsl and afsl may not exercise the put option prior to the option starting date nor more than one hundred eighty (180) days after the option starting date.', 'afsl and tph-a shall cause the board to approve the share transfer of the put shares on or prior to the put closing date.']",Rofr/Rofo/Rofn,Change Of Control,Rofr/Rofo/Rofn,Rofr/Rofo/Rofn,SVM,0.1729,0.0329,1763,False
149,"['without limiting the foregoing, equifax hereby grants, and will cause the other members of the equifax group to grant, to certegy a fully paid, non- exclusive, perpetual, worldwide, transferable license to use, modify, improve, create derivative works from, and sublicense, the utility software programs (in both object and source code format) identified on exhibit l as being owned by equifax or a member of the equifax group for any and all fields of use and to any and all persons.', 'equifax hereby grants, and will cause each member of the equifax group to grant, to certegy and each member of the certegy group a fully paid, non- exclusive, worldwide, non-transferable right to continue to use the equifax marks employed in the certegy business, but only to the extent such equifax marks were displayed by the certegy group prior to the distribution date (i) on the transferred equifax assets, (ii) on premises jointly occupied with equifax, and (iii) on letterhead, product and services documentation, invoices, software programs, packaging and similar materials used by the members of the certegy group, and such equifax marks are used in accordance with the guidelines for usage of the equifax marks published and amended by equifax from time to time.', ""the sublicense rights granted to certegy pursuant to section 4.1(a) include the right for certegy to grant sublicenses to the licensed equifax materials (excluding the utility software programs) to the members of the certegy group, which sublicenses may include the right to further sublicense such licensed equifax materials (excluding the utility software programs) to such group member's customers solely for each such customer's internal business purposes to the extent related to the certegy business."", 'certegy hereby grants, and will cause each member of the certegy group to grant, to equifax and each member of the equifax group a fully paid, non- exclusive, worldwide, non-<omitted>transferable right to continue to use the marks that were owned immediately prior to the distribution date by a member of the certegy group and employed in the equifax business, but only to the extent such marks were displayed by the equifax group prior to the distribution date (i) on assets owned by equifax or any member of the equifax group (other than the transferred assets), (ii) on premises jointly occupied with one or more members of the certegy group, and (iii) on letterhead, product and services documentation, invoices, software programs, packaging and similar materials used by the members of the equifax group, and such marks are used in accordance with the same guidelines for usage as the equifax marks as described in subsection (a) above.', ""the sublicense rights granted to equifax pursuant to section 4.4(a) include the right for equifax to grant sublicenses to the licensed certegy materials (excluding the utility<omitted>software programs) to the members of the equifax group, which sublicenses may include the right to further sublicense such licensed certegy materials (excluding the utility software programs) to such group member's customers solely for each such customer's internal business purposes to the extent related to the equifax business."", 'equifax hereby grants, and will cause the other members of the equifax group to grant, to certegy a fully paid, non-exclusive, perpetual, worldwide, non-transferable license to use, modify, copy, improve, create derivative works and certegy enhancements from, and sublicense the licensed equifax materials (excluding the utility software programs) solely for use in the certegy business and as that business may evolve and change in the future, subject to the following:\n\n (i) certegy shall not sublicense, or otherwise disclose or distribute, or permit any person to use, the licensed equifax materials (excluding the utility software programs), except in accordance with section 4.1(b);\n\n (ii) certegy shall hold the licensed equifax materials (excluding the utility software programs) in strict confidence; will not remove or destroy any proprietary markings of the equifax group on or contained in the licensed equifax materials (excluding the utility<omitted>software programs); and will include the copyright and patent notices of the licensor as specified from time to time by the licensor for the licensed equifax materials (excluding the utility software programs) on and in all copies of the licensed equifax materials (excluding the utility software programs);\n\n (iii) certegy shall not export or re-export the licensed equifax materials (excluding the utility software programs) without the appropriate united states or foreign government licenses; and\n\n (iv) all sublicenses from certegy to members of the certegy group (a)\n\n\n\n\n\n shall contain the rights and restrictions set forth in this section 4.1(a) with respect to the license granted to certegy and comply with sections 4.1(b) through (d) hereof and (b) shall be diligently enforced by certegy.', 'without limiting the foregoing, certegy hereby grants, and will cause\n\n\n\n\n\nthe other members of the certegy group to grant, to equifax a fully paid, non- exclusive, perpetual, worldwide, transferable license to use, modify, improve, create derivative works from, and sublicense, the utility software programs (in both object and source code format) identified on exhibit l as being owned by certegy or a member of the certegy group for any and all fields of use and to any and all persons.']",Affiliate License-Licensee,License Grant,Affiliate License-Licensor,Affiliate License-Licensor,SVM,0.3655,0.1469,845,False
150,"['should there be a change of control of either party resulting in the control of such party by a third party which markets or sells a competing product in any part of the territory, then the rights under this agreement may not be assigned without the express consent of the other party which consent shall not be unreasonably withheld.', 'subject to section 20.2, neither party shall, nor shall it purport to, assign, license, transfer or change any of its rights or obligations under this agreement without the prior written consent of the other, such consent not to be unreasonably withheld conditioned or delayed; provided, however, that except as provided in section 20.4 either party may assign its rights hereunder to an affiliate or to any successor by merger, consolidation, sale of stock or other equity interests or the sale of substantially all of the assets of such party without the consent of the other party.']",Anti-Assignment,Anti-Assignment,Anti-Assignment,Anti-Assignment,DistilBERT,0.7702,0.6684,155,False
151,"['after the first year and upon 180 days written notice, reseller may terminate the amc.']",Termination For Convenience,Termination For Convenience,Termination For Convenience,Termination For Convenience,Agreement,0.824,0.7991,15,True
152,"['notwithstanding anything contained herein to the contrary, the cumulative liability of the parties to one another for any claims, liabilities, losses, damages or expenses, direct or indirect, arising out of or related to this agreement shall not exceed the lesser of $50,000 or (not including other funding amounts such as the point value of cards) or the amount paid by schoolpop to aeis for the immediately preceding twelve (12) months provided, however, that in no event shall this limitation of liability apply to any claims, liabilities, losses, damages, or expenses, direct or indirect, arising out of or related to this agreement brought by the actions of schoolpop pursuant to paragraphs 4(e), 4(i), 4(k), 4(p), 5(a), 5(b), 6(b), 7(a), 7(d), 14(d.iii), 9(f) and sections 2, 3 11, 12, and 13, and exhibit 1 of this agreement. in no event shall\n\n\n\n\n\neither party be liable to the other, under any theory, for lost profits, exemplary, punitive, special incidental, indirect, or consequential damages.']",Cap On Liability,Cap On Liability,Cap On Liability,Cap On Liability,Agreement,0.6919,0.5125,159,False
153,"[""subject to the terms and conditions of this agreement, sponsor hereby grants to excite a royalty-free, non-exclusive, worldwide license to use, reproduce, distribute, transmit and publicly display the content in accordance with this agreement and to sub-license the content to excite's wholly-owned subsidiaries or to joint ventures in which excite participates for the sole purpose of using, reproducing, distributing, transmitting and publicly displaying the content in accordance with this agreement""]",Affiliate License-Licensee,License Grant,License Grant,License Grant,Agreement,0.4306,0.2453,70,False
154,"['during the first five (5) years of the term, with respect to the bulk vehicle gel, intermediate drug product and finished product, vericel shall order and purchase such products exclusively from mediwound in accordance with the terms of this agreement; provided, however, vericel may manufacture or have manufactured the products (a) upon the occurrence of a supply failure with respect to any product hereunder, or (b) as otherwise permitted under the terms of the license agreement or this agreement.', 'mediwound hereby grants to vericel an exclusive (even as to mediwound), sublicensable, royalty- free, fully paid-up, license in the territory to use the licensed trademarks (as defined in the license agreement) and a non- exclusive, sublicensable, royalty-free, fully paid-up, license to use the mediwound name and trademark, in<omitted>each case, in connection with the manufacture of licensed products in or for the territory.']",Exclusivity,License Grant,License Grant,License Grant,Agreement,0.4155,0.2667,141,False
155,"['if you are a partnership or limited liability partnership, then the partners of that partnership will not, without our prior written consent, admit additional general partners, remove a general partner, or otherwise materially alter the powers of any general partner.', 'principals must not, without our prior written consent, transfer, pledge, and/or otherwise encumber their interest in you.', 'you represent and warrant to us, and agree, that your owners are accurately set forth on exhibit c to this agreement, and you also agree not to permit the identity of those owners, or their respective interests in you, to change without complying with this agreement.', 'you agree not to make a transfer (and not to permit any other party to make a transfer) without our prior written consent. 16.4.1.1 as used in this agreement, the term ""transfer"" is agreed to mean any sale, assignment, conveyance, pledge, encumbrance, merger, creation of a security interest in, and/or giving away of any direct or indirect interest in: (a) this agreement; (b) you; (c) any or all of your rights and/or obligations under this agreement; and/or (d) all or substantially all of the assets of the franchised business.']",Change Of Control,Anti-Assignment,Anti-Assignment,Anti-Assignment,DistilBERT,0.7136,0.6395,192,False
156,"[""this agreement and the licence granted hereunder shall terminate should any of the following events occur: 6. 2. 1. 30 (thirty) days after telkom gives sap africa written notice of telkom's wish to terminate this agreement for any reason. any such termination shall be subject to accrued rights and obligations but only after payment of all licence and maintenance fees then due and owing;"", 'the maintenance services may be terminated by telkom in writing at any time upon 3 (three) months prior written notice.']",Termination For Convenience,Termination For Convenience,Termination For Convenience,Termination For Convenience,DistilBERT,0.8059,0.766,84,False
157,"[""notwithstanding anything herein to the contrary, ajr's liability under this section 11 shall not exceed one hundred fifty thousand dollars ($150,000)."", 'the indemnification obligations described in section 11(a), including all limitations on such obligations, shall be the exclusive remedy of the xc indemnified parties for any losses resulting from or based upon any breach by ajr of any of its agreements, covenants or obligations hereunder or the use of any of the licensed materials in a manner that is not permitted hereby.', ""in addition, ajr's obligations under section 11(a) above shall survive for a period of one (1) year after the date of this agreement.""]",Cap On Liability,Cap On Liability,Cap On Liability,Cap On Liability,Agreement,0.6723,0.4894,105,False
158,"[""in case of division or merger of party b, this agreement shall terminate, and the successor company (or other entity) to party b's wireless value added business hereunder shall re-apply for business opening to party a, and timely modify party b's enterprise identifier code and other information existing on party a's business system or other business management system."", 'during the term hereof, any division, merger, dissolution, liquidation, bankruptcy or other events that lead to changes of party b in the company nature, qualification and capacity for civil acts shall be notified to party a in time, and subject to the provisions hereunder about the exit grace period.']",Change Of Control,Change Of Control,Change Of Control,Change Of Control,Agreement,0.3561,0.1655,107,False
159,"[""with the exception of wilful misconduct by a party, and such cases where a limitation of liability and/or indemnification is not possible under applicable law, for which cases there shall be no limitation, any and all liability and/or indemnification obligations of each of bii and xencor under this agreement shall be: a. excluded for incidental, indirect, consequential, punitive or special damages (provided that the foregoing shall not exclude a party's right to consequential or incidental<omitted>damages for any negligent or intentional breach of confidentiality and non-use obligations under section 9); and b. each party's aggregate liability and/or indemnification obligations towards the other party under this agreement shall not exceed an amount equal to the average annual aggregate amount paid or to be paid by xencor to bii hereunder; provided, however, that in the case of a party's negligent or intentional breach of confidentiality and non\xaduse obligations pursuant to section 9, this limitation of liability shall be increased to twice the average annual aggregate amount paid or to be paid by xencor to bii hereunder; provided however that the foregoing subsections a. and b. of this section 7.4 shall not limit xencor' s liability and indemnification obligation towards bii with respect to any third party claims according to clause (iii) and (iv) of section 7.3 b. regarding any use of the deliverables (in particular the product) in humans and/or with respect to any third party claim that bii's use of the material to manufacture the product infringes any issued patent owed by such third party (excluding any such claim based specifically on use of the process but not on the use of the material).""]",Uncapped Liability,Cap On Liability,Uncapped Liability,Uncapped Liability,SVM,0.6823,0.4943,272,False
160,"['this agreement may not be assigned by either party without the prior written consent of the other party; provided, however that either party may assign this agreement, in whole or in part, to any of its affiliates if such party guarantees the performance of this agreement by such affiliate; and provided further that either party may assign this agreement to a successor to all or substantially all of the assets of such party whether by merger, sale of stock, sale of assets or other similar transaction']",Anti-Assignment,Anti-Assignment,Anti-Assignment,Anti-Assignment,DistilBERT,0.9217,0.9029,86,False
161,"['the company shall pay hdi thirty percent (3016) of the net sales in excess of eleven thousand dollars ($11,000) per calendar month.']",Revenue/Profit Sharing,Revenue/Profit Sharing,Revenue/Profit Sharing,Revenue/Profit Sharing,Agreement,0.5967,0.469,22,False
162,"[""capital resources shall receive the following compensation for its services hereunder:\n\n (a) (i) a marketing fee in the amount of (x) two percent (2.0%) of the aggregate dollar amount of all shares sold in the subscription and public offerings, excluding sales made through broker assisted purchases or by other nasd member firms participating in the subscription and public offerings pursuant to the selected dealers' agreement, if any (for which capital resources' compensation shall be pursuant to sub-paragraph (ii)) and excluding shares sold to the association's employee stock ownership plan, directors, officers or employees and any member of such person's immediate family (defined to include children, spouse, parents, grandparents and grandchildren);\n\n (ii) a management fee in the amount of one percent and one-half (1.5%) of the aggregate dollar amount of shares sold through broker assisted purchases or through selected dealers, if any.""]",Revenue/Profit Sharing,Revenue/Profit Sharing,Revenue/Profit Sharing,Revenue/Profit Sharing,Agreement,0.6366,0.5644,141,False
163,"['""development fee"" means 50% of the net sales for any development products in the development territory.', 'thereafter, wpd shall furnish to cns development fees no later than forty-five days after the end of each calendar quarter for the sale of development products through the end of such calendar quarter and shall further furnish cns with a written statement setting forth an accounting showing the calculation of the development fees.', 'the first development fees payment shall be due forty-five days after the end of the calendar quarter in which the first sale of a development product took place.']",Revenue/Profit Sharing,Revenue/Profit Sharing,Revenue/Profit Sharing,Revenue/Profit Sharing,Agreement,0.4055,0.1546,97,False
164,"['this agreement may be terminated subject to the following clauses:<omitted>subject to section 1.6, by vendor (or successor to vendor), upon written notice to distributor of a change of control of vendor and the election by vendor (or successor to vendor) to terminate this agreement, where a ""change of control"" shall mean a change in ownership of the vendor such that an unaffiliated third party acquires a majority of the voting power of vendor;']",Change Of Control,Change Of Control,Change Of Control,Change Of Control,Agreement,0.5383,0.4547,73,False
165,"['during the term of this agreement, except as otherwise permitted by this section 3(a)(v), vs agrees that it shall not enter into the same or substantially similar commitments with any other company or entity which performs clinical research services the same or similar to those provided by ppd or any ppd affiliate (collectively, ""ppd competitor""), nor shall vs provide preferred pricing to a ppd competitor which is better than that provided by vs hereunder to ppd.', 'further, during the term of this agreement, ppd agrees that it shall not enter into commitments which are the same or substantially similar to the ppd commitments set forth in section 3 with any other imaging vendor for the performance of preferred services.']",Exclusivity,Non-Compete,Most Favored Nation,Most Favored Nation,SVM,0.2888,0.1779,119,False
166,"['the first year warranty starts with the date of shipment and terminates on the anniversary of the first year.', ""replacement or repaired units will be returned to the integrator within 14 working days of receipt of a defective unit at wli's cost."", 'any implied warranties of the licensed software are limited to one year starting from the date of purchase or for the period described in the contractual agreement with the power2ship.', 'wireless links (wli) warrants to the original end user purchaser (""you"") that the equipment will be free from defects in workmanship and materials (""limited warranty"") for a period of one (1) year from the date of the purchase of the equipment (the ""warranty period"").', 'wli at\n\n\n\n\n\nits discretion will repair or replace the equipment in accordance with the terms of this limited warranty and send it back to you.', 'any implied warranties of the licensed software are limited to one year starting from the date it was shipped to the integrator or starting with the date specified as the starting date in the leasing and / or purchase agreement with the integrator.', 'within 14 days from discovery of a defect, the integrator shall notify wli in writing of said defect.', 'wli will provide a one year limited warranty for its hardware products as per the terms and conditions described in ""attachment b"".', 'in addition, during the warranty period and/or duration of this agreement wli from time to time may furnish power2ship with further releases of the licensed programs to provide corrections of significant programming or software errors.', 'the first year limited warranty starts on the day of the activation of the unit on a wireless network.']",Warranty Duration,Warranty Duration,Warranty Duration,Warranty Duration,Agreement,0.3431,0.2676,277,False
167,"[""in no event shall company be liable for any incidental or consequential damages and distributor's remedies shall be limited to repair or replacement of nonconforming units or parts."", 'nor shall the company at any time be liable for any incidental, special or consequential damages.']",Cap On Liability,Cap On Liability,Cap On Liability,Cap On Liability,Agreement,0.6919,0.5136,44,False
168,"['if women.com does not deliver the shortfall within sixty (60) days of the end of the applicable quarter, ediets may terminate this agreement in its entirety immediately or authorize women.com to deliver the shortfall within an extended number of days to be mutually agreed upon by the parties (the ""make good period"").', 'notwithstanding the foregoing, women.com does guarantee a minimum of 13,000,000 impressions promoting ediets per year on the diet center.', 'if women.com does not deliver at least 80% of the quarterly impression guarantee for advertsing promotions as set forth on exhibit b (11,250,000 per quarter; 45,000,000 per year); 80% of the quarterly impression guarantee for the diet center logo as set forth on exhibit b (3,250,000 per quarter; 13,000,000 per year); and 80% of the quarterly impression guarantee for other campaigns as set forth on exhibit b (3,000,000 per quarter; 12,000,000 per year) each quarter following the launch date, within sixty (60) days of the end of the applicable quarter, women.com shall deliver an amount equal to the under-delivery within the same campaign elements, including newsletters, promotions, exclusive sponsorships, targeted rotations, ros, channel and sub-channel center logo placements, or mutually agreed upon comparable elements.', ""during the term, ediets.com will be guaranteed 12 million circulation per year from and after the effective date via newsletters, including but not limited to: >> fashion & beauty newsletter: 300,000 subscribers per month >> food news: 180,000 subscribers per month >> prevention: 1,600,000 subscribers per month >> internet scopes: 2,400,000 subscribers per month >> sex & romance: 120,000 subscribers per month >> what's new: 1,100,000 subscribers per month >> women.com member newsletter: 1,700,000 subscribers per month\n\nguaranteed circulation per year: 12,000,000""]",Minimum Commitment,Minimum Commitment,Minimum Commitment,Minimum Commitment,Agreement,0.4706,0.3628,276,False
169,"['airspan grants distributor, and distributor hereby accepts, a nonexclusive, non-transferable license to use, and to sublicense as set forth below, software provided by airspan hereunder only on a single system or unit of equipment, as may be applicable.', ""distributor's appointment as a distributor of the airspan products grants to distributor only a license to resell the<omitted>airspan products to distributor's customers in the territory, and does not transfer any right, title, or interest in any of the airspan software to distributor.""]",License Grant,License Grant,Non-Transferable License,Non-Transferable License,SVM,0.3659,0.1048,80,False
170,"['herc may not assign, transfer, sublicense or delegate any of its rights hereunder or delegate its obligations hereunder without the prior written consent of hsi, and any such purported assignment, transfer, sublicense or delegation, in the absence of such consent, shall be void and without effect.']",Anti-Assignment,Anti-Assignment,Anti-Assignment,Anti-Assignment,DistilBERT,0.9344,0.9237,46,False
171,"[""notwithstanding the foregoing, any assignment of the rights or obligations under this agreement by a party (i) to an affiliate shall require such party to guarantee the performance of such affiliate's financial and performance obligations hereunder or (ii) in connection with the sale or other transfer of all or substantially all of such party's business or assets to which this agreement relates shall require the ultimate affiliate controlling the other party in such transaction to guarantee such party's financial and performance obligations hereunder and such party shall remain liable for such financial and performance obligations notwithstanding such sale or other transfer of all or substantially all of such party's business or assets to which this agreement relates."", 'pb shall not sell, transfer or assign, directly or indirectly, in whole or in part, any rights to receive payments of royalties or license fees with respect to the product or the pb intellectual property (including any accounts with respect to such royalties or license fees), other than to a wholly owned direct or indirect subsidiary of pb (it being understood that the foregoing shall not restrict the creation of any permitted lien).', ""notwithstanding any of the foregoing, without the consent of pb, which consent may be withheld in pb's sole discretion, sfj shall not sell, assign, sublicense or otherwise transfer this agreement to an entity whose primary business is the development or commercialization of pharmaceutical or biotechnology products prior to the date of program transfer."", 'without the prior written consent of the other party hereto, neither party will sell, transfer, assign, pledge or otherwise dispose of, whether voluntarily, involuntarily, by operation of law or otherwise, this agreement or any of its rights or duties hereunder; provided, however, that either party may assign, sublicense or transfer this agreement and all of its rights and obligations hereunder, in their entirety, to any of its affiliates or to a successor in connection with the sale or other transfer of all or substantially all of its business or assets to which this agreement relates, whether by merger, sale of stock, sale of assets or otherwise, and']",Anti-Assignment,Anti-Assignment,Anti-Assignment,Anti-Assignment,Agreement,0.6721,0.5687,350,False
172,"['except as expressly permitted hereunder or in exhibit f hereto, neither party may transfer, assign or sublicense this agreement, or any rights or obligations hereunder, whether by contract or by operation of law, except with the express written consent of the other party, and any attempted transfer, assignment or sublicense by a party in violation of this section shall be void.']",Non-Transferable License,Anti-Assignment,Anti-Assignment,Anti-Assignment,DistilBERT,0.9285,0.9142,61,False
173,"['after the initial term, this agreement shall continue on a month to month basis until terminated by either party upon thirty (30) days prior written notice to the other setting forth the effective date of such termination.']",Termination For Convenience,Termination For Convenience,Termination For Convenience,Termination For Convenience,DistilBERT,0.8114,0.7817,37,False
174,"['for avoidance of doubt, all bii liability or indemnification obligation that might result from representations and the warranties under this section 6 are always subject to the limitations set forth in section 7.4 of this agreement.', ""with the exception of wilful misconduct by a party, and such cases where a limitation of liability and/or indemnification is not possible under applicable law, for which cases there shall be no limitation, any and all liability and/or indemnification obligations of each of bii and xencor under this agreement shall be: a. excluded for incidental, indirect, consequential, punitive or special damages (provided that the foregoing shall not exclude a party's right to consequential or incidental<omitted>damages for any negligent or intentional breach of confidentiality and non-use obligations under section 9); and b. each party's aggregate liability and/or indemnification obligations towards the other party under this agreement shall not exceed an amount equal to the average annual aggregate amount paid or to be paid by xencor to bii hereunder; provided, however, that in the case of a party's negligent or intentional breach of confidentiality and non\xaduse obligations pursuant to section 9, this limitation of liability shall be increased to twice the average annual aggregate amount paid or to be paid by xencor to bii hereunder; provided however that the foregoing subsections a. and b. of this section 7.4 shall not limit xencor' s liability and indemnification obligation towards bii with respect to any third party claims according to clause (iii) and (iv) of section 7.3 b. regarding any use of the deliverables (in particular the product) in humans and/or with respect to any third party claim that bii's use of the material to manufacture the product infringes any issued patent owed by such third party (excluding any such claim based specifically on use of the process but not on the use of the material)""]",Cap On Liability,Cap On Liability,Uncapped Liability,Uncapped Liability,SVM,0.6687,0.4673,308,False
175,"[""if party a discovers in its spot checks conducted from time to time that any game, software, business, works, content or service provided by party b is not in compliance with laws, regulations, industry rules, party a's management measures or contractual agreement, party b shall pay party a additional amount of performance bond at rmb5,000 per violation, or rmb10,000 per business, to be payable to by party b within 10 working days after the results of copyright spot checks are posted."", 'for the third time of the aforementioned violation, party a will withhold the full amount of the performance bond already paid by party b, and terminate the full-range business cooperation for one year.', ""if party a discovers that party b has violated the integrity agreement attached hereto by bribing party a's working personnel, party a may elect to impose a penalty of rmb10,000 to 100,000, suspend cooperation for 1-3 years or terminate the cooperation depending on the seriousness of the violation and the consequences thus brought about, and any loss thus incurred to party a shall be borne by party b"", 'for the second time of the aforementioned violation, the amount of performance bond shall be additionally paid at rmb3,000 per time on the basis of the amount previous paid']",Liquidated Damages,Liquidated Damages,Liquidated Damages,Liquidated Damages,Agreement,0.1481,0.0209,211,False
176,"['following the completion of such maintenance term, bankers bank may, at its option, renew maintenance for subsequent periods of one (1) year each, subject to adjustments proposed by netzee not to exceed 5% at least sixty (60) days in advance of the applicable renewal date.']",Price Restrictions,Post-Termination Services,Volume Restriction,Volume Restriction,SVM,0.2002,0.0501,45,False
177,"['upon termination of this agreement, neither party shall be liable to the other for any consequential, exemplary, special, incidental or punitive damages, even if it has been advised of the possibility of such damages, which are related to the agreement or its breach.']",Cap On Liability,Cap On Liability,Cap On Liability,Cap On Liability,Agreement,0.6844,0.5023,43,False
178,"['subject to all terms and conditions of this agreement, sonos hereby grants to iac and its affiliates a non- exclusive, worldwide, nontransferable, royalty-free right and license to make copies of the software specified in the applicable statement of work solely as necessary to install and embed such software in the product.', ""subject to all terms and conditions of this agreement, sonos hereby grants to iac and its affiliates a non-exclusive, worldwide, nontransferable, royalty free right and license under sonos' intellectual property rights, to manufacture the products solely for sonos.""]",Non-Transferable License,License Grant,Affiliate License-Licensee,Affiliate License-Licensee,SVM,0.4119,0.2031,89,False
179,"[""except in the event of (i) a party's gross negligence or willful misconduct and/or (ii) a party's breach of its confidentiality obligation, the total liability of one party to the other party (and its affiliates) arising out of or in connection with this agreement or the products, whether in contract, tort (including negligence), statute or otherwise, shall, to the maximum extent permitted by applicable law, be limited to the amount of revenues it receives under this agreement."", 'in no event shall either party be liable for any consequential, special or punitive damages or lost profits arising under or relating to this agreement. exc']",Cap On Liability,Cap On Liability,Uncapped Liability,Uncapped Liability,SVM,0.6665,0.4637,103,False
180,"['any assignment in derogation of the foregoing shall be null and void.', ""neither party may<omitted>assign or otherwise transfer this agreement to any person or entity without the\n\n\n\n\n\nother's written consent, such consent not to be unreasonably withheld or delayed; provided that the withholding of consent of assignment to a competitor of the other party shall be deemed reasonable.""]",Anti-Assignment,Anti-Assignment,Anti-Assignment,Anti-Assignment,DistilBERT,0.9343,0.9215,57,False
181,"['ncc may terminate this agreement by giving 60 days written notice to the owner and the licensee.', 'the licensee may terminate this agreement at any time by giving written notice to the owner and ncc.']",Termination For Convenience,Termination For Convenience,Termination For Convenience,Termination For Convenience,DistilBERT,0.839,0.8128,35,False
182,"[""supplier shall not assign this agreement, in whole or in part, to any person without the prior written consent of customer, except to a third party which acquires all, or substantially all, of supplier's business or assets, whether through merger or otherwise."", 'customer shall not assign this agreement, in whole or in part, to any other person without the prior written consent of supplier, not to be unreasonably withheld, conditioned or delayed.', 'the parties agree that the license grant contained in this section 11.3 is personal to supplier only and shall be exercised by supplier only,']",Anti-Assignment,Anti-Assignment,Anti-Assignment,Anti-Assignment,DistilBERT,0.9357,0.9249,96,False
183,"[""detto may not assign any of its rights or delegate any of its obligations hereunder, whether by operation of law or otherwise, without pivx's prior written consent. subject to the foregoing, this agreement shall bind and inure to the benefit of the parties, their respective successors and permitted assigns.""]",Anti-Assignment,Anti-Assignment,Anti-Assignment,Anti-Assignment,DistilBERT,0.9358,0.9257,49,False
184,"[""except as expressly provided in this agreement, bellicum specifically agrees not to, and agrees not to cause any third party to, sell, market, export, transfer, or re-export miltenyi products without miltenyi's express prior written consent."", ""in the event of a supply failure, miltenyi shall grant bellicum's second-source supplier a limited, non-exclusive, non-transferable, one-site production license, without the right to sublicense, under miltenyi's intellectual property rights solely to the extent reasonably necessary to manufacture the affected miltenyi product for the permitted use by bellicum at bellicum's cost."", ""the foregoing license shall be sub-licensable through multiple tiers to licensees of bellicum and to bellicum's and its licensees' respective subcontractors (but not to miltenyi competitors) solely in conjunction with the use of such miltenyi products for the permitted use, provided however that subcontractors shall not have the right to grant sublicenses under miltenyi technology)."", 'for the avoidance of doubt, the license granted to bellicum under this section 10.2 conveys no right to bellicum, its subcontractors or licensees to use miltenyi technology to make, have made, import, have imported, offer for sale and/or sell any miltenyi product.', 'bellicum shall promptly notify miltenyi in writing of any additional licensee contemplating the use of miltenyi product(s) for the manufacture of a bellicum product from time to time, which licensee shall be added to the bellicum product specific module by amendment.', 'at the reasonable written request of bellicum during the term, miltenyi shall enter into a direct supply agreement for miltenyi products with any licensee nominated by bellicum, materially consistent with the terms and conditions of this agreement and the quality agreement (as applicable), except as agreed otherwise in writing between miltenyi and the respective bellicum licensee.', ""to the extent that the rights granted to bellicum hereunder (including bellicum's right to use each miltenyi product for its permitted use) are shared with one or more of its subcontractors or licensees in accordance with the terms hereof, bellicum shall first impose limitations and obligations on such subcontractors or licensees, in writing, that are consistent with the corresponding limitations and obligations imposed on bellicum hereunder, and bellicum shall notify miltenyi of the name and contact information for each such subcontractor or licensee that it shares such rights with, in writing, in accordance with article 16 of this agreement."", 'for clarity, in no event shall any permitted delegation or subcontracting of any activities to be performed in connection with this agreement release a party from any of its limitations or obligations under this agreement.', 'the supply of the miltenyi products hereunder conveys to bellicum the limited, non-exclusive, non-transferable (except as expressly provided herein, including as set forth in article 17) right to use, and to permit its subcontractors and licensees to use the miltenyi products solely for ex vivo cell processing in the manufacture of bellicum products for use in the field in the territory (including for research, pre-clinical, clinical, regulatory and commercial purposes), in accordance with applicable regulatory authority requirements and approvals (including (to the extent applicable) any relevant clinical trial protocol, ind, and/or irb approval pertaining to such bellicum products), in each case consistent with the terms and conditions of this agreement and in accordance with applicable laws (the ""permitted use""). bellicum\'s permitted use of the miltenyi products shall be limited to the designated countries, subject to section 2.3.']",Non-Transferable License,License Grant,License Grant,License Grant,Agreement,0.333,0.1052,551,False
185,['either party shall have the right to terminate this agreement before the end of the term for its convenience upon [***] written notice to the other party (and any such termination shall become effective at the end of such [***]); [***].'],Termination For Convenience,Termination For Convenience,Termination For Convenience,Termination For Convenience,DistilBERT,0.8218,0.7826,41,False
186,"['subject to the terms and conditions of this agreement, channel partner grants to you a royalty-free, non-exclusive, non-transferable, limited license right exercisable solely during the term of this agreement to: (1) reproduce, exactly as provided by channel partner, object code copies of the client software, as needed for distribution to your end users the ipass software; and to install and use the ipass licensed software.']",Non-Transferable License,License Grant,License Grant,License Grant,Agreement,0.3431,0.1007,65,False
187,"['healthgate and the publishers shall enter and maintain in force the escrow agreement for such period as the publishers require.', 'upon acceptance as provided in clause 9.2 healthgate shall deliver into escrow the source code, source listings and information for the proprietary software included in the system in accordance with the terms of the escrow agreement.', 'whenever a new version of the proprietary software is used for the site, healthgate will promptly deposit a new version of the source code and the operational documentation for that version under the same escrow agreement, and notify the publishers in writing that the deposit has been made.', 'if no new version has been deposited in any 6 month period, healthgate will deposit a replacement copy of the then current version of the source code of the proprietary software under the escrow agreement and will notify the publishers in writing.']",Source Code Escrow,Post-Termination Services,Source Code Escrow,Source Code Escrow,SVM,0.1464,0.0305,146,False
188,"['during the term of this agreement and for a period of two (2) years after expiration or termination for any reason of this agreement, maimon agrees not to:<omitted>suggest to, induce or persuade any customer, client, vendor, supplier, employee, consultant or agent of the company to terminate or diminish its relationship with the company.']",No-Solicit Of Employees,No-Solicit Of Employees,No-Solicit Of Customers,No-Solicit Of Customers,SVM,0.1313,0.0188,53,False
189,"[""to the extent that company, by operation of law or otherwise, acquires any right (other than pursuant to this agreement) to any of the product trademarks, any other trademarks of janssen, such copyrights or such other intellectual property rights, company shall assign to janssen all such rights at janssen's cost and will not claim ownership.""]",Ip Ownership Assignment,Ip Ownership Assignment,Ip Ownership Assignment,Ip Ownership Assignment,Agreement,0.4061,0.3085,55,False
190,"[""to assist developer to complete all project-related services and deliverable deliverables to client in a complete and timely manner, client shall provide developer access and licensed rights to the following as necessary to complete the project: (a) text, software, graphics, photos, sounds, music, videos, designs, compilations, magnetic translations, digital conversion interactive features and the like (collectively, the content); (b) any trademarks, service marks, trade dress and logos, whether owned or licensed by client (collectively, the marks); and (c) any know-how, methodologies, equipment, or processes used by client in its operations {collectively, the procedures); and (d) client's confidential information (as defined below)."", 'as such, client hereby grants developer a royalty-free, worldwide, license to use its content, marks, procedures and confidential information in order to complete the project.']",License Grant,License Grant,License Grant,License Grant,Agreement,0.3625,0.2527,126,False
191,"['in no event shall either fmi or roche be liable for special, indirect, incidental or consequential damages arising out of this agreement based on contract, tort or any other legal theory.']",Cap On Liability,Cap On Liability,Cap On Liability,Cap On Liability,Agreement,0.687,0.5008,31,False
192,"['the professional hereby grants to the company an exclusive license to use her name, likeness, image and personal identification, singly or in any combination, in connection with the production, use, marketing and sale of a ""kathy whitworth"" signature line of women\'s golf clubs (the ""products""), as described more fully in section 3 below.', 'the professional hereby grants to the company the exclusive and worldwide right to use her name, likeness, image and personal identification, singly or in any combination, during the term and for a period of six (6) months after the term as provided in section 2.8, in the creation of two (2) print advertisements per year and one (1) television advertisement per year (together, the ""advertisements"") for any golf equipment, along with all rights in any images, videos, advertisement copy or other materials created by the professional or others.', ""the professional hereby grants to the company an exclusive license to use her name, likeness, image and personal identification in the company's catalog of products."", 'the professional hereby grants an exclusive, worldwide license to the company to use the name, likeness, image and personal identification of the professional, during the term and for a period of six (6) months after the term as provided in section 2.8, in connection with the creation, manufacture, marketing, sale and promotion of the products.', 'the professional hereby grants to the company the worldwide right during the term and for a period of six (6) months after the term as provided in section 2.8 to use, reproduce, print, publish, distribute, broadcast, modify, edit, condense, or expand any materials containing her name, image, likeness or personal identification that are created hereunder.']",License Grant,License Grant,License Grant,License Grant,Agreement,0.4794,0.3654,276,False
193,"['the licensee hereby grants to the licensor an irrevocable, non-exclusive, royalty-free, perpetual, worldwide license to use of any licensee know-how.']",Irrevocable Or Perpetual License,License Grant,License Grant,License Grant,Agreement,0.3671,0.1966,20,True
194,"['for the avoidance of doubt, the parties acknowledge that the foregoing restriction applies only to persistent sponsorship placement as judged by sponsor at its discretion, and not to run-of-site banner advertisements or other rotating promotional placements.']",Competitive Restriction Exception,Non-Compete,Exclusivity,Exclusivity,SVM,0.1417,0.0137,36,False
195,"['this agreement shall be binding on the parties and their respective successors in interest and assigns, but neither party shall have the power to assign this agreement without the prior written consent of the other party. lmg may not subcontract or delegate any of its duties or obligations of performance in this agreement to any third party without the prior written consent of tag.']",Anti-Assignment,Anti-Assignment,Anti-Assignment,Anti-Assignment,DistilBERT,0.9327,0.9217,64,False
196,"['this agreement may not be assigned or otherwise transferred, nor may any right or obligation hereunder be assigned or transferred, by either party without the prior written consent of the other party.']",Anti-Assignment,Anti-Assignment,Anti-Assignment,Anti-Assignment,DistilBERT,0.9294,0.9199,32,False
197,"['anything herein to the contrary notwithstanding, company shall not have the right to distribute photographs of manning which are larger than 5"" x 7"".']",Volume Restriction,Non-Compete,Affiliate License-Licensee,Affiliate License-Licensee,SVM,0.1394,0.0106,24,False
198,['stw shall administer and provide all necessary and reasonable insurance to insure its activities on the property in relation to the agreement and shall list cofs as additional insured.'],Insurance,Insurance,Insurance,Insurance,DistilBERT,0.8664,0.8556,29,False
199,"['if as a result of the change of control event such party is merged into the buyer (other than if the buyer is formed or created for the purpose of the change of control event) or another person (other than if such person is formed or created for the purpose of the change of control event or if such person is a then-<omitted>current affiliate of such party) or otherwise does not remain a separate, independent legal entity (except if such party is merged into another person, where such person was formed or created for the purpose of the change of control event or where such person is a then-current affiliate of such party), then (i) the license rights granted to such party under article ii shall be limited to the operation of the business and the products, systems, and services (including smart sensing network equipment and public safety lte smartphone devices, as applicable) of such party existing as of the effective date of the change of control event and derivative works and natural evolutions thereof (but, in all cases, with respect to such license rights, subject to section 2.1(e) or section 2.2(e), as applicable), and (ii) no rights or licenses granted to such party under article ii may be extended to the buyer or any of its affiliates existing immediately prior to the change of control event in connection with any of its or their past, current, or future products, systems or services.', 'if as a result of the change of control event such party remains a separate, independent legal entity (or is merged into another person, where such person was formed or created for the purpose of the change of control event or where such person is a then-current affiliate of such party), then the license rights granted to such party under article ii shall continue in full force and effect.', 'upon a merger or change of control of a party (including, for purposes of this section 6.3, with respect to purchaser any purchaser licensee and with respect to seller any seller party) (a ""change of control event"") with or to a person (other than a person that is a then-current affiliate of such party) (the ""buyer""), the license rights granted under article ii to such party shall not extend to the buyer or any of its affiliates existing immediately prior to the change of control event or any of its or their past, current, or future products, systems or services.']",Change Of Control,Change Of Control,Change Of Control,Change Of Control,Agreement,0.2292,0.1421,412,False
200,"['for the avoidance of doubt, subject to, and without limiting or amending the exclusivity restrictions and confidentiality obligations set forth in section 6.1 and article 17 of the development and license agreement, respectively, antares or its subcontractor may manufacture the vibex® qs device or other devices (other than the device) for itself or other persons.']",Competitive Restriction Exception,Exclusivity,Uncapped Liability,Uncapped Liability,SVM,0.1832,0.0362,55,False
201,"['any and all web pages used by contractor in connection with the offering (the ""web pages""), and all associated proprietary rights, shall be owned exclusively by the company.']",Ip Ownership Assignment,Ip Ownership Assignment,Exclusivity,Exclusivity,SVM,0.2265,0.1277,28,False
202,"['this agreement may not be assigned by either party, except with the prior written consent of the other party.']",Anti-Assignment,Anti-Assignment,Anti-Assignment,Anti-Assignment,DistilBERT,0.9321,0.9224,19,True
203,"['garman hereby grants to sparkling, for the use of sparkling and affiliated companies of sparkling operating at authorized locations, a non-transferable and non-exclusive licence to use: (i) the software, safely in executable object code format, at each as400 at each of the authorized locations; and (ii) the documentation.', ""garman hereby grants to sparkling, a perpetual, fully paid, non-exclusive license entitling sparkling to use and reproduce the codes deposited with it pursuant to section (a) to change, update, add to, or substitute the codes, the software or any part thereof, limited to sparkling's needs for the use and improvement of the software or sparkling's operations, provided that sparkling shall only be entitled to utilize such license if sparkling terminates this agreement pursuant to section 17(c) due to garman's default, or if garman ceases to support the software as required pursuant to this agreement.""]",License Grant,License Grant,Irrevocable Or Perpetual License,Irrevocable Or Perpetual License,SVM,0.3865,0.163,142,False
204,"[""notwithstanding any other provision of this agreement, md anderson shall have the right to use results and data of the study for its internal research, academic, and patient care purposes and for publication in accordance with section 12 below, save that no right or license is granted to md anderson under any of adaptimmune's background ip. adaptimmune shall promptly disclose any data it generates to md anderson."", ""adaptimmune limited hereby grants md anderson a perpetual, irrevocable, no-cost, non-exclusive, royalty-free license to any adaptimmune invention or other invention in which adaptimmune limited has an ownership interest for md anderson's internal non-commercial research, academic and patient care purposes."", 'such license shall include an unrestricted right to sublicense through multiple tiers.', 'md anderson hereby grants adaptimmune and adaptimmune limited a non-exclusive, worldwide, irrevocable royalty-free license to any invention in which md anderson has an ownership interest, for any purpose.', ""md anderson also hereby grants to adaptimmune limited an exclusive option to negotiate an<omitted>exclusive (subject to md anderson's perpetual, irrevocable, no-cost right to use such invention for non-commercial internal research, academic and patient care purposes), royalty-bearing license to any invention in which md anderson has an ownership interest, provided that adaptimmune limited pays all reasonably incurred patent expenses for such invention in the event adaptimmune limited exercises its option."", ""for clarity the grant of any license under any invention or assignment of any invention by either party does not include any license under any of such party's background ip, even where such background ip dominates or encompasses any invention.""]",License Grant,License Grant,Irrevocable Or Perpetual License,Irrevocable Or Perpetual License,SVM,0.4016,0.2694,255,False
205,"[""provided that (a) either party may terminate this agreement, effective at any time after the first three\n\n months of the term, by giving 30 days' written notice of termination to the other party,""]",Termination For Convenience,Termination For Convenience,Termination For Convenience,Termination For Convenience,DistilBERT,0.8309,0.7998,33,False
206,"[""dexcel's responsibility for product supplied by it to kitov failing to meet the specifications shall be limited to the replacement of the product or the refund of the supply price paid by kitov for such order, as agreed by the parties, except as otherwise provided under this agreement."", ""without prejudice to any other limitation (whether effective or not) of either party's liability, neither party shall be liable to the other party (whether in contract, tort (including negligence) or for breach of statutory duty or otherwise) for any loss of profits, use, opportunity, goodwill, business or anticipated savings, for any indirect, incidental, special, indirect, punitive or consequential losses (in each case, irrespective of any negligence or other act, default or omission of a party (or its employees or agents) and regardless of whether such loss or claim was foreseeable or not and whether the other party has been informed of the possibility of such loss).""]",Cap On Liability,Cap On Liability,Cap On Liability,Cap On Liability,Agreement,0.6961,0.5215,154,False
207,"[""if macrogenics terminates this agreement pursuant to section 16.2, 16.4, or pursuant to section 16.5 for cause based on material breach by green cross:<omitted>(v) for the products (including, without limitation, mgah22), green cross shall assign and promptly transfer to macrogenics, at no expense to macrogenics, all of green cross' right, title and interest in and to (a) all regulatory filings (such as inds, ctas and drug master files), regulatory approvals, and clinical trial agreements (to the extent assignable and not cancelled) for such products(s), to the extent that macrogenics elects to continue development of such product(s); (b) all data, including clinical data, materials and information of any kind<omitted>or nature whatsoever, in green cross' possession or in the possession of its affiliates or its or their respective agents related to such product(s); (c) all trademarks related to such products (if such termination occurs after approval of such trademark by a regulatory authority); and (d) all material information, and any other information reasonably requested and required by macrogenics, relating to the manufacture of such products;""]",Ip Ownership Assignment,Ip Ownership Assignment,Post-Termination Services,Post-Termination Services,SVM,0.5385,0.4293,173,False
208,"['in the event of the death or incapacity of an individual franchisee, or any partner or shareholder of you which is a partnership or corporation, where the aforesaid provisions of paragraph xviii have not been fulfilled within the time provided, all rights licensed to you under this agreement shall, at our option, terminate forthwith and we will have the option to purchase the assets of the franchised restaurant in accordance with paragraph xvii.k. herein.', 'if you or your owners propose to sell the franchised restaurant (or its assets) or a controlling interest in the ownership of you as defined in paragraph xviii, you or your owners will obtain and deliver a bona fide, executed written offer to purchase same to us, which shall, for a period of thirty (30) days from the date of delivery of such offer to us, have the right, exercisable by written notice to you or your owners, to purchase the franchised restaurant, (its assets) or an ownership interest in you for the price and on the terms and conditions contained in such offer, provided that we may substitute cash for any form of payment proposed in such offer.', 'application for our consent to a transfer and tender of the right of first refusal provided for in paragraph xx, will be accompanied by the documents (including a copy of the proposed purchase or other transfer agreement) or other information required by us.', 'we will have the right (but not the duty), to be exercised by notice of intent to do so within sixty (60) days after termination or expiration, to purchase for cash any or all assets of the franchised restaurant, including leasehold improvements, equipment, supplies, and other inventory, advertising materials, and all items bearing the marks, at your cost or fair market value, whichever is less.', 'in the event you are a corporation, partnership, limited liability company or other entity, any transfer of stock (or other form of ownership interest) constituting a controlling interest in you will be subject to the consent, right of first refusal, transfer fee and all other applicable provisions of this agreement.', 'if we do not exercise this right of first refusal, you may accept the offer, subject to our prior written approval, as provided in paragraph xviii hereof, provided that if such offer is not so accepted within six (6) months of the date thereof, we will again have the right of first refusal herein described.']",Rofr/Rofo/Rofn,Rofr/Rofo/Rofn,Rofr/Rofo/Rofn,Rofr/Rofo/Rofn,Agreement,0.2384,0.1612,406,False
209,"['this support plan covers a 12 month period, with a maximum cap of hours for that period.']",Volume Restriction,Minimum Commitment,Volume Restriction,Volume Restriction,SVM,0.2786,0.1123,17,True
210,"['airspan will recognize payments due to distributor for orders received up to ninety (90) days after the termination or expiration of this agreement.', 'for at least two (2) years after termination of this agreement, distributor will maintain its records, contracts, and accounts relating to distribution of airspan products, and will permit examination thereof by authorized representatives of airspan at all reasonable times.']",Post-Termination Services,Post-Termination Services,Audit Rights,Audit Rights,SVM,0.5193,0.3645,62,False
211,"[""however, any party may terminate its participation in this agreement at the end of the initial period or at any time thereafter by giving at least one year's prior notice, in writing, to the other remaining parties.""]",Termination For Convenience,Termination For Convenience,Termination For Convenience,Termination For Convenience,DistilBERT,0.8352,0.8055,37,False
212,"['sfj acknowledges and agrees that, as required by the az license, medimmune shall own and retain all right, title and interest in and to any and all astrazeneca product improvements, astrazeneca product know-how and astrazeneca product patents.', 'in consideration of the approval payments to be made under this agreement (if and to the extent applicable), and in further consideration of the payment by pb to sfj of [***], sfj shall sell and transfer to pb, and pb shall acquire from sfj, the sole and exclusive ownership, even as to sfj, of the trial data package including all research results as set forth below in this section 11.1.1.4.', 'within [***] after assignment of the product filings pursuant to section 14.3.2, sfj shall deliver to pb: (a) true, correct and complete copies of all product filings in such country (in each case, whether held in the name of sfj or any of its affiliates),<omitted>and disclose to pb in writing all previously-undisclosed research results within the trial data package; (b) formally transfer or assign, or cause to be formally transferred or assigned, into the name of pb or its designee all product filings in such country (in each case, whether held in the name of sfj or any of its affiliates); and (c) take such other actions and execute such other instruments, assignments and documents as may be necessary to effect, evidence, register and record the transfer, assignment or other conveyance of such rights to pb or its designee;', 'within [***] after assignment of such product filings in the applicable country, sfj shall deliver to pb: (a) true, correct and complete copies of all product filings in such country (in each case, whether held in the name of sfj or any of its affiliates), and disclose to pb in writing all previously-undisclosed research results within the trial data package; (b) formally transfer or assign, or cause to be formally transferred or assigned, into the name of pb or its designee all product filings in such country (in each case, whether held in the name of sfj or any of its affiliates); and (c) take such other actions and execute such other instruments, assignments and documents as may be necessary to effect, evidence, register and record the transfer, assignment or other conveyance of such rights to pb or its designee.', 'sfj shall cause each employee, individual consultant and third party contractor that sfj or its affiliate proposes to engage to conduct any clinical trial activity under or in connection with this agreement (including, if applicable, in connection with the program transfer agreement) on its behalf who conceives, discovers, develops or otherwise makes any astrazeneca product improvement under or in connection with activities conducted pursuant to this agreement to be under an obligation to assign to pb their rights in any such astrazeneca product improvement, so that pb may comply with its obligations with respect to astrazeneca improvements, astrazeneca product know-how and astrazeneca product patents under the az license.', 'sfj shall, and hereby does, assign to medimmune and will cause each of its officers, directors, employees and affiliates, and its and their respective permitted third parties, to assign to medimmune all right, title and interest in and to all (i) astrazeneca product improvements that are conceived, discovered, developed or otherwise made by or on behalf of sfj or any of its affiliates (including by any of their respective third party contractors), (ii) astrazeneca product know-how generated by or on behalf of sfj or any of its affiliates (including by any of their respective third party contractors), and (iii) astrazeneca product patents claiming any such astrazeneca product improvement(s) or astrazeneca product know-how; in each case, without additional compensation, as is necessary to fully effect the sole ownership provided for in the first sentence of this section 11.1.1.2(a).', 'to the extent not previously assigned to pb pursuant to section 11.1.1.4, sfj shall, and it hereby does, assign sole and exclusive ownership of the trial data package including the research results included therein to pb, such assignment to be effective in accordance with section 11.1.1.4;', ""effective as of such termination, sfj shall, and it hereby does, assign to pb all of sfj's and its affiliates' right, title and interest in and to all product filings then owned or controlled by sfj or any of its affiliates; provided that if any such product filing is not immediately transferable in a country, sfj shall provide pb with all benefit of such product filing and such assistance and cooperation as necessary or reasonably requested by pb to timely transfer such product filing to pb or its designee or, at pb's option, to enable pb to obtain a substitute for such product filing without disruption to pb's development or commercialization of the product in the sfj territory;"", 'sfj shall cause each employee and individual consultant of such sfj or its affiliates (but excluding permitted third parties of sfj and its affiliates, which are separately addressed in section 11.1.1.3(c)) who conceives, discovers, develops or otherwise makes any trial invention to be under an obligation to assign to pb their rights in any such trial invention.', ""in addition, during the term, pb shall not take any action to terminate the az license without providing [***] prior written notice to sfj of pb's intent to terminate so that sfj may, in its sole discretion, elect to obtain the program transfer, and if sfj elects in writing within such [***] period to obtain the program transfer, then pb shall not terminate the az license but shall assign it to sfj in accordance with the program transfer agreement and in such event pb shall not be entitled to any royalty payments as set forth in section 3 of the program transfer agreement."", 'sfj, for itself and on behalf of its affiliates, hereby assigns, and shall cause such other permitted third parties to assign (subject to section 11.1.1.3(c)), to pb all its right, title and interest in and to trial inventions and all information and data necessary to support the filing of patent applications covering such trial inventions.', 'upon approval of a bla for the product for the indication by nmpa in china or pmda in japan, sfj, on behalf of itself and its affiliates, shall, and hereby does, assign to pb all of sfj\'s and its affiliates\' right, title and interest in and to all inds, blas and regulatory approvals (including all amendments and supplements to any of the foregoing) and other filings with, and formal submissions to, nmpa or pmda, respectively, and other applicable regulatory authorities in such country, in each case, with respect to the product in such country (collectively, ""product filings"").', 'sfj shall, and hereby does, assign to medimmune and will cause each of its officers, directors, employees and affiliates, and its and their respective permitted third parties, to assign to medimmune all right, title and interest in and to all patents filed by or on behalf of pb claiming any licensed know-how, without additional compensation, as is necessary to fully effect the<omitted>sole ownership provided for in the second sentence of this section 11.1.1.1(b).']",Ip Ownership Assignment,Ip Ownership Assignment,Ip Ownership Assignment,Ip Ownership Assignment,Agreement,0.4552,0.3523,1180,False
213,"[""except as otherwise provided herein, a party shall not have the right to assign any of its rights or obligations under this agreement (whether through a merger, sale of stock, or otherwise) without the prior written consent of the other party; except that, either party shall be permitted, without any need for the other party's consent, to assign this agreement (a) in whole or in part to an affiliate (provided, however, that once such person is no longer an affiliate of the assigning party, such former affiliate shall assign this agreement back to the assigning party), provided that the assigning party provides the other party notice of any such assignment provided further that failure to provide such notice of such assignment shall not render such assignment void; or (b) to a third party in connection with sale or transfer of all or substantially all of the assigning party's business or assets relating to the subject matter of this agreement, whether by change of control, merger, sale of assets or otherwise; provided, however, that, with respect to clause (b), (i) any assignment of this agreement shall be void and have no effect unless and until the assignee assumes the<omitted>obligations of the assigning party in a written instrument, a copy of which is provided to the other party; and (ii) any assignment of this agreement must be accompanied by a simultaneous assignment of the other agreements to the same assignee, and the assigning party's interest in the purchased assets to the same assignee unless otherwise agreed by conformis in advance, which agreement shall not be unreasonably withheld.""]",Change Of Control,Anti-Assignment,Anti-Assignment,Anti-Assignment,DistilBERT,0.9222,0.9018,265,False
214,"['licensor will pay the cost of such audits unless an audit reveals a discrepancy in payment or reporting of five percent (5%) or more, in which case the licensee shall reimburse the licensor for the reasonable cost of the audit.', ""licensee shall make such books and records, and appropriate personnel, available during normal business hours for audit by licensor or its authorized representative; provided that licensor shall: (a) provide licensee with reasonable prior notice of any audit; (b) undertake an audit no more than once per calendar year, unless a prior audit has disclosed a balance due; and (c) conduct or cause to be conducted such audit in a manner designed to minimize disruption of licensee's normal business operations.""]",Audit Rights,Audit Rights,Audit Rights,Audit Rights,DistilBERT,0.8619,0.851,119,False
215,"[""the rights granted under such agreements shall be included as exceptions to the exclusivity of intricon's license grant, if such agreements are executed by dynamic hearing and the third party before january 1, 2009."", 'to maintain exclusive rights to dynamic hearing technology for hearing aids intricon will make minimum annual payments to dynamic hearing as set out in the minimum payment schedule.']",Competitive Restriction Exception,Minimum Commitment,Exclusivity,Exclusivity,SVM,0.2232,0.1185,62,False
216,"[""when a vehicle or unit is ordered by a shipper or consignee after the vehicle or unit has been dispatched from carrier's terminal, a charge of one hundred twenty-five cents (125 cents) per mile traveled, subject to a minimum charge of $125.00, will be made for the empty miles traveled in connection with the order which was cancelled."", 'when, at the request of consignor or consignee, a tractor is used for spotting or similar services, at a place designated by the consignor or consignee, a charge of $35.00 per hour, will be assessed, subject to a minimum charge of $140.00 per tractor.', ""for dry bulk commodities, when loading or unloading service is performed by the carrier's own equipment, a charge of seven cents (7 cents) per 100 pounds, subject to a minimum charge or $35.00 per load will be made for loading and/or stops to partially load and the same charges will be made for unloading and/or stops to partially unload."", ""for liquid bulk commodities, when loading or unloading service is performed by the carrier's own equipment, a charge of five cents (5 cents) per 100 pounds when freight charges are in cents per 100 pounds or $.004 per gallon when freight charges are in cents per gallon, subject to a minimum charge of $24.00 per load, will be made for loading and/or stops to partially load and the same charges will be made for unloading and/or stops to partially unload."", ""the weight loaded shall not exceed the maximum weight which may lawfully be transported in carrier's equipment; provided, however, when the weight of a shipment is less than the minimum weight specified for the applicable rate, and the rate provides that in no event will freight charges be based on less than the minimum weight specified, such minimum weight will apply for the purpose of computing freight charges."", 'shipper shall tender to carrier and carrier shall transport in a series of shipments not less than 10,000 pounds of commodities per year.', 'the charge for furnishing personnel hereunder shall be $20.00 per person per hour, subject to a minimum charge of $80.00 per person.', 'mileage will be computed in accordance with the provisions of item 217 (distances-method of computing) from the closest terminal where suitable equipment is domiciled for the service requested, subject to a minimum charge of $100.00 per vehicle or unit.']",Minimum Commitment,Minimum Commitment,Minimum Commitment,Minimum Commitment,Agreement,0.405,0.2944,393,False
217,"['before taking any material step in the patent prosecution or jointly owned patents, macrogenics and its counsel shall allow green cross a reasonable opportunity to comment on the action proposed to be taken, and agrees to incorporate in such filings all reasonable comments of green cross.', 'if green cross has the right to direct legal proceedings pursuant to this section 15.5(b)(i) and does not abate such violation of jointly owned patents, including by commencement of a lawsuit against the accused person if necessary, within *** after receiving notice of such infringement of jointly owned patents and immediately after notice of other violation of such jointly owned patents, then macrogenics shall be entitled (but shall not be obligated) to take all actions reasonably necessary to abate such violation in the territory, including commencement of a lawsuit against the accused third party if necessary.', 'if macrogenics does not abate such violation of jointly owned patents, including by commencement of a lawsuit against the accused person if necessary, within *** after receiving notice of such infringement of jointly owned patents and immediately after notice of other violation of such jointly owned patents, then green cross shall be entitled (but shall not be obligated) to take all actions reasonably necessary to abate such violation in the territory, including commencement of a lawsuit against the accused third party if necessary.', 'macrogenics and green cross shall jointly own all data, results and inventions, whether patentable or not, conceived or reduced to practice by macrogenics and green cross jointly (""jointly owned ip""), together with all intellectual property rights therein, with each party owning an undivided half interest and the right to exploit without the duty of accounting or seeking consent from the other party to the extent to be permitted under applicable laws and regulations.', 'such party shall keep the jsc and the other party informed of the status of all such patent prosecution and trademark prosecution activities. macrogenics shall be responsible for undertaking the patent prosecution with respect to patents jointly owned by the parties (the ""jointly owned patents""), and shall do as directed by the jsc.', 'without limiting the generality of the foregoing, macrogenics shall prosecute and maintain jointly owned patents using outside counsel acceptable to green cross, and shall instruct such counsel to provide copies of correspondence and filings directly to green cross and otherwise permit green cross to participate with macrogenics in any of the activities of such counsel with respect to the patent and trademark prosecution of such jointly owned patents.', 'macrogenics shall have the initial right to institute and direct legal proceedings against any third party believed to be infringing jointly owned patents that claims or covers a product sold outside the territory.', ""all amounts recovered from<omitted>enforcement of any such rights by either party outside the territory relating to jointly owned patents shall be first used to reimburse each party's costs and expenses incurred in connection with such action, and any remainder of such recovery, shall be retained by the party instituting the action."", 'all out\xadof\xadpocket costs for patent prosecution of jointly owned patents and for maintaining jointly owned patents in the territory shall be shared equally by the parties.', 'green cross shall have the initial right to institute and direct legal proceedings against any third party believed to be infringing jointly owned patents that claims or covers a product sold in the territory']",Joint Ip Ownership,Covenant Not To Sue,Joint Ip Ownership,Joint Ip Ownership,SVM,0.2158,0.1197,563,False
218,"[""notwithstanding the aforesaid, it is agreed that any manufacturing methods applied by contractor, which are contractor's proprietary information, may be used by nice itself (including its affiliates) (but may not be transferred/disclosed to any third party) and by signing this agreement contractor hereby grants nice a personal, non exclusive, non transferable, perpetual license to use such manufacturing methods.""]",Irrevocable Or Perpetual License,License Grant,Non-Transferable License,Non-Transferable License,SVM,0.3502,0.1184,58,False
219,"['no joint venturer shall be authorized or empowered to mortgage, hypothecate, pledge, sell, or transfer, an interest in the joint venture, nor confer on any successor or assignee the right to become a joint venturer without the consent of the other joint venturer.']",Anti-Assignment,Change Of Control,Anti-Assignment,Anti-Assignment,SVM,0.1348,0.0074,43,False
220,"['aucta, for itself and its affiliates, hereby grants to eton in accordance with the terms and conditions of this agreement, an exclusive (even as to and against aucta in the territory) right and license, including the right to sublicense, to the products (or any components thereof), dossiers, and all current and future aucta background intellectual property that is owned or controlled by aucta or its affiliates for eton to develop, manufacture, import, use, promote, distribute, market, advertise, offer for sale or sell (collectively, ""market"") the products in and for the territory.']",Exclusivity,License Grant,License Grant,License Grant,Agreement,0.419,0.2704,91,False
221,"[""this agreement is personal to the consultant and the consultant shall not have the right to assign any of consultant's rights or delegate any of consultant's duties without the express written consent of the company."", 'any non-consented-to assignment or delegation, whether express or implied or by operation of law, shall be void and shall constitute a breach and a default by the consultant.', 'this agreement shall be binding upon, and inure to the benefit of, both parties and their respective successors and assigns, including any corporation with which, or into which, the company may be merged or which may succeed to its assets or business, provided, however, that the obligations of the consultant are personal and shall not be assigned by consultant.']",Anti-Assignment,Anti-Assignment,Anti-Assignment,Anti-Assignment,DistilBERT,0.9337,0.92,122,False
222,"['1.1.2 xli grants wcc a limited, non-exclusive, royalty-free license to use the registered trademark ""light sheets"" during the term of this agreement in connection with national, regional or local print advertising, together with internet, television, video and on-site advertising, for wcc and its event(s) during the term of this agreement, subject to all of the terms and conditions hereof.', '1.1 grant of license. 1.1.1 wcc grants a limited, non-exclusive license to xli to use the west coast customs name, image, likeness and signature, including specific west coast customs trademarks (including west coast customs logo trademarks and approved west coast customs vehicle imagery and trademarks) (collectively the ""trademarks"") during the term of this agreement in connection with national, regional or local print advertising, together with internet, television, video and on-site event advertising, only in connection with the promotion, subject to all of the terms and conditions hereof.', 'wcc shall have the right of prior written approval over all uses of the trademarks by xli.', 'xli shall have the right of prior written approval over all uses of the trademark ""xli"" by wcc.']",Non-Transferable License,License Grant,License Grant,License Grant,Agreement,0.4959,0.3371,181,False
223,"['this jv agreement cannot be assigned by a party, also as a result of the transfer of a business as a going concern, of a merger, of a de-merger or of a spin-off, without the prior written consent of the other party.']",Anti-Assignment,Change Of Control,Change Of Control,Change Of Control,Agreement,0.4326,0.2458,42,False
224,"[""both parties will each have and maintain in full force and effect during the term of this agreement (including any post-termination period for which indemnification obligations continue), all product liability and other insurance reasonably necessary to cover\n\n\n\n\n\n\n\n\n\n such party's anticipated indemnification obligation and other risk of loss for which it may be liable under this agreement."", ""such policy or policies will (a) have aggregate limits of liability of not less than $1,000,000 with respect to any incident or occurrence and of not less than $2,000,000 in the aggregate; (b) name both zanotti and aura as insured parties; and (c) provide that such policy may not be canceled except upon not less than 30 days' written notice to both zanotti and aura. each party will provide such evidence of the effectiveness of such insurance to the other party as may be reasonably requested.""]",Insurance,Insurance,Insurance,Insurance,DistilBERT,0.8236,0.791,142,False
225,"['neither party shall assign, pledge or otherwise transfer any of its rights, interest or obligations hereunder, whether by operation of law or otherwise, without the prior express written consent of the other party.']",Anti-Assignment,Anti-Assignment,Anti-Assignment,Anti-Assignment,DistilBERT,0.9334,0.9232,33,False
226,"['during the initial one year period beginning on the amendment date, distributor shall be the only distributor appointed by netgear in [*], subject to distributor conducting mutually agreed to marketing activities as described in the marketing plan for [*] to be developed and agreed to by and between the parties and which shall be attached to and made a part of this agreement as exhibit 4a.']",Exclusivity,Exclusivity,Minimum Commitment,Minimum Commitment,SVM,0.1751,0.0723,66,False
227,"['cargill shall have the first option to prepare, file, prosecute, and maintain patent applications and issued/granted patents on bioamber improvements and joint improvements, which option may be waived in whole or in part.']",Rofr/Rofo/Rofn,Ip Ownership Assignment,Rofr/Rofo/Rofn,Rofr/Rofo/Rofn,SVM,0.1531,0.0634,33,False
228,['either consultant or company may terminate this agreement upon prior written notice thereof to the other party.'],Termination For Convenience,Termination For Convenience,Termination For Convenience,Termination For Convenience,Agreement,0.8177,0.7794,17,True
229,"['each of customer and supplier shall, upon request by the other, provide the other party with a copy of all insurance policies maintained under this article 15 relating to the manufacture of the product in bulk quantities and the facilities therefor and shall notify the other party in writing at least 30 days prior to the cancellation of or any material change to such insurance policies.', 'customer and supplier each represent that they are sufficiently insured against any liability arising under this agreement.', ""each party may request that the other party procure and maintain such additional insurance coverage relating to the manufacture of the product and the facilities therefore as may be reasonably necessary in respect of the parties' respective obligations under this agreement."", 'the cost of storage, monitoring (including any on-going analytical analysis), and insurance before shipment shall be borne by [* * *].']",Insurance,Insurance,Insurance,Insurance,DistilBERT,0.8628,0.8496,145,False
230,"['paragraph 1(a) of the agreement is amended to provide that fox grants licensee a worldwide, exclusive (except as otherwise may be provided in the agreement), non-transferable right and license to distribute video clips for the property ""kingdom of heaven"" (""koh video clips"").', 'licensee shall have the non-exclusive right and license to develop and distribute ice age 2 wireless products during the term of the agreement for all wireless products set forth in this paragraph 2(c) except the game, for which licensee shall have the exclusive right and license to develop and distribute until december 31, 2006.', 'notwithstanding the foregoing, in no event will fox develop, publish and/or distribute games derived from the property ""ice age 2"" prior to january 1, 2007.']",License Grant,License Grant,Exclusivity,Exclusivity,SVM,0.3715,0.1631,121,False
231,"[""during the term and for a period of twelve (12) months thereafter network affiliate will not, without ncm's prior written consent, either alone or in concert with others directly or indirectly solicit, entice, induce, or encourage: (i) any employee, contractor or agent of ncm to terminate his or her employment, contractor or agency relationship with ncm,""]",No-Solicit Of Employees,No-Solicit Of Employees,No-Solicit Of Employees,No-Solicit Of Employees,Agreement,0.3269,0.2748,56,False
232,"['spinco agrees that it will not (i) oppose, challenge, petition to cancel, contest or threaten in any way, or assist another party in opposing, challenging, petitioning to cancel, contesting or threatening in any way, any application or registration by nuance or its affiliates or their respective licensees for any nuance ip, (ii) engage in any act, or purposefully omit to perform any act, that impairs or adversely affects the rights of nuance or any member of the nuance group in and to any nuance ip or (iii) apply for any registration (including federal, state and national registrations) with respect to the nuance ip.', 'nuance agrees that it will not (i) oppose, challenge, petition to cancel, contest or threaten in any way, or assist another party in opposing, challenging, petitioning to cancel, contesting or threatening in any way, any application or registration by spinco or its affiliates or their respective licensees for any spinco ip, (ii) engage in any act, or purposefully omit to perform any act, that impairs or adversely affects the rights of spinco or any member of the spinco group in and to any spinco ip or (iii) apply for any registration (including federal, state and national registrations) with respect to the spinco ip.']",Covenant Not To Sue,Covenant Not To Sue,Covenant Not To Sue,Covenant Not To Sue,Agreement,0.434,0.3705,206,False
233,"['if any product collateral ip (or any aspect thereof) are not designed and/or created by calm, such product collateral ip (or aspect thereof) shall be deemed ""works made for hire"" for calm within the meaning of the u.s. copyright law and/or other applicable comparable laws or, if they do not so qualify, all ownership rights thereto shall be, and are hereby, assigned to calm.']",Ip Ownership Assignment,Ip Ownership Assignment,Ip Ownership Assignment,Ip Ownership Assignment,Agreement,0.5634,0.5119,64,False
234,"['bachem shall provide, and shall cause its affiliates and sublicensees who perform activities in connection with the manufacture of product to provide, to magenta, upon its reasonable request, a statement of coverages, amounts of insurance, and deductibles, and a copy of all policies including clauses within the policies that the insurance company has a duty to defend and indemnify.', 'bachem shall, during the initial term and any renewal terms, and [***] after the expiration of the last product is delivered, obtain and maintain, at its own cost and expense and from a qualified insurance company, comprehensive general liability insurance including, but not limited to, contractual liability coverage and standard product liability coverage in an amount commensurate with industry standards.']",Insurance,Insurance,Insurance,Insurance,DistilBERT,0.8743,0.8651,119,False
235,"['either party may, at its option, terminate this agreement without cause, effective at any time after january 31, 1999, upon giving at least ninety (90) days prior written notice of such termination to the other party.']",Termination For Convenience,Termination For Convenience,Termination For Convenience,Termination For Convenience,DistilBERT,0.8346,0.804,36,False
236,"['subject to the provisions of this agreement, bioeq hereby grants to licensee an exclusive (even as to bioeq), milestone- and royalty-bearing, non-transferable license (including the right to grant sublicenses only to the extent permitted by section 2.1.2) under the licensed technology (including the licensed patents) to use, sell, have sold, import, have imported or otherwise commercialize the licensed products in the field in the territory.']",Non-Transferable License,License Grant,License Grant,License Grant,Agreement,0.3748,0.1267,65,False
237,"['notwithstanding the provisions of section 5.8, if, during the term, (a) harpoon or any of its affiliates acquires, as the result of an acquisition, rights to a competing product, such acquisition, and the development, manufacture or commercialization of such competing product thereafter, shall not constitute a breach of section 5.8 if harpoon or such affiliate, as applicable, [***]; or (b) harpoon undergoes a change in control and the relevant acquirer is either then commercializing a competing product, or has in development any competing product, such change in control, and the commercialization (or development and subsequent commercialization, if such competing product receives regulatory approval) of such competing product by such relevant acquirer or any of its affiliates, shall not constitute a breach of section 5.8; provided that such (x) acquirer segregates the competing product and (y) abbvie shall have the right, in its sole and absolute discretion, by written notice delivered to harpoon (or its successor) at any time during the [***] following the written notice contemplated by section 13.2.1, to (i) terminate any or all provisions of this agreement providing for any delivery by abbvie to harpoon of confidential information of abbvie relating to activities contemplated by this agreement, save only for (a) article 6, (b) information regarding sublicenses pursuant to section 5.3, (c) information regarding the prosecution, enforcement, defense, litigation, infringement and licensing of patents pursuant to (1) sections 7.2.1, 7.2.3, 7.3.1, 7.3.5, 7.4, and 7.5.2, (2) solely with respect to joint patents, sections 7.2.2, 7.3.2, and 7.5.3, and (3) solely with respect to joint patents and harpoon patents, sections 7.3.4 and 7.5.1, (d) notice of any license pursuant to section 5.9.2, (e) safety data pursuant to section 8.1, (f) proposed disclosures pursuant to section 9.5, (g) communications under section 11.4 and (h) notices pursuant to sections 11.3 and 13.1; and (ii) disband the jgc and terminate its activities, in which case the provisions set forth in the last sentence of section 2.3 shall apply.', 'harpoon (or its successor) shall provide abbvie with written notice of any change in control of harpoon or acquisition by harpoon within [***] following the closing date of such transaction.']",Change Of Control,Change Of Control,Change Of Control,Change Of Control,Agreement,0.3523,0.2256,356,False
238,"['the company further agrees to provide and maintain, at its own expense, a policy of directors and officers insurance with limits no less than $25,000,000 and within thirty (30) days from the date hereof, the company will submit to nantz communications a fully paid policy or certificate of insurance naming nantz as an insured party, requiring that the insurer shall not terminate or materially modify such without written notice to nantz communications at least twenty (20) days in advance hereof', 'the company agrees to provide and maintain, at its own expense, advertising and product liability insurance each with limits no less than $5,000,000 and within thirty (30) days from the date hereof, the company will submit to nantz communications a fully paid policy or certificate of insurance naming nantz communications and nantz as insured parties, requiring that the insurer shall not terminate or materially modify such without written notice to nantz communications at least twenty (20) days in advance thereof.']",Insurance,Insurance,Insurance,Insurance,DistilBERT,0.8623,0.8529,160,False
239,"[""you hereby agree with the company that to protect the company's and any and all group company's business interests, customer connections and goodwill and the stability of its or their workforce, that you will not during the restricted period (and in respect of sub-paragraph 14.2(f) below only, at any time):<omitted>(d) either on your own account or for any person, firm or company directly or indirectly solicit or entice away or endeavour to solicit or entice away any director or senior employee of the company or any group company employed in a managerial, scientific or technical role with whom you have had material personal dealings in the twelve (12) months prior to the termination date;""]",No-Solicit Of Employees,No-Solicit Of Employees,No-Solicit Of Employees,No-Solicit Of Employees,Agreement,0.3179,0.2611,114,False
240,"['ncm shall not engage in any conduct which may place network affiliate or any network affiliate mark in a negative light or context, and shall not represent that it owns or has any interest in any network affiliate mark other than as expressly granted herein, nor shall it contest or assist others in contesting the title or any rights of network affiliate (or any other owner) in and to any network affiliate mark.', 'network affiliate shall not engage in any conduct which may place ncm or any ncm mark in a negative light or context, and shall not represent that it owns or has any interest in any ncm mark other than as expressly granted herein, nor shall it contest or assist others in contesting the title or any rights of ncm (or any other owner) in and to any ncm mark.', ""neither party will at any time, except to the extent necessary to assert or defend its rights under this agreement: (i) challenge or otherwise do anything inconsistent with the other party's right, title or interest in its property, (ii) do or cause to be done or omit to do anything, the doing, causing or omitting of which would contest or in any way impair or tend to impair the rights of the other party in its property, or (iii) assist or cause any person or entity to do any of the foregoing.""]",Covenant Not To Sue,Covenant Not To Sue,Covenant Not To Sue,Covenant Not To Sue,Agreement,0.4931,0.4362,234,False
241,"['this agreement and all the rights and obligations of party b hereunder shall not be assigned, pledged, sublicensed without the prior written consent of party a.']",Anti-Assignment,Anti-Assignment,Anti-Assignment,Anti-Assignment,DistilBERT,0.8975,0.885,26,False
242,"['within seven (7) days of receipt of such products, distributor will notify company of any shortages, defects, non-conformance, and company will promptly replace such products free of charge.']",Warranty Duration,Warranty Duration,Warranty Duration,Warranty Duration,Agreement,0.2598,0.1501,28,False
243,"[""pretzel time reserves the right to suspend contributions/fees and operations of the advertising fund for one or more periods, and the right to terminate the advertising fund, upon thirty (30) days' prior written notice to franchisee.""]",Termination For Convenience,Termination For Convenience,Termination For Convenience,Termination For Convenience,DistilBERT,0.7467,0.7097,36,False
244,"['except as expressly provided hereunder, neither this agreement nor any rights or obligations hereunder may be assigned or otherwise transferred by either party without the prior written consent of the other party (which consent shall not be unreasonably withheld); provided, however, that either party may assign this agreement and its rights and obligations hereunder without the other party\'s consent in connection with the transfer or sale of all or substantially all of the business of such party to which this agreement relates to a third party, whether by merger, sale of stock, sale of assets or otherwise (a ""change of control event"").', 'any assignment not in accordance with this agreement shall be void.']",Anti-Assignment,Anti-Assignment,Anti-Assignment,Anti-Assignment,DistilBERT,0.9314,0.9175,113,False
245,"['no third party has the right to sublicense any siga patent or siga trademark without the express written consent of siga, which consent will be withheld if in any way it conflicts with this agreement.', 'except for the subcontractors appointed by mmt as of the effective date as listed on exhibit a attached hereto, mmt may not grant sublicenses of the rights and licenses granted to it in section 2.1(a) to any affiliate (including pfizer or any affiliate of pfizer) or third party without the prior written approval of siga (such approval not to be unreasonably withheld).']",Non-Transferable License,Non-Transferable License,Affiliate License-Licensee,Affiliate License-Licensee,SVM,0.1599,0.0088,97,False
246,"['in case of violation of this article, the party shall pay to the other party an equivalent of eighteen (18) months gross salary of the respective employee.']",Liquidated Damages,Revenue/Profit Sharing,Liquidated Damages,Liquidated Damages,SVM,0.2843,0.1188,27,False
247,"[""king hereby grants to depomed a non-assignable, non-sublicensable (except to any third party acting as the depomed sales force), non-exclusive, royalty-free right and license to use the king trademarks in the territory solely in connection with depomed's promotion of the product."", 'depomed agrees to grant and hereby grants to king an exclusive option (exercisable at king\'s sole discretion by providing written notice of intent at any time, but in no event later than 180 days after the effective date) to obtain an exclusive license in the territory to certain of depomed\'s proprietary drug delivery technology in combination with both metformin hydrochloride and any other active pharmaceutical ingredients (a ""combination product license"").', 'depomed hereby grants to king the non-exclusive right, during the term, to use the launch promotional materials supplied to king pursuant to this section 4.4(c) in the performance of its obligations under this agreement.', ""depomed hereby grants to king a non-assignable, non- sublicensable, non-exclusive, royalty-free right and license to use the depomed trademarks in the territory solely in connection with king's promotion of the product in accordance with this agreement; provided king may assign and sublicense such right and license in accordance with section 2.2."", 'during the term, subject to the terms and conditions of this agreement, depomed hereby grants to king and its affiliates and king and its affiliates hereby accept a co-exclusive right to promote the product under the depomed trademarks in the territory together with depomed and its affiliates only, on the terms and subject to the conditions set forth herein.', 'subject to this section 4.8 and to applicable legal requirements, depomed shall have the right to use depomed trademarks, and include the name ""depomed,"" ""acuform,"" or any variation thereof on the promotional materials developed by depomed in accordance with this agreement.', 'depomed shall, and does hereby, grant to king a royalty-free license to use and reproduce such materials solely in conjunction with its promotion of the product pursuant to this agreement, which license shall not be assignable or transferable by king, except in accordance with the terms of section 2.2.']",License Grant,License Grant,Non-Transferable License,Non-Transferable License,SVM,0.4238,0.2063,345,False
248,"['telkom shall not copy the source code, nor disclose it to any third party except agents retained by telkom to assist in maintaining the software, provided that no such agent is in the business of marketing or developing software competitive with the software.']",Non-Compete,Non-Compete,Non-Compete,Non-Compete,Agreement,0.1685,0.0353,43,False
249,"['subject to the provisions of 11.1, dynamic hearing may terminate this agreement upon three (3) months written notice to intricon of such termination.']",Termination For Convenience,Termination For Convenience,Termination For Convenience,Termination For Convenience,DistilBERT,0.8366,0.8082,23,False
250,"[""such reserved non-exclusive license shall be solely for use by the company and its affiliates and shall not be transferable to any third party, except in connection with a merger, consolidation, or the sale or transfer of substantially all of the company's assets associated with the performance of this ip agreement."", ""such rights to joint improvements shall be solely for use by the company and shall not be transferable to any third party except in connection with a merger, consolidation, or the sale or transfer of substantially all of company's assets associated with performance under this ip agreement."", ""such rights to investor improvements shall be solely for use by the company and its affiliates and shall not be transferable to any third party, except in connection with a merger, consolidation, or the sale or transfer of substantially all of company's assets associated with performance under this ip agreement."", 'the non- exclusive rights granted to investor under this article 3.02 do not include the right to grant sublicenses to third parties.']",Non-Transferable License,Non-Transferable License,Affiliate License-Licensee,Affiliate License-Licensee,SVM,0.2046,0.0568,170,False
251,"['tl hereby grants to integrity the right to use its ""tl music"" name and logo (""the tl trademarks"") in connection with the products produced during the term of this agreement for as long as the parties continue to sell and distribute such products at no additional cost to integrity, and in accordance with the terms and conditions contained herein.', 'integrity hereby grants to tl the right to use its ""integrity music"" name and logo (""the integrity trademarks\') in connection with the products produced during the term of this agreement for as long as the parties continue to sell and distribute such products at no additional cost to tl, and in accordance with the terms and conditions contained herein.', 'tl will hold exclusive worldwide rights to promote and sell the product through the following distribution channels: outgoing telemarketing, general market retail, and general market catalogs, and exclusive rights within the united states for television direct response.']",License Grant,License Grant,License Grant,License Grant,Agreement,0.4125,0.2378,155,False
252,"[""this agreement may not be assigned by either party without the prior written consent of the other party, except that, without such consent, (i) company may make an assignment of this agreement as collateral security in favor of its lenders, and (ii) the company may assign this agreement to a purchaser of all or substantially all of the assets of the company's business related to the products.""]",Anti-Assignment,Anti-Assignment,Anti-Assignment,Anti-Assignment,DistilBERT,0.9096,0.8842,67,False
253,"['further, subject to section 17(c), neither party shall not be liable to the other party for any lost revenue, lost profit or lost savings.', 'subject to section 17(c), in no event shall either party be liable to the other for any consequential, incidental, exemplary or punitive damages even if advised in advance of the possibility of such damages.', ""subject to section 17(c), in no event shall either party's liability under this agreement exceed the aggregate of all amounts paid under this agreement and amounts that have accrued but not yet been paid in the twelve (12) months preceding the event giving rise to the claim.""]",Cap On Liability,Cap On Liability,Cap On Liability,Cap On Liability,Agreement,0.6962,0.5162,105,False
254,"[""however, to the extent that any work may not, by operation of any laws, be a work made for hire, md anderson hereby assigns, transfers and conveys to lbio all of md anderson's worldwide right, title and interest in and to such work, including all intellectual property rights therein and relating thereto, subject to md anderson's right to use such work for internal research, academic, and non-commercial patient care purposes prior to publication or public disclosure."", 'md anderson further acknowledges and agrees that all original works of authorship that are made by md anderson (solely or jointly with others) in the performance of the research, excluding any publication made in accordance with section 6.4 (a ""work"") and that are protectable by copyright are ""works made for hire,"" as that term is defined in the united states copyright act.', ""md anderson shall promptly make full written disclosure to lbio, shall hold in trust for the sole right and benefit of lbio, and hereby assigns, transfers and conveys to lbio, or its designee, all of md anderson's worldwide right, title and interest in and to any and all inventions and all intellectual property rights therein and relating thereto[, provided that md anderson shall retain the right to use any such invention for internal research, academic, and patient care purposes]""]",Ip Ownership Assignment,Ip Ownership Assignment,Ip Ownership Assignment,Ip Ownership Assignment,Agreement,0.5819,0.5401,217,False
255,"['neither party shall have the right to assign or otherwise transfer its rights or obligations under this agreement except with the prior written consent of the other party, not to be unreasonably withheld or delayed.']",Anti-Assignment,Anti-Assignment,Anti-Assignment,Anti-Assignment,DistilBERT,0.9327,0.9223,35,False
256,"['bellicum may terminate this agreement or a particular module upon ninety (90) days written notice to miltenyi: 1) if bellicum, in its sole and absolute discretion, discontinues or indefinitely suspends the development and/or commercialization of the bellicum product(s) or 2) without cause for any reason or no reason.']",Termination For Convenience,Termination For Convenience,Termination For Convenience,Termination For Convenience,Agreement,0.5871,0.5024,48,False
257,"['participation in all insurance schemes from time to time is subject to: (a) the terms of the relevant insurance scheme, as amended from time to time; (b) the rules or the insurance policy of the relevant insurance provider, or wpp healthcare trust as amended from time to time; and (c) the executive (and where relevant any other potential beneficiary) satisfying the normal underwriting requirements of the relevant insurance provider and the premium being at a rate which the company considers reasonable.', 'the executive is entitled to membership of a group income protection plan and life assurance cover, which will be paid for by the company.', 'the company shall have the right at its sole discretion to alter the cover provided or any term of any insurance scheme or to cease to provide (without replacement) any insurance scheme or cover at any time.', 'in partial spend of the fixed benefits allowance referred to in sub-clause 6.1, the executive and his spouse or civil partner and any children under the age of 21 (or 24 if in full time education) are entitled to membership of a private medical insurance scheme.']",Insurance,Insurance,Insurance,Insurance,DistilBERT,0.8701,0.8602,188,False
258,"['the buyer entities acknowledge and agree that<omitted>(c) the company shall not represent or make any claim that it has an ownership interest in any arizona licensed ip.', 'arizona acknowledges and agrees that (a) the company and its affiliates own the company licensed ip, (b) neither arizona, nor its affiliates or its sublicensees, will acquire any ownership rights in the company licensed ip, and (c) arizona shall not represent or make any claim that it has an ownership interest in any company licensed ip. w', ""without limitation to the foregoing, the company shall not file applications to register any arizona licensed ip or assist any person in doing the same, or contest, challenge, or otherwise take any action adverse to arizona's and its affiliates' ownership of or rights in and to the arizona licensed ip, or assist any person in doing the same."", ""without limitation to the foregoing, arizona shall not file applications to register any company licensed ip or assist any person in doing the same, or contest, challenge, or otherwise take any action adverse to the company's and its affiliates' ownership of or rights in and to the company licensed ip, or assist any person in doing the same.""]",Covenant Not To Sue,Covenant Not To Sue,Covenant Not To Sue,Covenant Not To Sue,Agreement,0.5075,0.4473,200,False
259,"[""licensee will not, at any time during or after this agreement, register, attempt to register, claim any interest in, contest the use of, or otherwise adversely affect the validity of any of licensor's marks (including, without limitation, any act or assistance to any act, which may infringe or lead to the infringement of any such marks).""]",Covenant Not To Sue,Covenant Not To Sue,Covenant Not To Sue,Covenant Not To Sue,Agreement,0.5453,0.5113,56,False
260,"[""ceis hereby grants xfn and its affiliates a non-exclusive license (free of all third-party liens, claims and encumbrances) to, and to permit others to, during the term in the people's republic of china:\n\n (a) store or cache the content in one or more host computers controlled directly or indirectly by xfn or its affiliates;\n\n (b) adapt, translate, modify, reproduce, copy, amend, revise or encode the content; and\n\n (c) publish, broadcast, distribute, re-distribute, transmit, display, make available to the public or otherwise exploit the content in any manner by any device or in<omitted>media now or hereafter known."", 'ceis hereby grants xfn and its affiliates an exclusive license (free of all third-party liens, claims and encumbrances) to, and to permit others to, during the term in the territory:<omitted>(a) store or cache the content in one or more host computers controlled directly or indirectly by xfn or its affiliates;\n\n (b) adapt, translate, modify, reproduce, copy, amend, revise or encode the content; and\n\n (c) publish, broadcast, distribute, re-distribute, transmit, display, make available to the public or otherwise exploit the content in any manner by any device or in media now or hereafter known.']",License Grant,License Grant,Affiliate License-Licensee,Affiliate License-Licensee,SVM,0.4298,0.2696,189,False
261,"['franchisee agrees and grants to pretzel time and its affiliates a perpetual and worldwide right to use and authorize other pretzel time units or other food service businesses operated by pretzel time or its affiliates, franchisees and designees to use such ideas, recipes, formulas, concepts, methods, and techniques relating to the development and/or operation of a dessert or snack food business.', 'pretzel time hereby grants to franchisee and franchisee agrees to undertake, during the term of this agreement and upon the terms and conditions stated in this agreement, the right, license and privilege to operate, conduct,\n\n\n\n\n\nand do business and to use certain trade names, trademarks, service marks, logos, and other commercial symbols, including pretzel time (referred to as ""marks"") solely and exclusively for the operation of one retail franchise unit (referred to as ""franchise""), which is in the form of a (store/kiosk/cart), and to sell those products known as pretzel time pretzels and other pretzel time-approved menu items and products further described in section 2 (hereinafter ""products"") in accordance with the provisions of this agreement and in accordance with rules, standards, systems, and procedures as prescribed by pretzel time which may be changed, improved and further developed from time to time, (hereinafter ""pretzel time system""), at one (1) location only, such location to be\n\n (hereinafter ""site"").']",License Grant,License Grant,License Grant,License Grant,Agreement,0.4552,0.3535,216,False
262,"['the insurance shall be in an amount of: $2,000,000 per occurrence and $2,000,000 aggregate with a $2,000,000 aggregate for products and completed operations.', ""during the term of this agreement, and before any sponsorship or promotional activities are conducted under this agreement, company shall obtain and maintain at its expense, commercial general liability insurance coverage with an insurance carrier with a best's rating of a+."", ""the association must be a named additional insured, and shall be provided at least 30 days' notice for cancellation of policy and 10 days' notice for non-payment of premium."", 'such insurance shall be primary and non-contributory.']",Insurance,Insurance,Insurance,Insurance,DistilBERT,0.8759,0.8664,100,False
263,"[""if airsopure fails to notify you of its election to exercise its right of first refusal granted herein within the thirty day period, then you may sell the franchise rights and license or the stock for the amount of the bona fide offer, subject to airsopure's rights under section 12.02 above. any material change in the terms or conditions of any offer prior to closing shall constitute a new offer subject to airsopure's right of first refusal described herein. if you fail to consummate the transaction within 30 days from the earlier of: (a) receipt of notice from airsopure that it elects not to exercise its right of first refusal, or (b) expiration of the 15 day period referred to herein, then you must resubmit the proposed transaction to airsopure, and airsopure shall have a new 15 day review period and right of first refusal."", ""airsopure shall have the right, but not the duty, to be exercised by notice of intent to do so within 30 days after termination or expiration, to purchase any or all signs, advertising materials, supplies and inventory and any other items bearing airsopure's licensed marks, at your cost or at fair market value, whichever is less."", 'airsopure shall have the option, within 15 days after receipt of such written notice, to notify you that airsopure elects to purchase the rights and license granted herein or stock ownership on the same terms and conditions as the bona fide written offer.']",Rofr/Rofo/Rofn,Rofr/Rofo/Rofn,Rofr/Rofo/Rofn,Rofr/Rofo/Rofn,Agreement,0.2243,0.0589,244,False
264,"[""with respect to beacon optofluidic machines (including related hardware and software), consumables and services for which ginkgo has placed a purchase order pursuant to this agreement, the parties agree to the bli terms and conditions that apply with respect to beacon optofluidic machines (including related hardware and software), consumables and services, unless, notwithstanding anything to the contrary set forth in the bli terms and conditions (including any language regarding the treatment of additional or different terms set forth therein), a term in such bli terms and conditions is inconsistent with a term in this agreement, in which case this agreement shall control, including as follows:<omitted>4.1.9 ginkgo may elect, at any time in its sole discretion, to terminate the software license agreement that comprises part of the bli terms and conditions and, upon such termination, ginkgo's right to use such underlying software shall term""]",Termination For Convenience,Post-Termination Services,License Grant,License Grant,SVM,0.3003,0.0966,143,False
265,"['the use fees shall remain the same as in the initial period and the fee for the services shall not exceed $7000 for additional journals, $2000 maintenance fee on existing journals and $2000 per gigabyte.']",Price Restrictions,Minimum Commitment,Volume Restriction,Volume Restriction,SVM,0.3806,0.2699,35,False
266,"[""buyer, for itself and its insurers, expressly waives any and all limitations or liability caps, if any, on buyer's contribution liability to seller, and any and all statutory or common law lien rights or claims against seller arising from any applicable workers compensation or disability acts, which buyer might or could assert against seller or seller's insurers in the event of the personal injury or death of buyer's employees, representatives or servants.""]",Uncapped Liability,Cap On Liability,Cap On Liability,Cap On Liability,Agreement,0.5694,0.3826,72,False
267,"['for a period of not less than two (2) years after the date of termination, each party shall maintain, and make available to the other party upon its request, for inspection and copying all books and records that pertain to performance of and compliance with obligations, warranties and representations under this agreement.']",Audit Rights,Audit Rights,Audit Rights,Audit Rights,DistilBERT,0.781,0.7377,52,False
268,"[""the liability of deltathree for damages or alleged damages hereunder, whether in contract, tort or any other legal theory, is limited to, and will not exceed, primecall's direct damages."", ""the liability of primecall for damages or alleged damages hereunder, whether in contract, tort or any other legal theory, is limited to, and will not exceed, deltathree's direct damages."", 'in no event shall primecall be liable to deltathree for any special, incidential or consequential damages, including, without limitation, loss of profits, revenues or data whether based on breach of contract, tort or otherwise, whether or not deltathree has been advised of the possibility of such damage.', 'in no event shall deltathree be liable to primecall for any special, incidential or consequential damages, including, without limitation, loss of profits, revenues or data whether based on breach of contract, tort or otherwise, whether or not primecall has been advised of the possibility of such damage.']",Cap On Liability,Cap On Liability,Cap On Liability,Cap On Liability,Agreement,0.6942,0.5143,152,False
269,"['during the term, and without limiting section 4.2, achaogen hereby grants to microgenics a royalty-free, exclusive, worldwide license to use the achaogen<omitted>know-how, achaogen patents, and achaogen materials to research, develop, manufacture, use, market and sell the assay in the territory. [***].']",Exclusivity,License Grant,License Grant,License Grant,Agreement,0.4426,0.3089,41,False
270,['the reseller shall be entitled to enter into agreements with its subsidiaries and affiliates to act as sub-distributors and/or selling agents of the products in the territory.'],Affiliate License-Licensee,Exclusivity,Exclusivity,Exclusivity,Agreement,0.3231,0.2179,27,False
271,"['subject to the terms and conditions hereof, drkoop.com hereby represents that it has the power and authority to grant, and does hereby grant to sponsor a non-exclusive, non-transferable, royalty-free, worldwide license to reproduce and display all logos, trademarks, trade names and similar identifying material relating to drkoop.com and, solely as allowed pursuant to this agreement, to the dr. c. everett koop name (collectively, the ""drkoop.com marks"") solely in connection with the promotion, marketing and distribution of the parties and the sites in accordance with the terms hereof, provided, however, that sponsor shall, other than as specifically provided for in section 4.4 of this agreement, not make any specific use of any drkoop.com marks without first submitting a sample of such use to drkoop.com and obtaining its prior consent, which consent shall not be unreasonably withheld.', 'subject to the terms and conditions hereof, sponsor hereby represents and warrants that it has the power and authority to grant, and does hereby grant to drkoop.com a non-exclusive, non-transferable, royalty-free, worldwide license to reproduce and display all logos, trademarks, trade names and similar identifying material relating to sponsor (the ""sponsor marks"") solely in connection with the promotion, marketing and distribution of the parties and the sites in accordance with the terms hereof, provided, however, that drkoop.com shall, other than as specifically provided for in this agreement, not make any specific use of any sponsor mark without first submitting a sample of such use to sponsor and obtaining its prior consent, which consent shall not be unreasonably withheld.']",License Grant,License Grant,Non-Transferable License,Non-Transferable License,SVM,0.351,0.0917,253,False
272,"['subject to the terms and -------------------------------- conditions of this agreement, ntl, to the extent of its legal right to do so, hereby grants to entrust under the nortel patents, a non-transferable, non- assignable, indivisible, non-exclusive, royalty-free, worldwide license for licensed products and licensed services.', 'eti, on behalf of entrust, grants to ntl and its ------------ affiliates (as defined in the enterprise license) a non-exclusive, fully paid- up, worldwide, perpetual license to use an unlimited number of copies of the entrust products subject to the terms and conditions of an agreement to be concluded between ntl and eti promptly after the effective date in substantially the form of the license set forth in exhibit b (the ""enterprise license"") save ------------------ as amended to comply with the provisions of this article iii.', 'subject to the terms and ----------------------------------- conditions of this agreement, entrust, to the extent of its legal right to do so, hereby grants to nortel, under the entrust patents, an irrevocable, non- transferable, non-assignable, indivisible, non-exclusive, royalty-free, worldwide license for licensed products and licensed services.', 'the licenses granted pursuant to<omitted>sections 6.01 and 6.02 (each such license being a ""patent license"") include the<omitted>following rights:\n\n(a) to make, use, lease, sell or otherwise dispose of, maintain and repair, licensed products, to license the use of licensed products made by or for grantee, to practice any process involved in the manufacture or use of licensed products, and to provide licensed services;\n\n(b) to have made licensed products by another manufacturer for the use, lease, sale, disposal or transfer by grantee, but only when both of the following conditions are met:\n\n (i) the designs, specifications and working drawings for the manufacture of such licensed products are furnished by grantee; and\n\n (ii) such designs, specifications and working drawings are in sufficient detail that no additional design by the manufacturer is required other than adaptation to the production processes and standards normally used by the manufacturer which change the characteristics of the products only to a negligible extent;<omitted>(c) to make and have made, to use and have used, and to maintain machines, tools, materials and other manufacturing instrumentalities, and to use and have used methods and processes, insofar as such machines, tools, materials, other manufacturing instrumentalities, methods and processes are involved in or incidental to the development, manufacture, installation, testing, maintenance or repair of licensed products, or to the training of personnel in the use of such licensed products; provided, however, that the rights granted in this section 6.03(c) shall not serve to enlarge the scope of the rights granted in section 6.03(b);']",License Grant,License Grant,License Grant,License Grant,Agreement,0.3613,0.157,425,False
273,"['[***], neither valeant nor its affiliates shall, directly or indirectly, [***] in the territory other than the product; provided that if the agreement is terminated by dova pursuant to [***], then any tail period shall be immediately terminated if either valeant or any of its affiliates, directly or indirectly, [***] in the territory other than the product during such tail period.']",Non-Compete,Non-Compete,Non-Compete,Non-Compete,Agreement,0.1435,0.0442,61,False
274,['hsns agrees to pay e.piphany an additional $0.005 per email for any email distributed by hsns as a result of any deal it closes that either results from a lead generated by e.piphany or in which e.piphany assisted prior to closing for the first year after the deal closes.'],Revenue/Profit Sharing,Revenue/Profit Sharing,Revenue/Profit Sharing,Revenue/Profit Sharing,Agreement,0.3564,0.1924,49,False
275,"['subscription fee in territory is to be determined based on market research performed by distributor with pricing to be agreed upon jointly and in writing each quarter, distributor will make royalty payments to imntv based on a structure as follows:\n\n55% of subscriber revenue for the subscription based services broadcasting imntv content only, net of telecom percentage provided in accordance with this agreement.']",Revenue/Profit Sharing,Revenue/Profit Sharing,Revenue/Profit Sharing,Revenue/Profit Sharing,Agreement,0.6838,0.6124,62,False
276,"['in the event that the transfer license is granted, achaogen shall owe no payments to microgenics for the first [***] ([***]) months that any assay commercialized under the transfer license is commercialized and shall pay a [***] percent ([***]%) royalty on its net sales (i.e., gross sales less all deductions, reductions and offsets reasonably taken in accordance with generally accepted accounting principles in the united states) of assays commercialized under the transfer license following the end of such [***] ([***]) month<omitted>period.']",Revenue/Profit Sharing,Revenue/Profit Sharing,Revenue/Profit Sharing,Revenue/Profit Sharing,Agreement,0.4554,0.3099,81,False
277,"['effective as of the initial closing date, the seller hereby grants (and will cause each other seller party to grant, following each applicable closing date, to the purchaser licensees) a perpetual (unless terminated in accordance with section 4.2(ii)(c)), fully paid-up, royalty-free, worldwide, non-transferable (except as set forth herein), non-exclusive license to use any and all licensed trademarks in the business (including with respect to the purchaser licensed activities), including with respect to all derivative works and natural evolutions of such business, in a manner that is the same or substantially similar to the manner in which the seller entities have used the licensed trademarks in the business.', 'effective as of the initial closing date, the seller hereby grants (and will cause each other seller party to grant following each applicable closing date) to the purchaser licensees:\n\n(a) for a period of one hundred eighty (180) days after the applicable closing date (the ""mobility transition period""), a fully paid-up, royalty-free, worldwide, non-transferable, non-exclusive sublicense to use any and all mobility trademarks, in accordance with the terms and conditions of the mobility trademark license; and\n\n(b) for a period of seven hundred thirty (730) days after the applicable closing date (the ""non-mobility transition period""), a fully paid-up, royalty-free, irrevocable (except as expressly set forth herein), worldwide, non-transferable, non- exclusive license to use any and all retained seller trademarks (other than the mobility trademarks and licensed trademarks) that are or have been, on or prior to the initial closing date, used in connection with the business or any product, service, or system in the business (the ""non-mobility trademarks""),\n\nin each case of clauses (a) and (b), solely in connection with the operation of the business or with the exercise of the licenses granted pursuant to section 2.2(a) and section 2.2(b), in a manner that is the same or substantially similar to the manner in which the seller entities used the mobility trademarks or non-mobility trademarks, as applicable, in connection with the business as of the initial closing date, including with respect to existing signs and stocks of advertisements and promotional materials and items, inventory and packaging included in the acquired assets (""existing stock"") containing any mobility trademark or non- mobility trademark.', 'effective as of the initial closing date the seller hereby grants (and will cause each other seller party to grant, following each applicable closing date), to the purchaser licensees an irrevocable (except as expressly set forth herein), non-sublicenseable (except as expressly set forth herein), perpetual, fully paid-up, royalty-free, worldwide, non-transferable (except as expressly set forth herein), non-exclusive license, under the licensed ip (other than trademarks and patents):\n\n(i) (a) to use such licensed ip in the operation of the business and to practice any methods, processes, and procedures in connection therewith and (b) to make, have made, use, sell, offer for sale, import, and otherwise dispose of products, services, and systems that were designed, developed, manufactured,<omitted>distributed, offered for sale, sold, resold, supported, otherwise under development, or provided, as of the applicable closing date, by the seller entities in connection with the business and to practice any methods, processes, and procedures in connection therewith, and in each case of clauses (a) and (b), including with respect to all derivative works and natural evolutions thereof; and\n\n(ii) to make, have made, use, sell, offer for sale, import, and otherwise dispose of smart sensing network equipment.', 'effective as of the initial closing date, the purchaser will cause each acquired company and each purchaser assignee to grant, following each applicable closing date, to the seller parties, an irrevocable (except as expressly set forth herein), non-sublicenseable (except as expressly set forth herein), perpetual, fully paid-up, royalty-free, worldwide, non-transferable (except as expressly set forth herein), non-exclusive license, under the transferred ip (other than trademarks and patents) that is or has been, on or prior to the initial closing date, (x) used in connection with the seller business, (y) used in connection with the development of any product, service, or system in the seller business, or (z) incorporated into any product, service, or system in the seller business:\n\n(i) (a) to use such transferred ip in the operation of the seller business and to practice any methods, processes, and procedures in connection therewith and (b) to make, have made, use, sell, offer for sale, import, and otherwise dispose of products, services, and systems that were designed, developed, manufactured, distributed, offered for sale, sold, resold, supported, otherwise under development, or provided, as of the applicable closing date, by the seller parties in connection with in the seller business and to practice any methods, processes, and procedures in connection therewith, and in each case of clauses (a) and (b), including with respect to all derivative works and natural evolutions thereof;\n\n(ii) to make, have made, use, sell, offer for sale, import and otherwise dispose of smart sensing network equipment; and\n\n(iii) to make, have made, use, sell, offer for sale, import, and otherwise dispose of public safety lte smartphone devices.', 'effective as of the initial closing date, the purchaser will cause each acquired company and each purchaser assignee to grant, following each applicable closing date, to the seller parties, an irrevocable (except as expressly set forth herein), perpetual, non-sublicenseable (except as expressly set forth herein), fully paid-up, royalty-free, worldwide, non-transferable (except as expressly set forth herein), non-exclusive license, under the acquired company patents and assigned patents:\n\n(i) (a) to use the acquired company patents and assigned patents in the operation of the seller business and to practice any methods, processes, and procedures in connection therewith and (b) to make, have made, use, sell, offer for sale, import, and otherwise dispose of products, services, and systems that were designed, developed, manufactured, distributed, offered for sale, sold, resold, supported, otherwise under development, or provided, as of the applicable closing date, by the seller parties in connection with the seller business and to practice any methods, processes, and procedures in connection therewith, and in each case of clauses (a) and (b), including with respect to all derivative works and natural evolutions thereof;<omitted>(ii) to make, have made, use, sell, offer for sale, import, and otherwise dispose of smart sensing network equipment; and\n\n(iii) to make, have made, use, sell, offer for sale, import, and otherwise dispose of public safety lte smartphone devices.', 'effective as of the initial closing date, the seller hereby grants (and will cause each other seller party to grant following each applicable closing date), to the purchaser licensees an irrevocable (except as expressly set forth herein), perpetual, non-sublicenseable (except as expressly set forth herein), fully paid-up, royalty-free, worldwide, non-transferable (except as expressly set forth herein), non-exclusive license, under the licensed patents:\n\n(i) (a) to use the licensed patents in the operation of the business and to practice any methods, processes, and procedures in connection therewith and (b) to make, have made, use, sell, offer for sale, import and otherwise dispose of products, services, and systems that were designed, developed, manufactured, distributed, offered for sale, sold, resold, supported, otherwise under development, or provided, as of the applicable closing date, by the seller entities in connection with the business and to practice any methods, processes, and procedures in connection therewith, and in each case of clauses (a) and (b), including with respect to all derivative works and natural evolutions thereof; and\n\n(ii) to make, have made, use, sell, offer for sale, import, and otherwise dispose of smart sensing network equipment.']",License Grant,License Grant,Non-Transferable License,Non-Transferable License,SVM,0.3501,0.1477,1224,False
278,"[""therefore, the parties have agreed upon the above payment of liquidated damages in lieu of wgt's claim for actual damages from such breach."", 'distributor shall pay wgt fifty percent (50%) of the unpaid balance of cumulative guaranteed minimum purchase amounts as liquidated damages.']",Liquidated Damages,Cap On Liability,Liquidated Damages,Liquidated Damages,SVM,0.3005,0.1308,43,False
279,"['to the extent that any writings or works of authorship may not, by operation of law, be works made for hire, this agreement shall constitute an irrevocable assignment by provider to the recipient of the ownership of and all rights of copyright in, such items, and the recipient shall have the right to obtain and hold in its own name, rights of copyright, copyright registrations, and similar protections which may be available in the works.', 'all writings or works of authorship, including, without limitation, program codes or documentation, produced or authored by provider in the course of performing services for the recipient, together with any associated copyrights, are works made for hire and the exclusive property of the recipient.', 'recipient shall own, and provider hereby irrevocably assigns to the recipient, all rights, title, and interest in any invention, technique, process, device, discovery, improvement, or know-how, whether patentable or not and all other proprietary rights, industrial rights and any other similar rights, in each case on a worldwide basis, and all copies and tangible embodiments thereof, or any part thereof, in whatever form or medium hereafter made or conceived solely or jointly by provider while working for or on behalf of the recipient, which relate to, is suggested by, or results from the services.']",Ip Ownership Assignment,Ip Ownership Assignment,Ip Ownership Assignment,Ip Ownership Assignment,Agreement,0.5898,0.542,213,False
280,"[""licensor may terminate this agreement:<omitted>(2) upon thirty (30) days prior written notice if licensee enters into an agreement or other arrangement relating to the merger of licensee with another entity, the acquisition of the majority of licensee's issued and outstanding capital stock or the acquisition of substantially all of the assets of licensee.""]",Change Of Control,Change Of Control,Change Of Control,Change Of Control,Agreement,0.3966,0.1481,53,False
281,['the parties agree that client will not be charged a higher fee than what is being made available by efs to its other clients for similar services.'],Most Favored Nation,Minimum Commitment,Non-Compete,Non-Compete,SVM,0.2115,0.0755,27,False
282,"['subject to the terms and conditions of this agreement, as part of the consideration of the full and timely payment of the sponsor fees, club hereby grants to sponsor, and sponsor hereby accepts, solely in the territory, and during the term: (i) the right to use the benefits set forth on exhibit a and the license and right to use the team marks solely in connection with the advertisement and promotion of sponsor\'s dick\'s wings and grill branded restaurants (the ""sponsor business"") in accordance with this agreement; and (ii) the right to use the designation ""official wings of the jacksonville jaguars"" and such other designations as club and sponsor may agree to in a writing from time to time (collectively, the ""official designations""), solely in connection with the sponsor business.']",License Grant,License Grant,License Grant,License Grant,Agreement,0.4578,0.3202,130,False
283,"['notwithstanding the foregoing, schoolpop shall fund from aeis a minimum of $52,000,000 of cards (the ""guaranteed minimum"") in each contract year in order to maintain the exclusive right to sell cards in the npo marketplace.', 'in any contract year in which schoolpop fails to fund the guaranteed minimum, aeis shall have the right, in its sole discretion, to (a) terminate the agreement or (b) revoke the exclusivity.', 'schoolpop understands and agrees that this agreement does not grant schoolpop any exclusive right to market the cards or any other aeis products and services outside of the npo marketplace.']",Competitive Restriction Exception,Minimum Commitment,Minimum Commitment,Minimum Commitment,Agreement,0.2551,0.162,97,False
284,"['this agreement may not be assigned by either party, except (a) to the transferee of substantially all of the business operations of such party (whether by asset sale, stock sale, merger or otherwise) or (b) to any entity that controls, is controlled by or is under common control with such party.']",Anti-Assignment,Anti-Assignment,Anti-Assignment,Anti-Assignment,Agreement,0.5271,0.3144,51,False
285,"[""on or prior to the date of this agreement or tf's election to the board of directors at the annual meeting, as applicable, the company shall have (x) nominated tf for election to the board of directors at the annual meeting, (y) entered into an indemnification agreement with tf as the director designee and (z) taken all necessary action for tf to be covered by the company's existing directors' liability insurance policy.""]",Insurance,Insurance,Insurance,Insurance,Agreement,0.3674,0.3171,72,False
286,"['each sublicense of any license granted to bli under this section 9.2 (grants to bli) will (i) be in writing, (ii) be consistent with the terms and conditions of this agreement and (iii) require each sublicensee thereunder to comply with all terms of this agreement applicable to a sublicensee; provided that, subject to section 6.2.1, such prior written consent of ginkgo shall not be needed for any sublicense granted by bli (a) under section 9.2.1, to a permitted subcontractor of bli under section 2.7 (subcontracting) to the extent such sublicense relates to the subcontracted activities, (b) any wholly-owned subsidiary of bli existing as of the effective date, or (c) any other person, including other affiliates and any third party, under section 9.2.2.', 'ginkgo may grant sublicenses of the license granted to ginkgo under section 9.1.1 (scope of grants) and section 9.1.2 (license grant to exploit [***]) with the prior written consent of bli[***]; provided that such prior written consent of bli shall not be needed for any sublicense granted by ginkgo to (a) a permitted subcontractor of ginkgo under section 2.7 (subcontracting) to the extent such sublicense relates to the subcontracted activities, (b) any wholly-owned subsidiary of ginkgo existing as of the effective date or (c) any other person, including other affiliates and any third party, under section 9.1.2 (license grant to exploit [***]) so long as, in the case of this clause (c), the sublicense [***].', ""to ensure that, [***], bli shall, and hereby does, automatically grant to ginkgo, as of the date ginkgo purchases an aggregate of [***] ([***]) beacon optofluidic machine from bli, a non-exclusive, non-royalty bearing and sublicensable (through multiple tiers) worldwide license in any intellectual property controlled by bli that is necessary to [***], solely for ginkgo's [***] own internal use so that ginkgo (or its affiliates or permitted sublicensees) may [***].""]",Affiliate License-Licensee,Exclusivity,License Grant,License Grant,SVM,0.1795,0.0054,307,False
287,"['consultant agrees that if, in the course of performing the services, consultant incorporates into any invention developed hereunder any invention, improvement, development concept, discovery or other proprietary subject matter owned by consultant or in which consultant has an interest (""item""), consultant will inform company in writing thereof, and company is hereby granted and shall have a non-exclusive, royalty-free, perpetual, irrevocable, worldwide license to make, have made, modify, reproduce, display, use and sell such item as part of or in connection with the exploitation of such invention.']",Irrevocable Or Perpetual License,License Grant,License Grant,License Grant,Agreement,0.3227,0.1776,86,False
288,"[""as between the parties, and without limiting md anderson's assistance obligations under section 7.2(b), lbio shall have the sole and exclusive right to file patents covering or claiming inventions and shall bear all costs with respect to the prosecution and maintenance thereof.""]",Exclusivity,Ip Ownership Assignment,Exclusivity,Exclusivity,SVM,0.2346,0.1205,42,False
289,"['except for breaches or violations of article 9, or indemnity liabilities arising under this article 8, or cases of gross negligence or willful misconduct, in no event shall either party be liable to the other for any consequential, indirect, special, incidental or punitive damages including loss of use, revenues or profits, interruption of business or claims against either party or its customers by any third party, whether such claim is based in contract, tort (including negligence), strict liability or otherwise, even if the party is advised of the possibility of such damages.']",Uncapped Liability,Cap On Liability,Cap On Liability,Cap On Liability,Agreement,0.6715,0.4726,92,False
290,"['products. any failure of endorser to disclose such conflicting interests, or any breach of this section, shall be deemed a material breach of the agreement.', ""endorser's duty not to compete with the business of musclepharm shall continue for a period of one year following the expiration or termination of this agreement."", ""endorser's duty not to compete with the business of musclepharm shall continue for a period of one year following the expiration or termination of this agreement. endorser's non-competition obligation shall not be required in the event of a material breach of this agreement by musclepharm."", 'endorser shall not use or provide endorsements or testimonials for products that compete with musclepharm products or the licensed products.']",Non-Compete,Non-Compete,Post-Termination Services,Post-Termination Services,SVM,0.3094,0.1845,116,False
291,"['except for liability arising from section 9.3 [intellectual property infringement], in no event shall either party be liable under this agreement for an amount greater than the amount that such party has earned pursuant to the revenue sharing provisions of section 5.4 [share of net revenue] in the twelve month period preceding the claim.', 'except for liability arising from section 9.3 [intellectual property infringement], in no event shall either party be liable to the other for any indirect, special, incidental, punitive or consequential damages, losses, or expenses including, but not limited to, loss of use, loss of profits, or loss of goodwill, even if that party has been advised of the possibility of such loss or damage.']",Uncapped Liability,Cap On Liability,Cap On Liability,Cap On Liability,Agreement,0.6921,0.5081,117,False
292,"['if stw exercises its option to produce and transport the cra water, stw will construct additional facilities or expand existing facilities, as necessary, to be able to produce and transport the cra water for sale.', 'stw will have one year from completion of the last of the post-well study (ies) completed on the existing cra well or replacement cra well to exercise its option to produce and transport the water produced from the cra on the property (""option to produce""). the agreement shall thereafter terminate as to both parties if stw has not exercised its option to produce at the expiration of the one-year period unless stw pays as royalty on the first day of each month the sum of five hundred and 00/100 dollars ($500.00) per month. stw shall have no right to maintain this agreement through payment of such a royalty for any one period greater than three consecutive years.']",Rofr/Rofo/Rofn,Minimum Commitment,Minimum Commitment,Minimum Commitment,Agreement,0.2629,0.1157,152,False
293,"['telkom shall have a non-exclusive, non-transferable licence to use the source code solely for its own use in order to support and maintain the software and for no other purpose whatsoever.', 'sap africa warrants that the entire source code for the software owned by or licensed by sap ag and/or commerce one inc.. (""source code""), together with related documentation as it is, or becomes available, shall be deposited into an escrow account by no later than 30 june 2001 which is maintained at volksbank wiesloch, germany (the ""escrow agent""), pursuant to an agreement between the escrow agent and sap ag (the ""escrow agreement"").', 'telkom shall use the source code only at its own premises on its own data processing equipment or third parties in accordance with clause 3 of the agreement.', ""telkom shall not have the right to access the source code if sap ag or a sap ag affiliate agrees to assume, carries out and continues to carry out, sap africa's maintenance obligations under this agreement, pursuant to the terms and conditions hereof."", 'sap africa further warrants that sap ag will from time to time (as soon as the relevant release and/or version has been finalised) deposit into the escrow account copies of all new versions of the source code and related documentation encompassing any and all copies of all versions of the source code and related documentation encompassing any and all correction levels.', 'without prejudice to any express provision to the contrary contained in the agreement, telkom shall have the right to access the source code if sap: 1. 4. 1 is in default of any material term, condition or provision of this agreement as a consequence of which the telkom is prevented from having substantial use and benefit of the software in terms thereof and remains in default for a period of 30 (thirty) days from receipt of the first written request to remedy the default concerned; or 1. 4. 2 ceases to carry on business or to provide the particular use, service or benefit referred to in clause 12. 4. 1; or 1. 4. 3 becomes bankrupt or has a receiving order made against it, or is placed in liquidation or under judicial management in either case, whether provisional or final, or is deregistered.', 'the escrow agreement provides that the escrow agent shall, under certain circumstances, release the source code and related documentation to telkom.', 'telkom may, at its own cost, verify that the new version of the source code is deposited with the escrow agent.', 'telkom agrees not to copy the source code, nor to disclose it to any third party except agents retained by telkom to assist in maintaining software, provided that no such agent is in the business of marketing or developing software competitive to the software.', 'in the event of a release of the source code to telkom under the escrow agreement, telkom agrees to hold same in strict confidence and to take appropriate action to preserve its confidentiality, and telkom shall<omitted>have a non-exclusive, non-transferable licence to use the source code solely for its own use in order to support and maintain the software and for no other purpose whatsoever.']",Source Code Escrow,License Grant,Source Code Escrow,Source Code Escrow,SVM,0.3649,0.1435,528,False
294,"['ppg shanghai shall have the right to terminate this agreement and/or suspend its performance hereunder immediately upon giving notice to distributor, which termination shall be effective upon receipt of notice, if any one of the following occurs:<omitted>(iii) distributor becomes insolvent, assigns or attempts to assign its business assets for the benefit of creditors, institutes or has instituted against it proceedings in bankruptcy, or dissolves or liquidates the business of distributor<omitted>.']",Anti-Assignment,Change Of Control,Non-Disparagement,Non-Disparagement,SVM,0.3099,0.1057,70,False
295,"['further, during the term, except as otherwise provided herein, neither t&b nor any of its affiliates may (1) offer to sell or sell any product or service that is the same or similar to the products in the exclusive field of use,<omitted>provided, however, that t&b, in its sole and absolute discretion, shall have the right to terminate this agreement, including all rights and licenses granted to lea herein, if and as of the date that any monthly royalty payment (as defined in 9.3, below) payable to t&b does not exceed the minimum guaranteed royalty for six (6) consecutive months.']",Non-Compete,Non-Compete,No-Solicit Of Customers,No-Solicit Of Customers,SVM,0.1604,0.0803,99,False
296,"['each party shall provide a certificate of insurance (or evidence of self-insurance) evidencing such coverage to the other party upon written request.', 'each party, at its own expense, shall maintain product liability and other appropriate insurance (or self- insure) in an amount consistent with industry standards during the term.']",Insurance,Insurance,Insurance,Insurance,DistilBERT,0.8713,0.8608,49,False
297,"['if, during the term, aimmune (i) intends to allow any xencor product specific patent, aimmune patent covering an antibody or product or joint<omitted>collaboration patent to expire or intends to otherwise abandon any such xencor product specific patent, aimmune patent covering an antibody or product or joint collaboration patent, or (ii) decides not to prepare or file patent applications covering aimmune inventions or joint inventions, aimmune shall notify xencor of such intention or decision at least [***] ([***]) days (or as soon as possible if less than [***] ([***]) days) prior to any filing or payment due date, or any other date that requires action, in connection with such xencor product specific patent, aimmune patent covering an antibody or product or joint collaboration patent, and xencor shall thereupon have the right, but not the obligation, to assume responsibility for the preparation, filing, prosecution or maintenance thereof [***], in the name of xencor or aimmune, as applicable.']",Rofr/Rofo/Rofn,Rofr/Rofo/Rofn,Rofr/Rofo/Rofn,Rofr/Rofo/Rofn,Agreement,0.1391,0.0133,155,False
298,"[""vyera shall have the right to terminate this agreement in its entirety:<omitted>(c) at any time following the second (2nd) anniversary of the first commercial sale of the licensed product, for any reason or no reason, upon one hundred eighty (180) days' written notice to cytodyn.""]",Termination For Convenience,Termination For Convenience,Termination For Convenience,Termination For Convenience,DistilBERT,0.8046,0.7661,45,False
299,"[""subject to any limitations which ntc communicates to alfa aesar in writing, ntc hereby grants alfa aesar a license to use, exhibit, excerpt, reformat, modify, reproduce, publish, publicly perform and transmit via the internet and otherwise use such ntc content for the purpose of marketing, advertising and promoting the products, provided that alfa aesar obtains ntc's prior written approval for ntc content to be included in such literature."", 'ntc hereby grants alfa aesar a limited non-exclusive license to use, exhibit, excerpt, reproduce, publish, publicly perform and transmit via the internet and otherwise use the ntc trademarks in substantially the form as ntc may provide to alfa aesar from time to time during the term of this agreement in accordance with the terms set forth herein.', 'alfa aesar hereby grants to ntc a limited non-exclusive license to use the alfa aesar trademarks in the form provided by alfa aesar during the term of this agreement in accordance with the terms set forth herein.', ""such license is granted solely in connection with ntc's rights and obligations under this agreement and, in particular, for the purpose of licensing ntc to use the alfa aesar trademark on the ntc web site as expressly contemplated herein for referral of customers of research quantities to alfa aesar and is a link/navigational button to the alfa aesar site."", ""such license is granted solely in connection with alfa aesar's rights and obligations under this agreement and, in particular, for the purpose of licensing alfa aesar to use the ntc trademarks in alfa aesar's marketing, sales and distribution materials relative to the products, including without limitation on the alfa aesar's web site as a link/navigational button to the ntc web site as posted by ntc.""]",License Grant,License Grant,License Grant,License Grant,Agreement,0.4908,0.3384,286,False
300,"['in addition, cht may terminate this agreement and the rights granted hereunder, in whole or in part, and without prejudice to enforcement of any other legal right or remedy (including any express termination right set forth elsewhere in this agreement), at any time without cause, by providing at least thirty (30) business days prior written notice to ehave, but subject to payment of a termination fee equal to an amount set out in schedule 6.']",Liquidated Damages,Termination For Convenience,Termination For Convenience,Termination For Convenience,DistilBERT,0.8261,0.7962,75,False
301,"['the executive agrees and undertakes with the company acting on behalf of itself and as agent for each group company that he will not in any relevant capacity at any time during the restricted period:<omitted>(c) solicit or attempt to solicit, canvass, interfere with or entice away from the company or any relevant group company the custom or any prospective custom of any client or any prospect with a view to providing to that client or prospect any products or services which are the same as or materially similar to any restricted business in competition with the company or any relevant group company;']",No-Solicit Of Customers,Non-Compete,Non-Compete,Non-Compete,Agreement,0.1622,0.0017,102,False
302,"['such audit shall occur once per year during reasonable business hours by an independent third party agreed to by both parties, who shall be under obligations of confidentiality.', 'bioamber shall have the right to audit cargill time sheets from time to time.']",Audit Rights,Audit Rights,Audit Rights,Audit Rights,DistilBERT,0.8676,0.8565,42,False
303,"['any unauthorized attempt to assign or delegate any portion of this agreement or any work order shall be void.', 'neither party shall have the right to assign this agreement or any work order or to assign any rights thereunder without the prior written consent of the other party.']",Anti-Assignment,Anti-Assignment,Anti-Assignment,Anti-Assignment,DistilBERT,0.9349,0.9249,48,False
304,"[""the limitations in section 23.1(b) will not apply to (a) losses arising out of or relating to a party's breach of its obligations in section 8 (excluding section 8.4(g)) or sections 1.1, 1.2, 1.4, 1.6 or 6.1 of the restated developer agreement, (b) losses arising out of a party's breach of section 19 or the business associate agreement; (c) a party's indemnification obligations under sections 22.1(b) through 22.1(e) or sections 22.3(b) through 22.3(e); (d) losses arising from a party's gross negligence or more culpable conduct, including any willful misconduct or intentionally wrongful acts; (e) losses for death, bodily injury, or damage to real or tangible personal property arising out of or relating to a party's negligent or more culpable acts or omissions; or (f) a party's obligation to pay attorneys' fees and other costs pursuant to section 28.9(e)."", ""the limitations in section 23.1(a) will not apply to (a) losses arising out of or relating to a party's breach of its obligations in section 8 (excluding section 8.4(g)) or sections 1.1, 1.2, 1.4, 1.6 or 6.1 of the restated developer agreement, (b) losses arising out of a party's breach of section 19 or the business associate agreement (c) losses arising from a party's gross negligence or more culpable conduct, including any willful misconduct or intentionally wrongful acts; (d) losses for death, bodily injury, or damage to real or tangible personal property arising out of or relating to a party's negligent or more culpable acts or omissions or (e) a party's obligation to pay attorneys' fees and other costs pursuant to section 28.9(e)"", ""in addition, the limitations in section 23.1(b) will not apply (1) to company's indemnification obligations under section 22.1(a) or (2) allscripts indemnification obligations under section 22.3(a), unless the company's or allscripts' indemnification obligation under section 22.1(a) or 22.3(a), as the case may be, relates to the losses and obligations described in subclauses (a) through (f) of the preceding sentence. [***]."", 'except as otherwise set forth in section 23.2, the total cumulative liability of either party for any and all claims and damages under this agreement, whether arising by statute, contract, tort or otherwise, will not exceed the fees paid by allscripts to company hereunder during the [***] preceding the event giving rise to the claim.', 'except as otherwise set forth in section 23.2, in no event will any party be liable under this agreement for any lost profits or for any consequential, incidental, indirect, exemplary, special, or punitive damages, regardless of whether such party has been notified of the potential for such damages, or whether such damages were reasonably foreseeable, or whether any claim for recovery is based on theories of contract, tort, or otherwise.']",Uncapped Liability,Cap On Liability,Cap On Liability,Cap On Liability,Agreement,0.5965,0.3872,446,False
305,"['for clarity, the exclusive license granted to licensee pursuant to section 2.1 shall extend to all intellectual property rights and know-how controlled by bioeq and embodied within, or claiming or covering the bioeq improvements.', ""solely in the event that this agreement is terminated by bioeq pursuant to sections 15.2.1, 15.2.2, 15.2.3, 15.2.4, 15.2.8 or 15.2.9 or by licensee pursuant to section 15.2.5 , licensee shall grant, and hereby grants to bioeq an exclusive, royalty-free, fully paid, sublicenseable, license to use the licensee-controlled trademarks which were actually used by licensee to commercialize the licensed products in the territory in connection with bioeq's commercialization of the licensed products in the territory."", 'subject to the provisions of this agreement, bioeq hereby grants to licensee an exclusive (even as to bioeq), milestone- and royalty-bearing, non-transferable license (including the right to grant sublicenses only to the extent permitted by section 2.1.2) under the licensed technology (including the licensed patents) to use, sell, have sold, import, have imported or otherwise commercialize the licensed products in the field in the territory.']",Exclusivity,License Grant,License Grant,License Grant,Agreement,0.4393,0.2869,174,False
306,"['subject to the terms and conditions of this agreement, ebix hereby grants to about a limited, non-transferable, fully-paid, worldwide, non-exclusive right and license to use, reproduce, adapt (but only to pursuant to its rights under this agreement), incorporate, integrate and distribute the ebix marks and ebix content, during the term, solely as necessary to perform its obligations under this agreement.']",License Grant,License Grant,Non-Transferable License,Non-Transferable License,SVM,0.3265,0.0525,60,False
307,"['the consultant agrees that if, in the course of performing the services, the consultant incorporates into any invention developed under this agreement any preexisting invention, improvement, development, concept, discovery or other proprietary information owned by the consultant or in which the consultant has an interest (""prior inventions""), (i) the consultant will inform the company, in writing before incorporating such prior inventions into any invention, and (ii) the company is hereby granted a nonexclusive, royalty-free, perpetual, irrevocable, transferable worldwide license with the right to grant and authorize sublicenses, to make, have made, modify, use, import, offer for sale, sell, reproduce, distribute, modify, adapt, prepare derivative works of, display, perform, and otherwise exploit such prior inventions, without restriction, including, without limitation, as part of or in connection with such invention, and to practice any method related thereto.']",License Grant,License Grant,Irrevocable Or Perpetual License,Irrevocable Or Perpetual License,SVM,0.292,0.1495,135,False
308,"[""in the event that the agreement is terminated pursuant to section 16.a.v. due to e-centives' acquisition by an excite@home named competitor, or by an entity controlling or controlled by an excite@home named competitor, e-centives or its assigns or designates may not contact any users for whom user data has been provided pursuant to this agreement, excluding those that have opted out in accordance with section 5(a) of exhibit d."", 'application provider may not use payment-eligible user data to solicit user traffic to www.e-centives.com or any other co-branded version of www.e-centives.com with the intent of driving such users away from using the co-branded application.', 'application provider will not solicit any excite@home member on behalf of any excite@home named competitor during the term of this agreement or thereafter.']",No-Solicit Of Customers,No-Solicit Of Employees,Change Of Control,Change Of Control,SVM,0.1906,0.0723,126,False
309,"['we have the right, at any time during normal business hours: (i) to conduct inspections of the franchised business; (ii) to interview your employees, work crews, and customers; and (iii) to review your business records, including those maintained electronically or off premises.', 'if we request in writing, you agree that your financial institution is authorized to send us a monthly statement of all activity in the designated account (and such other reports of the activity in the operating account as we reasonably request) at the same time as it sends such statements to you.', ""in order to preserve the goodwill of the system following termination, we (or our designee) have the right to enter the premises (without liability to you, your owners, or otherwise) for the purpose continuing the franchised business' operation and maintaining the goodwill of the business."", 'to permit us or our representatives to inspect your operations to assure that you are properly using the proprietary marks;', 'we reserve the right to reinspect the facilities and products of any approved supplier and to revoke approval if we find that the supplier fails to meet any of our then-current criteria.', ""we have the ongoing right to inspect any proposed supplier's facilities and to test samples of the proposed products or services."", 'you agree to submit financial and operational reports and records and documents to us at the times and in the manner specified in the manual or other written instructions.', 'we have the right, both during and after the term of this agreement, to inspect, copy and audit your books and records, your federal, state and local tax returns, and any other forms, reports, information or data that we may reasonably designate.', 'if gross revenues have been understated by more than 2% for the period covered by the examination or audit, you must also: (1) reimburse us for the full reasonable cost of the examination or audit, including, travel, lodging, meals, and wages of our representatives and the legal and accounting fees of any attorneys or independent accountants we use for the examination or audit; and (2) at our request, thereafter provide us with periodic audited financial statements.', 'we may conduct the examination or audit at our offices or those of a third-party, in which case we may require you to send us your records.']",Audit Rights,Audit Rights,Audit Rights,Audit Rights,DistilBERT,0.8495,0.8305,386,False
310,"['logo size: the minimum logo size is 1"" or 25mm. in digital formats, the minimum width is 100 pixels at 72 dpi.']",Minimum Commitment,Minimum Commitment,Minimum Commitment,Minimum Commitment,Agreement,0.3081,0.1634,22,False
311,"['aimmune shall [***] the right (but not the obligation) to sublicense the rights granted to it under section 2.1 to its affiliates or third parties (each, a ""sublicensee""); provided, however, that aimmune shall remain responsible for the performance by any of its direct and indirect sublicensees and shall cause its direct and indirect sublicensees to comply with the applicable provisions of this agreement in connection with such performance.']",Affiliate License-Licensee,Ip Ownership Assignment,Affiliate License-Licensee,Affiliate License-Licensee,SVM,0.248,0.1746,68,False
312,"['envision warrants that it carries general liability insurance of $1 million per occurrence and product liability insurance of not less than $2 million per occurrence and that, upon execution of this agreement, it will name sierra as an additional insured on such policies.', 'sierra warrants that it carries general liability insurance of not less than $2 million per occurrence and product liability insurance of not less than $5 million per occurrence and that, upon the execution of this agreement, it will name envision as an additional insured on such policies.']",Insurance,Insurance,Insurance,Insurance,DistilBERT,0.8614,0.8485,90,False
313,"[""on sales of recorded products pursuant to this agreement (less any returns) integrity will pay to tl royalties in the amount of [**]/1/ ($[**]/1/) for each and every unit of the product sold by integrity in the united states pursuant to this agreement, and [**]/1/ the foregoing rate or [**]/1/ percent ([**]/1/%) of integrity's net receipts, whichever is less, on subject products outside the united states."", ""on sales of printed products (song books) pursuant to this agreement (less any returns) integrity will pay to tl royalties in the amount of [**]/1/ ($[**]/1/) for each and every unit of the product sold by integrity in the united states pursuant to this agreement, and [**]/1/ the foregoing rate or [**]/1/ percent ([**]/1/%) of integrity's net receipts, whichever is less, on subject products outside the united states."", 'on sales of products pursuant to this agreement (less any returns) tl will pay to integrity royalties in the amount of [**]/1/ ($[**]/1/) for each and every unit of the product sold by it pursuant to this agreement.']",Revenue/Profit Sharing,Revenue/Profit Sharing,Revenue/Profit Sharing,Revenue/Profit Sharing,Agreement,0.6129,0.5275,172,False
314,"['neither this agreement nor any of the rights, interests or obligations hereunder shall be assigned by any of the parties hereto without the prior written consent of the other party to this agreement; provided, however, that licensor may assign this agreement to a subsidiary or entity controlling, controlled by or under common control with licensor.']",Anti-Assignment,Anti-Assignment,Anti-Assignment,Anti-Assignment,DistilBERT,0.9264,0.9098,55,False
315,"[""all materials created hereunder shall be prepared by an employee-for-hire of licensee under licensee's sole supervision, responsibility and monetary obligation, or, if third parties who are not employees of licensee, including without limitation all software developers developing the wireless products contribute to the creation of any fox intellectual property, licensee shall obtain from such third parties a full written assignment of rights so that all right, title and interest in the fox intellectual property shall vest in fox."", ""licensee further agrees to execute one or more copyright assignments at fox's request, or any other subsequent document as further evidence of this assignment, and to cooperate with fox in perfecting the assignment of any rights to the fox intellectual property, and hereby appoints fox as its attorney-in-fact to execute any documents required in connection with such assignment."", ""licensee hereby does irrevocably transfer and assign to fox any and all moral rights that licensee may have in fox's intellectual property rights in and to the psm and the fox intellectual property and any derivative works thereof and shall cause licensee's employees and contractors, including licensee's developers of the wireless products, to do likewise."", 'licensee acknowledges and agrees fox shall be the exclusive owner of these rights as a work made for hire.', 'licensee hereby does expressly assign to fox any and all rights of paternity or integrity, rights to claim authorship, to object to any distortion, mutilation or other modification of, or other derogatory actions in relation to the psm, the fox intellectual property, and any of fox\'s intellectual property rights in and to the psm and or the fox intellectual property and any derivative works thereof, whether or not such would be prejudicial to fox\'s honor or reputation, and any similar right, existing under judicial or statutory law of any country in the world, or under any treaty (""moral rights""), regardless of whether such right is denominated or generally referred to as a moral right.', 'fox shall own all intellectual property rights in and to any derivative works made from the properties, whether or not used in the wireless products, including without limitation design documents, graphics, animation, music, packaging, advertising, promotional and other artwork used in connection with the development and distribution of the wireless products but at all times excluding the licensee materials as defined in paragraph 11(c) below (collectively, the ""fox intellectual property"").']",Ip Ownership Assignment,Ip Ownership Assignment,Ip Ownership Assignment,Ip Ownership Assignment,Agreement,0.6156,0.5731,394,False
316,['franchisee agrees to refrain from any business or advertising practice which may be injurious to the business of pretzel time and the goodwill associated with the marks and other pretzel time units.'],Non-Disparagement,Non-Compete,Non-Disparagement,Non-Disparagement,SVM,0.1891,0.1128,32,False
317,"['notwithstanding anything to the contrary herein, neither party shall be liable for any indirect, special, incidental, consequential or exemplary damages, whether foreseeable or not, that are in any way related to this agreement.']",Cap On Liability,Cap On Liability,Cap On Liability,Cap On Liability,Agreement,0.6834,0.4966,33,False
318,"[""subject to the terms of the quality agreement, if applicable, miltenyi may, at its sole discretion, upon reasonable prior written notice to bellicum, elect to have the miltenyi products, or any one of them or any component thereof, manufactured by an affiliate of miltenyi, and further may subcontract the manufacturing of miltenyi product or any component thereof, to a subcontractor; provided that (i) miltenyi shall reasonably take into account bellicum's written concerns regarding proposed affiliate(s) or subcontractor(s); and (ii) miltenyi shall be solely and fully responsible for the performance of all delegated and subcontracted activities by its affiliates and subcontractor(s), including compliance with the terms of this agreement and the quality agreement (as applicable), and in no event shall any such delegation or subcontract release miltenyi from any of its obligations under this agreement. miltenyi's subcontractors and affiliates for the manufacture and/or supply of miltenyi products will be listed in the quality agreement"", ""bellicum shall have the right to transfer miltenyi product(s) purchased hereunder, or to request from miltenyi, by notice in writing, that miltenyi deliver any miltenyi product(s) purchased hereunder to an affiliate of bellicum or a subcontractor or licensee of bellicum product designated by bellicum, solely for the purpose of the permitted use, subject to the payment to miltenyi of all additional expenses (if any) incurred by miltenyi in connection with such provision and transfer of miltenyi product(s) to bellicum's designee; and provided that in each case: (i) each subcontractor or licensee of bellicum to whom miltenyi products are transferred shall be bound in writing by limitations and obligations that are consistent with the corresponding limitations and obligations imposed on bellicum<omitted>hereunder and under the quality agreement, as applicable; and (ii) notwithstanding the transfer of any miltenyi product purchased hereunder, bellicum will nevertheless continue to remain fully and primarily responsible and liable to miltenyi for payment of the product price and for the use of the miltenyi product by any subcontractor and licensee to whom a miltenyi product is transferred."", 'the supply of the miltenyi products hereunder conveys to bellicum the limited, non-exclusive, non-transferable (except as expressly provided herein, including as set forth in article 17) right to use, and to permit its subcontractors and licensees to use the miltenyi products solely for ex vivo cell processing in the manufacture of bellicum products for use in the field in the territory (including for research, pre-clinical, clinical, regulatory and commercial purposes), in accordance with applicable regulatory authority requirements and approvals (including (to the extent applicable) any relevant clinical trial protocol, ind, and/or irb approval pertaining to such bellicum products), in each case consistent with the terms and conditions of this agreement and in accordance with applicable laws (the ""permitted use""). bellicum\'s permitted use of the miltenyi products shall be limited to the designated countries, subject to section 2.3.']",Affiliate License-Licensee,Exclusivity,License Grant,License Grant,SVM,0.1268,0.0073,468,False
319,"['in the event of a termination by vyera under section 11.2, the following terms shall apply: (i) at cytodyn\'s request, the parties will negotiate in good faith a transition services agreement (the ""transition services agreement""), under which vyera will provide certain commercialization services to cytodyn in connection with cytodyn efforts to commercialize the licensed product in the field in the territory; (ii) the services to be provided by vyera pursuant to the transition services agreement (the ""transition services"") will be negotiated in good faith taking into account (a) the activities undertaken by vyera in connection with the commercialization of licensed product during the term and (b) vyera\'s then-existing resources and capabilities (it being understood and agreed that vyera shall not (x) be required to hire any new employees or enter into any new agreements with third parties in order to provide the transition services or (y) terminate any employee or agreement the primary purpose of which is to circumvent its obligations to provide the transition services); (iii) the transition services agreement will require vyera to provide transition services for a period of up to six (6) months from the effective date of termination; provided that cytodyn will have the ability to terminate transition services on a service-by-service basis as they are transitioned; and (iv) transition services will be reimbursed at vyera\'s actual cost plus ten percent (10%) by cytodyn. (v) at cytodyn\'s reasonable request and subject to the terms of the applicable agreement, vyera will use its reasonable best efforts to assign to cytodyn any third party agreements that relate to the transition services matters solely for licensed product in the territory in the field.']",Post-Termination Services,Post-Termination Services,Post-Termination Services,Post-Termination Services,Agreement,0.4809,0.398,275,False
320,"['except in the event of a claim under section 10 or failure to pay under section 6, in no event shall either party be liable to the<omitted>other party in an amount greater than the amount boxlot actually pays to theglobe hereunder.', 'neither party shall be liable for lost profits or special, incidental or consequential damages (however arising, including<omitted>negligence) arising out of or in connection with this agreement, even if the parties are aware of the possibility of such damages.']",Cap On Liability,Cap On Liability,Cap On Liability,Cap On Liability,Agreement,0.6868,0.5007,79,False
321,"[""to the extent that any joint works are created in the course of performance of this agreement, each party shall own a joint, equal and undivided ownership interest in and to such joint works and the associated intellectual property rights, with no duty on the part of either party to account to the other with respect to its use and exploitation of the same.<omitted>without limiting the generality of the foregoing, either party may, without any duty to account to the other (including, without limitation, any duty to pay, share or account for any royalties):\n\n (a) make, manufacture, assemble, produce, market, sell, distribute, transfer, use, license and otherwise commercially and non-commercially exploit and deal with the joint works; provided, that neither party shall seek or obtain any<omitted>registration of any intellectual property rights associated with the joint works without the other party's prior written consent;\n\n (b) make, manufacture, assemble, produce, market, sell, distribute, transfer, use, license, seek and obtain registrations of intellectual property rights (subject to paragraph (a) above) and otherwise commercially and non-commercially exploit and deal with derivative works of any joint works created by or for such party, whether or not competitive with any items created by or for the other party; and\n\n (c) authorize any third party to take any action described in (a) or (b) above."", '""joint work"" means any content, data, urls, domain names, technology, software, code, user interfaces, ""look and feel"" or other items which are invented, created, developed or first reduced to practice jointly by the parties after the effective date, are protected or protectable by any intellectual property rights and either: (a) include or incorporate both acsi existing intellectual property, acsi future intellectual property and/or acsi<omitted>derivative works, on the one hand, and/or company existing intellectual property, company future intellectual property and/or company derivative works, on the other hand; or (b) include or incorporate no acsi existing intellectual property or acsi<omitted>site functionality or technology, software, code, user interfaces or ""look and feel"" related thereto or incorporated therein, such items shall be deemed acsi derivative works in their entirety and not joint works or company intellectual property.']",Joint Ip Ownership,Ip Ownership Assignment,Joint Ip Ownership,Joint Ip Ownership,SVM,0.2426,0.1545,351,False
322,"[""notwithstanding the provisions of section 3.1, if integra (i) fails to timely pay any minimum payments due under section 2.4 for any minimum payment period<omitted>the exclusive rights granted to integra under section 3.1 shall, at the option of pcomed, to be exercised in pcomed's sole and absolute discretion at any time, convert to a non-exclusive arrangement provided that pcomed gives integra written notice of its breach and integra does not cure such breach within forty-five (45) days following integra's receipt of such notice."", ""in the event that integra fails to satisfy the minimum payment for any minimum payment period, pcomed may, at its sole election, give notice, as set forth in section 3.2, for conversion of integra's exclusive arrangement under section 3.1 to a non-exclusive arrangement."", 'minimum payments\n\nperiod minimum payment minimum payment period 1 $ *** minimum payment period 2 $ *** minimum payment period 3 $ *** minimum payment period 4 $ *** minimum payment period 5 $ *** minimum payment period 6 $ *** minimum payment period 7 $ ***', 'integra shall use commercially reasonable efforts to sell treated integra products and partially treated integra products that generate payments to pcomed of no less than the minimum payments applicable to each minimum payment period.', ""pcomed's conversion right is pcomed's sole and exclusive remedy for integra's failure to satisfy the minimum payment for any minimum payment period.""]",Minimum Commitment,Minimum Commitment,Minimum Commitment,Minimum Commitment,Agreement,0.2556,0.1516,228,False
323,"['during the term of this agreement, neither party may assign, or transfer its rights and obligations under this agreement in whole or in part, without the prior written consent of the other party.']",Anti-Assignment,Anti-Assignment,Anti-Assignment,Anti-Assignment,DistilBERT,0.9333,0.9221,33,False
324,"['if paperexchange sells advertising to a third party on the paperexchange site independently from verticalnet, paperexchange shall pay to verticalnet a commission of ***** of the net advertising revenue resulting from such advertising during the term; provided, however, that if paperexchange previously rejected advertising by such party when proposed by verticalnet pursuant to section 4.1 [advertisements on the paperexchange site], or terminated without cause a prior agreement with such third party that had resulted from such a proposal by verticalnet, then paperexchange shall pay ***** of the net advertising revenue resulting from such advertising during the term to verticalnet.', 'paperexchange shall pay to verticalnet a commission of ***** of the net advertising revenue received during the term for advertisements located on the third party advertising allocation of the paperexchange site.', 'verticalnet will pay paperexchange ***** of the career center net revenue.', 'after paperexchange has generated paperexchange revenue equal to *****, paperexchange shall pay an amount equal to ***** of the paperexchange revenue to verticalnet; provided, however, that if, in any given calendar year, verticalnet receives ***** pursuant to this section 7.4 [revenue sharing], the percentage of paperexchange revenue that paperexchange shall pay to verticalnet for the remainder of such calendar year shall be reduced to *****; and provided further, however, that if, in any given calendar year, verticalnet receives<omitted>***** in the aggregate pursuant to this section 7.4 [revenue sharing], the percentage of paperexchange revenue that paperexchange shall pay to verticalnet for the remainder of such calendar year shall be reduced to *****.', 'during the term, verticalnet shall not share any revenue derived from advertisements hosted on pulp and paper online or any other verticalnet site with paperexchange; provided, however, that if paperexchange brings verticalnet a qualified lead<omitted>(as defined below) for a new customer that turns into a sale of advertising on pulp and paper. online or packaging online, including, without limitation, the co-branded sites, verticalnet shall pay to paperexchange a commission of ***** of the net advertising revenue resulting from such sale of advertising, with the exception that if such advertising is on the co-branded career center, verticalnet shall pay paperexchange a commission of ***** of the net advertising revenue resulting from such sale of advertising.', 'verticalnet will pay paperexchange ***** of the gross sales of the professional e-bookstore on pulp and paper online that originated from the paperexchange site.', 'verticalnet will pay paperexchange ***** of the equipment listings net revenue.']",Revenue/Profit Sharing,Revenue/Profit Sharing,Revenue/Profit Sharing,Revenue/Profit Sharing,Agreement,0.6854,0.6273,401,False
325,"['solely in the event that dova has terminated this agreement pursuant to section 12.3.1 and notwithstanding anything else herein, in consideration of the promotion services performed by valeant during the term, with respect to the tail period, dova shall make payments to valeant in an amount equal to [***] of the amounts that would have been payable by dova to valeant with respect to such tail period pursuant to section 6.1 had the agreement not been so terminated.']",Liquidated Damages,Liquidated Damages,Post-Termination Services,Post-Termination Services,SVM,0.1944,0.0497,78,False
326,"['hci shall not either directly or indirectly license or deliver content to or carry on or be engaged with any other canadian portal web site, being a web site which aggregates and markets a variety of content directed to multiple communities of interest and which offers products,\n\nsource: healthcentral com, s-1/a, 11/8/1999\n\n\n\n\n\ntools and services to a broad base of canadian end users.', 'during the term of the agreement, and subject to the following requirements respecting canadian content levels as set out in paragraphs 3(f), (g) and (h), hci shall be the exclusive health content partner in the health section of the sympatico web site, provided however, that nothing contained herein shall prevent medialinx from entering into an agreement with other parties for: i) a health based web directory; or ii) other health related content whose content does not compete with the content contained on the co-branded site; which in no event shall receive no more than one fifth (1/5th) of the promotion and which shall constitute no more than one fifth (1/5th) of the total health related content which resides on the home page of the sympatico health section.', 'if, at any time during the term of this agreement, hci fails to meet the content requirements set out in paragraphs 3(f), (g) and (h), hci shall no longer be entitled to be the exclusive health content partner in the health section of the sympatico web site.']",Exclusivity,Exclusivity,Competitive Restriction Exception,Competitive Restriction Exception,SVM,0.3013,0.1362,235,False
327,"['mp3.com agrees to deliver a guaranteed minimum of 3,000,000 impressions per month for the term of this agreement.']",Minimum Commitment,Minimum Commitment,Minimum Commitment,Minimum Commitment,Agreement,0.4439,0.3298,18,True
328,"['any purported transfer without such consent shall be void ab initio.', 'licensee shall not sublicense, assign, pledge, grant or otherwise encumber or transfer to any third party all or any part of its rights or duties under this agreement, in whole or in part, without the prior written consent of the licensor, which consent licensor may grant or withhold in its sole and absolute discretion', ""this agreement shall be terminable by<omitted>licensee at any time in the event licensee assigns or attempts to assign or sublicense this agreement or any of licensee's rights or duties hereunder without the prior written consent of licensor.""]",Anti-Assignment,Anti-Assignment,Anti-Assignment,Anti-Assignment,DistilBERT,0.9298,0.9166,102,False
329,"['fmi hereby grants to roche (i) an exclusive, royalty-free, sublicensable, worldwide and perpetual license to any intellectual property rights arising from the ctdna development platform program that are necessary for roche to develop, make, have made, use, offer for sale, sell, import and commercialize roche products other than diagnostic products (including the use, formulation, methods of treatment, clinical data or other data, information or results relating to the roche therapeutic product) solely for use in connection with such activities and such roche products and (ii) a non-exclusive, royalty-free, worldwide and perpetual license, with the right to grant sublicenses solely to roche affiliates, to any intellectual property rights arising from the ctdna development platform program, for internal research purposes.', ""roche hereby grants to fmi a non-exclusive, royalty-free, worldwide and perpetual license, sublicensable to affiliates, to use the roche-owned advanced genomic analysis results to develop, make, have made, use, offer for sale, sell, import and commercialize fmi's products and services relating to genomic analysis."", 'each party grants to the other party during the time that a work stream is in effect, a non-exclusive right and license under know-how and patent rights, including the background ip, controlled by such party and that are necessary or useful solely to enable the other party to perform the activities contemplated under this agreement; […***…].', 'fmi hereby grants to roche a non-exclusive, royalty-free, worldwide, perpetual, and sublicensable license to any intellectual property arising from the immunotherapy testing platform program controlled by fmi for internal research purposes and to the extent necessary for roche to research, develop, make, have made, use, offer for sale, sell, import and commercialize roche products other than diagnostic products.', 'effective after the immunotherapy exclusivity period, roche hereby grants to fmi a non-exclusive, royalty-free, worldwide, perpetual, and sublicensable to affiliates, license to any intellectual property arising from the immunotherapy testing platform development program controlled by roche (excluding roche immunotherapy sample results) to the extent necessary<omitted>for fmi to develop, make, have made, use, offer for sale, sell, import and commercialize the immuno-biomarker discovery platform, signature identification services, clinical study assays, cdx assays, or any other fmi testing or services (including that are part of the genomic analysis platform).', 'if fmi is unable or unwilling to develop and commercialize an immuno clinical study assay or cdx assay resulting from the immunotherapy testing platform development program in a given country within the territory as specified in an r&d plan for any reason other than a breach of this agreement by roche, and on the timeline agreed to in such r&d plan, then, effective on the end of the timeline specified in such r&d plan, fmi hereby grants to roche a non-exclusive, royalty-free, perpetual, and sublicensable license under any intellectual property invented by fmi arising from the immunotherapy testing platform program or the immunotherapy testing platform development that is necessary for roche to develop and commercialize such tests in such country in the territory.', 'roche hereby grants to fmi a non-exclusive, royalty-free, worldwide and perpetual license, sublicensable to fmi\'s affiliates, under any intellectual property rights arising directly from the sample results, or the correlation of the sample results to patient data (""biomarker ip"") (i) to the extent such biomarker ip becomes publicly known, for internal research purposes, (ii) to the extent such biomarker ip becomes publicly known, to develop, make, have made, use, offer for sale, sell, import, and commercialize fmi\'s products and services relating to genomic analysis, and (iii) […***…].', 'fmi hereby grants to roche a non-exclusive license under the fmi cdx ip for internal research purposes, and to the extent necessary to research, develop, make, have made, use, offer for sale, sell, import and commercialize roche products other than diagnostic products.', 'if fmi is unwilling or unable to develop and commercialize a cdx assay for a given country in the territory as specified in the r&d plan, and on the timeline set forth in the relevant r&d plan, for any reason other than a breach of this agreement by roche, then fmi hereby grants to roche a non-exclusive, royalty-free, sublicensable, and perpetual license under any intellectual property invented by fmi arising from the cdx development program that is necessary for roche to develop and commercialize a cdx assay equivalent in such country in the territory.', 'roche hereby grants to fmi a non-exclusive, royalty-free, worldwide, perpetual, and sublicensable license to any ip controlled by roche and developed under the ctdna platform development program (excluding roche immunotherapy sample results) to the extent necessary for fmi to research, develop, make, have made, use, offer for sale, sell, import and commercialize the ctdna assays.', ""fmi hereby grants to roche a non-exclusive, royalty-free, worldwide and perpetual license, sublicensable to roche's affiliates under any fmi improvements for roche's internal research purposes and to develop, make, have made, use, offer for sale, sell, import and commercialize roche's products and services other than diagnostic products and services.""]",License Grant,License Grant,Irrevocable Or Perpetual License,Irrevocable Or Perpetual License,SVM,0.4182,0.2734,813,False
330,"['except as otherwise provided in this agreement, including under section 7.1, neither this agreement nor any of the rights, interests or obligations of any party under this agreement shall be assigned, in whole or in part, by operation of law or otherwise, by either party without the prior written consent of the other party; provided, however, that (a) either party may assign any of the foregoing in connection with the sale or other transfer of the applicable business or assets of such party or its affiliates to which this agreement relates (except that neither of the buyer entities may assign any such rights, interests or obligations with respect to the arizona licensed trademarks); (b) arizona may assign any of the foregoing to one or more of its affiliates and (c) the company and buyer may assign any of the foregoing to one or more of its subsidiaries, controlled affiliates, awp, or any holding company that is a direct or indirect parent of the company; provided that in each case (b) and (c), no assignment shall relieve the assigning party of any of its obligations under this agreement unless agreed to by the non-assigning party. any assignment or other disposition in violation of the preceding sentence shall be void.']",Anti-Assignment,Anti-Assignment,Anti-Assignment,Anti-Assignment,DistilBERT,0.9254,0.9108,208,False
331,"['the parties acknowledge that nothing in this agreement shall limit or restrict xencor, itself or with or through any third party, from developing and using any process (except for the process) for the manufacture of any of its products, including the product, provided that no bii confidential information and know-how is used and xencor adheres to its confidentiality and non-use obligations hereunder and complies with the ownership of intellectual property and improvements as set forth in section 8 below.']",Competitive Restriction Exception,Non-Compete,Uncapped Liability,Uncapped Liability,SVM,0.1682,0.049,79,False
332,"['bosch hereby grants client the ""exclusive distribution license rights"" sell and distribute the products within the ""territory"".', 'bosch hereby grants to client the exclusive rights to sell and distribute the product, subject to the territory as set forth below, to certain select companies in the automotive industry, each of which shall be approved by bosch in writing as requested by the client on a case by case basis.']",Exclusivity,License Grant,License Grant,License Grant,Agreement,0.349,0.1258,68,False
333,"[""hdi's general manager (as hereinafter defined), may upon no less than thirty (30) days prior written notice to the company, have the right to inspect the records of the company's general manager reasonably related to the calculation of such payments during the company's normal business hours.""]",Audit Rights,Audit Rights,Audit Rights,Audit Rights,DistilBERT,0.8098,0.7932,46,False
334,"['in the event of termination of this agreement or a cancellation of a purchase order, and/or discontinuance of a product, or excess materials created by an engineering change, customer agrees to compensate contractor for unused material inventory which are affected by such termination, cancellation or discontinuance']",Post-Termination Services,Post-Termination Services,Post-Termination Services,Post-Termination Services,Agreement,0.5525,0.5137,46,False
335,"['subject to the terms of this agreement, exact on behalf of itself and its affiliates, hereby grants to pfizer a non-exclusive, royalty free license, with the right to sublicense to one or more of its affiliates, under the exact house marks, the exact trademarks and the exact copyrights, during the term, to the extent necessary or appropriate to allow pfizer and its affiliates to carry out activities under this agreement including to promote and detail the product in the co-promote field in the territory.']",Affiliate License-Licensor,License Grant,License Grant,License Grant,Agreement,0.4535,0.2841,84,False
336,"['excluding liability for infringement claims as discussed in section 9 of this agreement, in no event shall egain be liable to customer for consequential, exemplary, indirect, special or incidental damages (including, without limitation, lost profits), or be liable to any third party for any damages whatsoever, even if egain has been advised of the possibility of such damages.']",Uncapped Liability,Cap On Liability,Cap On Liability,Cap On Liability,Agreement,0.6825,0.4965,58,False
337,"['the warranty period for any item of equipment and related software shall be twelve (12) months from the date of delivery of such equipment and related software to distributor as set forth in paragraph 8.1 (hereinafter, this period of time shall be referred to as the ""initial warranty period."")', ""airspan's obligation and distributor's sole remedy under this warranty are limited to the replacement or repair, at airspan's option, of the defective equipment or software within the initial warranty period."", ""airspan warrants that, following repair or replacement, the repaired or replaced equipment or software by airspan shall be free from defects in materials and faulty workmanship and that the software will conform in all material respects to airspan's published specifications therefor for ninety (90) days from date of shipment from airspan to distributor or until the end of the initial warranty period, whichever is longer."", ""subject to the provisions of this warranty clause, defective parts or components must be returned by distributor to airspan's designated facility located within the contiguous 48 states in the united states, freight prepaid, within the initial warranty period, and said defective parts will be repaired or replaced by airspan at no charge to distributor.""]",Warranty Duration,Warranty Duration,Warranty Duration,Warranty Duration,Agreement,0.339,0.2778,198,False
338,"['a party may assign the whole of its rights under this agreement to a successor by law, subsidiary or affiliate of such party, or a corporation or an entity jointly controlling or under the same common control as such party, provided that the assigning party shall remain jointly and severally liable with the assignee for the performance of this agreement for the duration of the agreement.']",Change Of Control,Anti-Assignment,Anti-Assignment,Anti-Assignment,DistilBERT,0.715,0.6049,66,False
339,"['for greater certainty, ""new technology"" shall exclude any (x) modification to philips pre-existing intellectual property rights (which, shall exclude any intellectual property rights forming part of the ""purchased assets"" under the purchase agreement) and (y) developments developed not for the products (collectively, ""philips retained product ip\'), provided that philips and its affiliates hereby grant to customer under any such intellectual property rights, which are applicable or used for the manufacturing of the product, a non- exclusive, non-transferable (except in accordance with clause 18.4 (assignment)), irrevocable, world-wide, fully paid-up license, without the right to grant sub-licenses, to make, have made, sell or commercialize in any other way the product.', ""customer grants to philips, during the term, a non-exclusive, royalty-free, non-transferrable right to make, have made, use, sell, reproduce, adapt, distribute, or otherwise use or practice customer's intellectual property rights solely in connection with manufacturing of the products and packaging to customer pursuant to this agreement.""]",License Grant,License Grant,Non-Transferable License,Non-Transferable License,SVM,0.3383,0.0945,154,False
340,"[""the village media company shall not, and shall cause its affiliates and their respective permitted sublicensees not to, whether during the term or thereafter, challenge (a) the rights of pfhof in and to any pfhof work, (b) the validity of any pfhof work, (c) pfhof's right to grant rights or licenses relating to the pfhof works or (d) the validity, legality, or enforceability of this agreement.""]",Covenant Not To Sue,Covenant Not To Sue,Covenant Not To Sue,Covenant Not To Sue,Agreement,0.5121,0.466,66,False
341,"['during the term, subject to the terms and conditions of this agreement, dova hereby grants to valeant the right, on a co-exclusive basis (solely with dova and its affiliates), to detail and promote the product in the specialty in the territory in the field, and to conduct the valeant activities and the activities of the institutional account management team (pursuant to and subject to the terms of section 4.1.5) for the product in the territory in the field in accordance with the terms and conditions of this agreement.', ""[***], valeant hereby grants to dova a fully paid-up, royalty free, non-transferable, non- exclusive license (with a limited right to sub-license to its affiliates) to any valeant property that appears on, embodied on or contained in the product materials or product labeling solely for use in connection with dova's promotion or other commercialization of the product in the territory."", 'valeant shall have the non-exclusive right to use the dova trademarks and copyrights solely on product materials in order to perform the valeant activities and solely in accordance with the terms and conditions of this agreement.']",License Grant,License Grant,Exclusivity,Exclusivity,SVM,0.4238,0.2296,183,False
342,"[""furthermore, without derogating from nice' undertakings hereunder, contractor will use its international supply chain in order to assist nice in selling its dead inventory, which is not included in appendix f, and the proceeds from such sales will be shared as follows: 10% contractor, 90% nice. contractor will report to nice regularly, on such sales.""]",Revenue/Profit Sharing,Revenue/Profit Sharing,Revenue/Profit Sharing,Revenue/Profit Sharing,Agreement,0.2887,0.08,55,False
343,"[""sony hereby assigns to purchaser sony's entire right, title and interest in, to and under the transferred patents, and any patents that may issue therefrom (including any foreign counterparts, divisions, continuations, renewals, continuations in part, reexaminations or reissues thereof), along with the right to sue and collect damages for any future infringement, and agrees to take all reasonably necessary action to assist purchaser, at purchaser's sole expense, to register, confirm and perfect such assignment, including by making filings with or at any and all necessary patent offices and/or governmental agencies."", 'all consultants and independent contractors currently or previously engaged by sony or its affiliates who have made any material contributions to the development of any sram product (including, without limitation, all consultants and independent contractors who have designed, written, or modified any firmware or software code contained in any sram product) have entered into a work-made-for-hire agreement or have otherwise assigned to sony or a affiliate of sony (or a third party that previously conducted any business that forms any part of the business currently conducted by sony and that has subsequently assigned its rights in such sram product to sony) all of their right, title and interest (other than moral rights, if any) in and to the portions of such sram product developed by them in the course of their work for sony or any affiliate.']",Ip Ownership Assignment,Ip Ownership Assignment,Ip Ownership Assignment,Ip Ownership Assignment,Agreement,0.5076,0.4433,227,False
344,"['sfj shall use commercially reasonable efforts to obtain from each third party contractor that sfj or its affiliate proposes to engage to conduct activities under or in connection with this agreement on behalf of sfj or its affiliates (i) an assignment, (ii) an exclusive, worldwide, royalty-free, fully-paid, freely-assignable license, with the right to sublicense through multiple tiers, or (iii) a non‑exclusive, worldwide, royalty-free, fully-paid, freely-assignable license, with the right to sublicense through multiple tiers ((i) through (iii) in order of preference), to pb of any trial invention that such third party contractor conceives, discovers, develops or otherwise makes in connection with activities conducted relating to this agreement.']",Exclusivity,License Grant,Irrevocable Or Perpetual License,Irrevocable Or Perpetual License,SVM,0.2909,0.144,107,False
345,"['ppg shanghai hereby grants to distributor during the term, subject to the terms and conditions hereinafter specified, a limited, nonexclusive, nonassignable and nontransferable right to use the ppg trademarks in the territory for or in connection with its advertisement, promotion, sale and distribution of products.']",License Grant,License Grant,Non-Transferable License,Non-Transferable License,SVM,0.3721,0.1231,45,False
346,"[""the company shall, to the extent and for so long as hoc entities hold at least 14.5% of the shares on a non-diluted basis, upon hoc's request, permit representatives of the hoc entities to have access to the site and any of the premises where the business and operations of the company and its subsidiaries are conducted and access and duplicating rights (and use commercially reasonable efforts to cause persons or firms possessing such documentation or information to give similar access and duplicating rights) to the company and its subsidiaries' books of account and records and such other documents, communications, items and matters, within the knowledge, possession or control of the company, which hoc may reasonably request, at hoc's own cost (other than those it is permitted to examine and make copies of free of charge pursuant to applicable laws) provided that, except to the extent the information can be provided in the necessary course of business of the company, acting reasonably including to provide hoc entities with information to assist the hoc entities and their advisors with the preparation of the financial statements for such hoc entities, nothing herein shall require the company to provide hoc entities with any information which would constitute a material fact with respect to the company which has not been generally disclosed.""]",Audit Rights,Audit Rights,Audit Rights,Audit Rights,Agreement,0.2702,0.1852,218,False
347,"['spinco and remainco agree and acknowledge that, although remainco was responsible for publishing the current forty-second (42nd) edition of the steam book, as of the distribution date, all rights, responsibilities, duties and obligations related to the publication, distribution and sale of this edition shall be transferred to spinco.']",Ip Ownership Assignment,Ip Ownership Assignment,Unlimited/All-You-Can-Eat-License,Unlimited/All-You-Can-Eat-License,SVM,0.3029,0.0844,48,False
348,['tripath or distributor may terminate this agreement for any reason with thirty days written notice.'],Termination For Convenience,Termination For Convenience,Termination For Convenience,Termination For Convenience,Agreement,0.8438,0.818,15,True
349,['reseller shall not obtain the touchstar software or support services (or any software or services which compete with the touchstar software) for sale from any entity other than touchstar or its authorized agents.'],Exclusivity,Non-Compete,Warranty Duration,Warranty Duration,SVM,0.3427,0.2296,33,False
350,"['the executive agrees and undertakes with the company acting on behalf of itself and as agent for each group company that he will not in any relevant capacity at any time during the restricted period:<omitted>(e) solicit, entice or encourage or attempt to solicit, entice or encourage any key individual to leave the employment of the company or any relevant group company (whether or not such person would commit any breach of his contract of employment by doing so);']",No-Solicit Of Employees,No-Solicit Of Employees,No-Solicit Of Employees,No-Solicit Of Employees,Agreement,0.3531,0.2999,78,False
351,"['in the event that you use, sell or distribute unauthorized products or services, and do not cease the use, sale, or distribution of unauthorized services or products within ten (10) days after written notice is given to you, we reserve the right to terminate this agreement and/or charge you a fee of one hundred and no/100 dollars ($100.00) for each day that you fail to comply with our demand to cease the use, sale or distribution of unauthorized products or services, which is a reasonable estimate of the damages we would incur from your continued use, sale or distribution of unauthorized products or services, and not a penalt']",Liquidated Damages,Post-Termination Services,License Grant,License Grant,SVM,0.2134,0.1085,108,False
352,"[""in the event that any portion of the shipment fails to conform to the product specifications, astellas shall notify fg within [ * ] of astellas' receipt of such shipment."", ""if astellas detects at any time any defect in the lead compound which has not been found through astellas' inspection, it shall notify fg to that effect within [ * ] of the discovery of such defect, and the procedures set forth above in this section 12.7 shall be applied to such defective lead compound, provided, that fg shall only be responsible to pay for costs of defects that are the result of fg's gross negligence or willful misconduct."", 'in the absence of such notification, astellas shall be deemed to have accepted the shipment.']",Warranty Duration,Audit Rights,Warranty Duration,Warranty Duration,SVM,0.2593,0.1405,124,False
353,"['in consideration for the purchase of the products by distributor from vendor, vendor grants distributor the exclusive right to market, sell, rent, lease, service and maintain the products and all improvements thereon within the territory (as defined herein) according to the terms and conditions as set forth herein.', 'in exchange for the marketing and selling of the products provided in section 3, vendor hereby agrees:\n\n4.1. to provide distributor with the appropriate product brochures, and two (2) fully working and fit for purpose samples of each model of shuffling machine free of charge;\n\n4.2. to prominently display and advertise that distributor is the sole and exclusive distributor of vendor for the products in the territory;\n\n4.3. subject to section 2.6 of this agreement, not to market, distribute, sell or supply the products covered by this agreement to any individual or entity in the territory directly in response to a request from that person or entity without the prior written consent of distributor;\n\n4.4. subject to section 4.5 of this agreement, for a period of twenty-four (24) months after the effective date, not to develop, manufacture, market, distribute, sell or supply anywhere in the world to any individual or entity a gaming chip-sorting machine for use in a casino; and', 'in exchange for the exclusive distribution right and license granted to distributor pursuant to this agreement, during the term, distributor hereby agrees to purchase the products from vendor, where such products are fit for purpose and ready for sale in the territory, as determined by distributor, as follows:\n\n 5.1.1. as of the effective date, one hundred (100) units of the pokerone™ shuffler at a price of four thousand nine hundred dollars ($4,950.00 u.s.) per unit, where vendor shall ship the units no later than the end of january 2005;\n\n 5.1.2. upon the delivery of two (2) units of the random plus™ shuffler to distributor and the expiration of a review period ending thirty (30) calendar days after the receipt of delivery by distributor,, where such review by distributor determines that the random plus™ shuffler is fit for purpose and ready for commercial sale in the territory, one hundred (100) units of the random plus™ shuffler at a price of four thousand nine hundred fifty dollars ($4,950.00 u.s.) per unit, where vendor shall ship the units no later than 30 days after the review period;\n\n-5-\n\n\n\n\n\n 5.1.3. upon the receipt of any necessary approvals or approval waivers and the expiration of a review period ending thirty (30) calendar days after the receipt of delivery by distributor of two (2) units of the continuous plus™ shuffler, where such review by distributor determines that the continuous plus™ shuffler is fit for purpose and ready for commercial sale in the territory, one hundred (100) units of the continuous plus™ shuffler at a price of five thousand nine hundred fifty dollars ($5,950.00 u.s.);\n\n 5.1.4. within thirty (30) days of the one (1) year anniversary of the effective date, an additional two hundred (200) units of the products comprising any mix of the shuffler products offered by vendor; and\n\n 5.1.5. any additional number of units of the products as may be submitted by distributor to vendor pursuant to a purchase order (as defined herein).', 'in exchange for the exclusive distribution right and license provided in section 2 of this agreement, distributor hereby agrees during the term to use its best commercial efforts to promote, advertise and distribute the products throughout the territory, including, without limitation, the following:', 'distributor shall not obtain, purchase, receive or source any other card shuffling machine from any third party or other source under any circumstance other than from vendor with the exception of all shuffle master, inc. shuffling machines which are held in stock at the effective date which distributor is free to sell, rent purchase or lease until all of the said stock has been depleted.']",Exclusivity,Exclusivity,Non-Compete,Non-Compete,SVM,0.386,0.2917,640,False
354,['this agreement is not assignable by agent without prior written consent by kallo.'],Anti-Assignment,Anti-Assignment,Anti-Assignment,Anti-Assignment,DistilBERT,0.9272,0.9167,13,True
355,"['neither party shall permit advertising on the co-branded site from an entity which is a competitor to the other party.', 'during the term of this agreement and for a period of six (6) months thereafter, medialinx shall not use or publicly disclose the data collected from users of the co-branded site if such use is for the purpose of providing health information, advertisements, or products that compete with those that reside on the co-branded site.']",Non-Compete,Non-Compete,Non-Compete,Non-Compete,Agreement,0.2655,0.1329,75,False
356,"[""franchisee shall not do anything or suffer anything to be done which may adversely affect any rights of franchisor in and to any franchisor property, or any registrations thereof or which, directly or indirectly, may<omitted>disparage or detract from franchisor's reputation.""]",Non-Disparagement,Covenant Not To Sue,Non-Disparagement,Non-Disparagement,SVM,0.1353,0.0404,40,False
357,"['upon the effective date of this agreement comware shall have the exclusive right to purchase, at the discounts described below, and resell products to potential customers during the initial distribution period,']",Exclusivity,Exclusivity,Exclusivity,Exclusivity,Agreement,0.3355,0.1938,31,False
358,"['talent represents and warrants that he has not granted nor will he grant to any other party any right, permission, or license to use the property in connection with the advertisement, sale, or promotion of the product or in connection with products that are identical or substantially similar to the product.']",Non-Compete,License Grant,Exclusivity,Exclusivity,SVM,0.3013,0.1153,51,False
359,"['in the event this agreement is terminated in accordance with this section 11, the company shall transfer the policy to the trust as soon as is administratively practicable.']",Post-Termination Services,Change Of Control,Post-Termination Services,Post-Termination Services,SVM,0.21,0.0463,28,False
360,"[""for any product or solution sold to any perspective clients introduced by bravatek registered with company via email to company's ceo and delivered through bravatek or a company-designated distribution affiliate(s) or sales channel(s), bravatek will receive a lead-finder fee, to be mutually discussed and finally decided by company at the range of minimum of 10% to maximum of 20% of project revenue, with an exact fee to be depending upon the overall project sales margin and cost of development and delivery of each project, payable net 30 days after each client payment on delivered products received at company's bank account.""]",Minimum Commitment,Revenue/Profit Sharing,Revenue/Profit Sharing,Revenue/Profit Sharing,Agreement,0.5333,0.3573,100,False
361,"['the manufacturer hereby appoints the customer to be the sole and exclusive agent for the promotion, sales, marketing, distribution and administration of the products listed in schedule a of this agreement based on minimum annual product purchase requirements as listed in schedule b of this agreement.', 'minimum annual product performance requirements are listed below: product name: agreed quantity of units to be purchased per annum: atp 1 s survivor select 150gm packaged 15,000 atp 2 energized mineral concentrate 29.5ml packaged 20,000 atp 3 ionized cal-mag 114gm packaged 15,000 atp 4 omega blend 250ml packaged 15,000 atp 5 betamaxx 150gm packaged 15,000 agp 1 iron 29.5ml packaged 1000 yfa young formula 450gm packaged 3000 oryc organic soap 150gm packaged 2500', 'the manufacturer agrees to maintain its focus on the design and formulation of new products and agrees to provide the customer with one new product each quarter for a minimum of four (4) new products per year.']",Minimum Commitment,Minimum Commitment,Minimum Commitment,Minimum Commitment,Agreement,0.3476,0.2188,156,False
362,"['if you have transferred your interests in violation of this agreement you shall be considered in breach of this agreement.', 'any transfer that is made without our approval will constitute a breach of this agreement and convey no rights to or interests in this agreement, you, the franchise, or any other the joint corp. franchise.', 'however, no assignment shall be effective until such time as franchisor or its designated affiliate gives lessor written notice of its acceptance of the assignment, and nothing contained herein or in any other document shall constitute franchisor or its designated subsidiary or affiliate a party to the lease agreement, or guarantor thereof, and shall not create any liability or obligation of franchisor or its parent unless and until the lease agreement is assigned to, and accepted in writing by, franchisor or its parent, subsidiary or affiliate.', ""if you propose to transfer this agreement, the franchise or its assets, or any interest, or if any of your principal owners proposes to transfer a controlling interest in you or make a transfer that is one of a series of transfers which taken together would constitute the transfer of a controlling interest in you, then all of the following conditions must be met before or at the time of the transfer: (a) the proposed new owner must have sufficient business experience, aptitude, and financial resources to operate the franchise; (b) you must pay any amounts owed for purchases from us and our affiliates, and any other amounts owed to us or our affiliates which are unpaid; (c) the proposed new owner's directors and such other personnel as we may designate must have successfully completed our initial training program, and shall be legally authorized and have all licenses necessary to perform the services offered by the franchise. the proposed new owner shall be responsible for any wages and compensation owed to, and the travel and living expenses (including all transportation costs, room, board and meals) incurred by, the attendees who attend the initial training program; (d) if your lease for the premises requires it, the lessor must have consented to the assignment of the lease of the premises to the proposed new owner; (e) you (or the proposed new owner) must pay us a transfer fee equal to seventy-five percent (75%) of the then current initial franchise fee we charge to new start-up location franchisees, and must reimburse us for any reasonable expenses incurred by us in investigating and processing any proposed new owner where the transfer is not consummated for any reason; (f) you and your principal owners and your and their spouses must execute a general release (in a form satisfactory to us) of any and all claims you and/or they may have against us, our affiliates, and our and our affiliates' respective officers, directors, employees, and agents;<omitted>(g) we must approve the material terms and conditions of the proposed transfer, including without limitation that the price and terms of payment are not so burdensome as to adversely affect the operation of the franchise; (h) the franchise and the premises shall have been placed in an attractive, neat and sanitary condition; (i) you and your principal owners must enter into an agreement with us providing that all obligations of the proposed new owner to make installment payments of the purchase price (and any interest on it) to you or your principal owners will be subordinate to the obligations of the proposed new owner to pay any amounts payable under this agreement or any new franchise agreement that we may require the proposed new owner to sign in connection with the transfer; (j) you and your principal owners must enter into a non-competition agreement wherein you agree not to engage in a competitive business for a period of two (2) years after the transfer and within twenty-five (25) miles of your franchise premises or any other the joint corp. location franchise location; (k) the franchise shall have been determined by us to contain all equipment and fixtures in good working condition, as were required at the initial opening of the franchise. the proposed new owner shall have agreed, in writing, to make such reasonable capital expenditures to remodel, equip, modernize and redecorate the interior and exterior of the premises in accordance with our then existing plans and specifications for a the joint corp. location franchise, and shall have agreed to pay our expenses for plan preparation or review, and site inspection; (l) upon receiving our consent for the transfer or sale of the franchise, the proposed new owner shall agree to assume all of your obligations under this agreement in a form acceptable to us, or, at our option, shall agree to execute a new franchise agreement with us in the form then being used by us. we may, at our option, require that you guarantee the performance, and obligations of the proposed new owner; and (m) you must have properly offered us the opportunity to exercise our right of first refusal as described below, and we must have then declined to exercise it.""]",Anti-Assignment,Anti-Assignment,Rofr/Rofo/Rofn,Rofr/Rofo/Rofn,SVM,0.6756,0.5329,845,False
363,"[""the licensee shall not otherwise contest, dispute, or challenge the licensor's right, title, and interest in and to the licensed mark.""]",Covenant Not To Sue,Covenant Not To Sue,Covenant Not To Sue,Covenant Not To Sue,Agreement,0.5131,0.4575,21,False
364,"['notwithstanding the foregoing, upon the prior written approval of online bvi, which approval may be withheld in its sole discretion, the company shall be permitted to sublicense its rights hereunder to a wholly-owned subsidiary of the company or a majority-owned subsidiary of tom holding, for the same purpose and under the same terms and conditions as the license set forth herein.', 'this agreement may not be assigned by a party to this agreement to any other person without the express written approval of the other parties to this agreement and any attempt at assignment in violation of this section shall be null and void.']",Anti-Assignment,Anti-Assignment,Anti-Assignment,Anti-Assignment,Agreement,0.5961,0.4976,104,False
365,['to be covered by the seller for 110% invoice value against all risks and war risk.'],Insurance,Minimum Commitment,Insurance,Insurance,SVM,0.2563,0.0379,16,True
366,"['the distributor shall not:<omitted>act as the agent or the buying agent, for any person for any goods which are competitive with the product; or']",Non-Compete,Non-Compete,Non-Compete,Non-Compete,Agreement,0.3583,0.274,24,False
367,"['kallo shall maintain comprehensive general liability and errors and omissions insurance for the kallo mobile care suite of products.', ""agent or its successors shall maintain during the term of this agreement and while it is still responsible for its book of business: i.all required workers' compensation or similar insurance; ii.comprehensive general liability insurance.""]",Insurance,Insurance,Insurance,Insurance,DistilBERT,0.8715,0.8597,53,False
368,"['at no time during the term of the agreement or thereafter shall ediets attack, challenge or file any application with respect to any women.com mark.', 'at no time during the term of the agreement or thereafter shall women.com attack, challenge or file any application with respect to any ediets mark.', ""women.com acknowledges that ediets owns all right, title and interest in and to the ediets content, and women.com shall not now or in the future contest the validity of the ediets' ownership rights in and to the ediets content.""]",Covenant Not To Sue,Covenant Not To Sue,Covenant Not To Sue,Covenant Not To Sue,Agreement,0.5453,0.5055,89,False
369,"['ma shall keep accurate records of the sales of the technology and maintenance, including client registration cards and shall make these records available for review by a representative of company within ten (10) business days following the end of each month.']",Audit Rights,Audit Rights,Audit Rights,Audit Rights,DistilBERT,0.7522,0.7055,41,False
370,"['aimmune covenants that it will not research or develop (including develop) the antibody itself, including not developing any modification, variant, fragment, progeny or derivatives of such antibody, in each case, in a way that would produce a molecule that is neither the antibody nor a molecule that falls within the definition of a product.', 'aimmune hereby covenants and agrees that it shall not (and shall cause the other aimmune agreement entities not to), either directly or indirectly, 14\n\nsource: aimmune therapeutics, inc., 8-k, 2/5/2020\n\n\n\n\n\ndevelop, manufacture, or commercialize the product for use outside the licensed field.', '. furthermore, xencor hereby covenants and agrees that it shall not (and shall cause its affiliates not to), either directly or through granting a license or other right to, or otherwise facilitating, a third party to (a) develop, manufacture or commercialize the antibody or the product during the term, (b) commence any [***] of any [***] that is not the antibody or a product and that [***] for use in the licensed field, prior to the [***] ([***]t h) anniversary of the effective date, or (c) develop, manufacture or commercialize any [***] that is not the antibody or a product and that [***] for use in the aimmune field during the term.']",Non-Compete,Non-Compete,Non-Compete,Non-Compete,Agreement,0.3215,0.2174,206,False
371,"['the rights and obligations of the fund and the investment adviser hereunder may not be assigned or delegated to any other person without the prior written consent of the remarketing agent.', 'the rights and obligations of the remarketing agent hereunder may not be assigned or delegated to any other person without the prior written consent of the fund.']",Anti-Assignment,Anti-Assignment,Anti-Assignment,Anti-Assignment,DistilBERT,0.9292,0.9191,58,False
372,"[""upon the license option exercise closing date, harpoon (on behalf of itself and its affiliates) hereby grants to abbvie:\n\n(a) an exclusive (including with regard to harpoon and its affiliates, except as provided in section 5.6) license (or sublicense), with the right to grant sublicenses in accordance with section 5.3, under the harpoon patents, the harpoon know-how, and harpoon's interests in the joint patents and the joint know-how, to exploit the licensed compounds and licensed products in the field in the territory;\n\n(b) an exclusive (including with regard to harpoon and its affiliates, except as provided in section 5.6) license and right of reference, with the right to grant sublicenses and further rights of reference in accordance with section 5.3, under the regulatory approvals and any other regulatory documentation that harpoon or its affiliates may control with respect to the licensed compounds or licensed products solely for purposes of exploiting the licensed compounds and licensed products in the field in the territory."", ""upon the [***], harpoon (on behalf of itself and its affiliates) hereby grants to abbvie a co-exclusive (with harpoon), royalty-free (subject to [***] [***]) license, with the right to grant sublicenses in accordance with section 5.3, under the harpoon patents, the harpoon know-how, and harpoon's interests in the joint patents and the joint know- how, to develop and manufacture the licensed compounds and licensed products solely to the extent necessary for abbvie to perform [***]."", 'upon the effective date, harpoon hereby grants to abbvie the exclusive right, but not the obligation, to obtain the licenses set forth in section 5.1.3 (the ""license option"").', ""effective upon the date that abbvie commences performing initial development activities pursuant to section 3.1.2, harpoon (on behalf of itself and its affiliates) shall grant and hereby grants abbvie a co- exclusive (with harpoon), royalty-free license, with the right to grant sublicenses in accordance with section 5.3, under the harpoon patents, the harpoon know-how, and harpoon's interests in the joint patents and the joint know-how, solely to the extent necessary for abbvie to conduct initial development activities assumed by abbvie in accordance with section 3.1.2 (if any).""]",Exclusivity,License Grant,License Grant,License Grant,Agreement,0.361,0.1726,350,False
373,"['in the event of termination or expiration of this agreement pursuant to section 5.0 above, ibm shall have an option, which shall expire [*] days after such termination or expiration, to purchase from msl, at a reasonable price agreeable to the parties, all assets used by msl to perform the manufacturing and fulfillment functions<omitted>outlined in attachment 1: statement of work, to the extent owned or transferable by msl, and required by ibm to perform such functions.', 'in the event that msl owns the tooling and has received a bona fide third party offer to purchase any or all of the tooling, before msl may accept such offer, msl shall notify ibm in writing, and ibm shall have [*] days after such notice to agree to purchase such tooling on the same terms and conditions as such third party offer.']",Rofr/Rofo/Rofn,Post-Termination Services,Post-Termination Services,Post-Termination Services,Agreement,0.3632,0.2528,139,False
374,"['save that nothing in this paragraph 13.2 shall prevent you from holding (with the prior written consent of the company, which shall not be unreasonably delayed or withheld) up to three percent (3%) of the issued equity share capital of any company where those equity shares are listed on a recognised investment exchange (as defined in section 285 of the financial services and markets act 2000) or traded on the aim market operated by the london stock exchange.']",Competitive Restriction Exception,Revenue/Profit Sharing,Competitive Restriction Exception,Competitive Restriction Exception,SVM,0.2609,0.1314,78,False
375,"[""except with respect to contractor's obligations pursuant to paragraph 9 hereof, contractor's maximum liability to company arising for any reason relating to contractor's performance of services under a statement of work shall be limited to the amount of fees paid to contractor for the performance of such services."", ""companys' maximum liability to contractor for any reason arising out of this agreement shall be limited to the amount of fees paid to contractor."", 'neither party shall have any liability to the other party for any lost profits or special, incidental, indirect or consequential damages, even if such party has been advised of the possibility of such damages.']",Cap On Liability,Cap On Liability,Cap On Liability,Cap On Liability,Agreement,0.6866,0.5025,106,False
376,"['operator grants to owner the limited right to use any training materials which are provided under this agreement, and owner agrees that upon termination of this agreement for any reason, owner shall return all training materials, including any copies, to operator.']",License Grant,Post-Termination Services,Post-Termination Services,Post-Termination Services,Agreement,0.3354,0.2502,41,False
377,"[""the contractor may terminate this agreement and his or her engagement for any reason at any time upon providing 30 days advance notice in writing to emerald. termination will be effective, at emeralds' election, on a date which is no earlier than the date such notice is received and no later than the date which is 30 days following that date."", 'the company may terminate this agreement and the engagement of the contractor without cause at any time on 30 days prior written notice.']",Termination For Convenience,Termination For Convenience,Termination For Convenience,Termination For Convenience,DistilBERT,0.8426,0.8148,84,False
378,"['""performance benchmarks"" shall mean the following requirements necessary for distributor to maintain the exclusivity granted in section 2.1 hereof: (a) the execution of contracts to deploy products in 25 new locations approved in advance by hydraspin (""customer locations"") during each 12 month period following the effective date and (b) all customer locations in the aggregate shall generate an average of 7,500 barrels of fluid per day on a trailing 12 month basis. customer locations must be available for installation within 90 days of approval by hydraspin to be applied toward the satisfaction of the performance benchmark.', 'if this agreement is extended beyond the initial term, as hereinafter defined, the number of customer locations to be secured to maintain exclusivity during the pendency of the agreement shall be increased to 50 from 25.']",Minimum Commitment,Minimum Commitment,Exclusivity,Exclusivity,SVM,0.4169,0.2807,132,False
379,"['hci shall be entitled to all net revenue generated from advertising and e- commerce transactions generated by canadian companies that may take place on the co-branded site up to and including [*] us in any given year.', 'thereafter, any net revenues exceeding [*] us shall be shared fifty-fifty between the parties (50% medialinx--50% hci).']",Revenue/Profit Sharing,Revenue/Profit Sharing,Revenue/Profit Sharing,Revenue/Profit Sharing,Agreement,0.692,0.6366,54,False
380,"[""netgear's agreement not to appoint additional distributors of netgear products in the territory during the [*] of this agreement is predicated upon distributor performing the mutually agreed upon activities included in the marketing plan attached as exhibit 4."", 'distributor shall be the only distributor appointed by netgear in the territory, subject to distributor conducting mutually agreed to marketing activities as described in the marketing plan to be developed and agreed to by and between the parties and which shall be attached to and made a part of this agreement as exhibit 4.']",Exclusivity,Exclusivity,Exclusivity,Exclusivity,Agreement,0.2527,0.1178,92,False
381,"['ekr may terminate this agreement for convenience at any time upon [**] ([**]) days prior, written notice to ppi.', 'at any time between the agreement date and july 1, 2015, ekr shall have the right, exercisable upon sixty (60) days prior written notice to ppi, to terminate the lease term and sell the transferred equipment back to ppi, subject to payment by ppi to ekr within five (5) days of such notice of $[**] in cash, which if exercised shall result in (i) an offset against the unpaid balance of principal and interest under the promissory note pursuant to section 3.20(f) below; and (ii) the termination of the step-in right described in section 17.5.', 'at any time after july 1, 2015, ppi shall have the right, exercisable upon sixty (60) days prior written notice to ekr, to terminate the lease term and repurchase the transferred equipment from ekr, subject to payment by ppi to ekr within five (5) days of such notice of any principal paid by ekr under the promissory note, which if exercised shall result in the termination of the step-in right set forth in section 17.5.']",Termination For Convenience,Termination For Convenience,Termination For Convenience,Termination For Convenience,DistilBERT,0.8124,0.7733,189,False
382,"['this agreement may not be assigned, disposed of, alienated or otherwise transferred by either party, in whole or in part, without the prior written consent of the other party, which consent shall not be unreasonably withheld, conditioned or delayed, except as provided below.']",Anti-Assignment,Anti-Assignment,Anti-Assignment,Anti-Assignment,DistilBERT,0.9299,0.9195,43,False
383,"['further, during the non-competition period, isa shall not solicit any employee of rubicon or any employee of any rubicon client.', 'further, during the non-competition period, rubicon shall not solicit any\n\n\n\n\n\nemployee of isa or any employee of any isa client.']",No-Solicit Of Employees,No-Solicit Of Employees,No-Solicit Of Employees,No-Solicit Of Employees,Agreement,0.3086,0.2461,39,False
384,"[""at all times during the term without cost to owner, operator shall maintain in force the following insurance, which insurance shall not be subject to cancellation, termination or other material adverse changes unless the insurer delivers to owner<omitted>written notice of the cancellation, termination or change at least thirty (30) days in advance of the effective date of the cancellation, termination or material adverse change:\n\n(a) worker's compensation insurance as required by the laws of the state where operator's facilities are located;\n\n(b) employer's liability insurance with limits not less than one million dollars ($1,000,000); and\n\n(c) commercial general liability insurance, including bodily injury and property damage liability including premises operations, contractual liability endorsements, products liability and completed operations with limits not less than five million dollars ($5,000,000).""]",Insurance,Insurance,Insurance,Insurance,DistilBERT,0.8671,0.8554,124,False
385,"['establishment shall permit apollo and its agents, during business hours and upon notice to establishment, to inspect the facilities where the product is manufactured, handled, stored or tested, as well as all processes relating to the manufacture, handling, storage, or testing of the product, as well as all test records regarding the product.']",Audit Rights,Audit Rights,Audit Rights,Audit Rights,DistilBERT,0.8404,0.825,53,False
386,"['a representative of bkc who shall make not less than two (2) one day visits to poland per annum to provide the franchisee with any requested reasonable operations or marketing guidance and advice.', 'at all times during the term of this agreement, franchisee shall employ at least one (1) individual (the ""restaurant manager"") who is responsible for the direct, personal supervision of the franchise d restaurant .']",Minimum Commitment,Audit Rights,Audit Rights,Audit Rights,Agreement,0.2534,0.1739,67,False
387,"[""neither party shall be liable to the other pursuant to this agreement for any amounts representing loss of profit, loss of business or indirect, consequential, exemplary, or punitive damages of the other party. the foregoing shall not limit the indemnification, defense and hold harmless obligations set forth in this agreement other than those set forth in section 5.4 and shall not apply with respect to damages or losses arising from the wrongful termination of this agreement by lmg, willful misconduct, gross negligence or breach of lmg's obligations under section 3. 8.""]",Uncapped Liability,Cap On Liability,Cap On Liability,Cap On Liability,Agreement,0.686,0.4992,91,False
388,"['to facilitate the promotion and performance of tests, during the term life technologies hereby grants biocept a non-exclusive, royalty-free, non-transferable license to use the life technologies trademarks solely for use in connection with the promotion and performance of the tests in the territory.', 'to facilitate the promotion and performance of tests, during the term biocept hereby grants life technologies a non-exclusive, royalty-free, non-transferable license to use the biocept trademarks solely for<omitted>use in connection with the promotion and performance of the tests in the territory.']",Non-Transferable License,License Grant,License Grant,License Grant,Agreement,0.385,0.1292,84,False
389,"['new process technologies that have been developed by eutectix, alone or with a third party, shall be solely owned by eutectix, and, if permitted, eutectix shall grant liquidmetal a license to such new process technologies as set forth in section 8.3 below.', 'eutectix hereby grants to liquidmetal a fully-paid up, royalty-free, perpetual, world-wide, non-exclusive license to any new process technologies in which eutectix acquires licensing rights pursuant to section 8.2 above.', 'the licenses granted under this agreement shall be subject to the following exclusions, conditions, restrictions, and limitations: 1. the ""field"" shall exclude the following products and fields of use: a. any consumer electronic products (as defined below) or any components or sub-components suitable for use with any consumer electronic products. for this purpose, ""consumer electronic products"" means personal computers (portable and desktop); tablet or slate style computing devices; handheld electronic and/or communication devices (e.g., smartphones, digital music players, multi-function devices, etc.); any device whose function includes the creation, storage or consumption of digital media; any component or sub-component in any consumer electronic product; and any accessory that is the same or similar (in the sole discretion of apple, inc.) to an accessory made or sold by or on behalf of apple (regardless of when apple sold or started to sell such accessory, including after date of the closing of the proposed transaction) that is suitable for use with any consumer electronic product. b. any watches or components for watches. c. finished or semi-finished jewelry, and also any other products that are sold under the name of a luxury brand or incorporated into products that are sold under the name of a luxury brand, including without limitation (a) buckles for belts, briefcases, handbags, and clothing; and (b) cigarette lighters and cigar cutters. for purposes hereof, the term ""jewelry"" means rings, necklaces, pins, cufflinks, and other objects that are ornamental in nature and used for adornment of the human body. ""luxury brands"" shall not include brands owned or used by nokia, motorola, samsung, lg, sony-ericsson, apple, rim, htc or similar companies that supply mobile phones and accessories to the mass-market. otherwise, ""luxury brands"" consist of the following brands and any other similar, renowned luxury brand which is used as the sole or primary brand on a competitive product sold at similar price point:', ""licensed products may not be sold to any customer in, or to any customer for distribution into, the following countries, without liquidmetal's prior written consent, which consent shall not be unreasonably withheld, conditioned or delayed: brunei, cambodia, china (p.r.c and r.o.c.), east timor, indonesia, japan, laos, malaysia, myanmar, north korea, philippines, singapore, south korea, thailand and vietnam."", 'liquidmetal grants to eutectix during the term of this agreement and subject to the field of use restrictions (as defined below), a royalty-bearing, worldwide, non-transferrable, non-exclusive license (or sublicense as the case may be) to the licensed patents (as defined below) and the licensed technical information (as defined below) to make and have made, assemble and have assembled, use, sell, offer to sell, import and offer to import, export and offer to export, distribute and offer to distribute, repair, reconstruct, practice, and maintain licensed products in the field (as defined below).', 'upon and subject to the terms and conditions stated in this agreement, on the effective date, for the consideration described in this agreement and eutectix\'s performance of its other obligations under this agreement, liquidmetal grants to eutectix the right and license to use the following equipment owned by liquidmetal (the ""licensed equipment"") (i) solely for use on liquidmetal\'s behalf, (ii) for eutectix\'s own limited use in the production of liquidmetal products (as defined below) or licensed products (as defined below), (iii) for the continued development of applications utilizing bulk metallic glasses in cooperation between liquidmetal and eutectix, and (iv) independently by eutectix pursuant to the terms of this agreement: (a) two (2) engel e-motion 310/120 injection molding machines, and associated equipment; (b) two (2) eontec 300-c die casting machines, and associated equipment; (c) one (1) flow m21313b waterjet machine; (d) two (2) dmg mori milltap 700 cnc machines, and associated consumables and fixtures; (e) equipment for cut, mount, and polish analysis operations, including: i. one (1) struers accutom-10 cut-off machine ii. one (1) struers secotom-50 precision cutting machine iii. one (1) struers tegramin-30 tabletop grinding machine iv. one (1) keyence vh x-s550e microscope (f) equipment required for vibratory deburring operations, including: i. one (1) rosler r 125 ec-kf rotary vibrator ii. one (1) rosler r 125 ec rotary vibrator 2<omitted>(g) equipment required for passivation operations, including: i. one (1) esma, inc. e782c ultrasonic cleaning system (h) one (1) dry cooler d455 chill water system; (i) one (1) mts 810 mts mechanical testing frame; and (j) molds and fixtures needed for production of sample parts.', 'the parties shall negotiate in good faith a royalty-bearing, perpetual, world-wide, non-exclusive license to any new application technology in which they acquire rights as set forth in section 8.2.3 above. royalties and other terms shall be commercially reasonable and negotiated by the parties in good faith.']",License Grant,License Grant,License Grant,License Grant,Agreement,0.4505,0.3121,840,False
390,"['on any termination of this agreement under section 5.l (a), (b), or (c) all outstanding stock options granted to the consultant shall be exercisable in accordance with the terms of the option agreements covering such grants']",Post-Termination Services,Post-Termination Services,Post-Termination Services,Post-Termination Services,Agreement,0.5502,0.4873,36,False
391,['berkshire may terminate this agreement immediately by giving auriemma notice if<omitted>(iii) auriemma publicly disparages berkshire and/ or its products.'],Non-Disparagement,Non-Disparagement,Non-Disparagement,Non-Disparagement,Agreement,0.0895,0.0048,19,True
392,"[""such certificate will provide that there shall be no cancellation, non-renewal, or modification of such coverage without thirty days' prior written notice to the company."", 'the provider will obtain and maintain appropriate liability insurance in an amount of not less than $1,000,000 combined single limit for accidents or occurrences which cause bodily injury, death or property damage related to the performance of the services. the insurance policy willname the company as an additional insured.']",Insurance,Insurance,Insurance,Insurance,DistilBERT,0.8563,0.843,74,False
393,"['each of astellas and fg shall retain its records for the minimum period of time required by applicable law in all cases, and for not less than [ * ] following the expiration or termination of this agreement.']",Post-Termination Services,Post-Termination Services,Post-Termination Services,Post-Termination Services,Agreement,0.5613,0.5117,38,False
394,"['harpoon shall not, and shall not permit its affiliates to, attack, dispute, or contest the validity of or ownership of such product trademark anywhere in the territory or any registrations issued or issuing with respect thereto or use in their respective businesses, any trademark that is confusingly similar to, misleading or deceptive with respect to or that dilutes any (or any part) of the product trademarks.']",Covenant Not To Sue,Covenant Not To Sue,Covenant Not To Sue,Covenant Not To Sue,Agreement,0.5059,0.4716,66,False
395,"['such covenants shall be in a form satisfactory to us, including, without limitation, specific identification of us as a third party beneficiary of such covenants with the independent right to enforce them.', 'you shall include in the standard unit franchise agreement used by you a provision which states that we are a third-party beneficiary to the unit franchise agreement and are entitled to the rights granted in this section 13.', 'you and we acknowledge and agree that we are a third-party beneficiary to all unit franchise agreements between you and unit franchisees in the master territory, and that we shall have the right to assume any of your responsibilities, duties or functions under such unit franchise agreements in the event that this agreement expires or is terminated for any reason.', 'every covenant required by this section 7.6 shall be in a form satisfactory to us, including, without limitation, specific identification of us as a third party beneficiary of such covenants with an independent right to enforce them.']",Third Party Beneficiary,Third Party Beneficiary,Third Party Beneficiary,Third Party Beneficiary,Agreement,0.0913,0.0087,167,False
396,"['once revmed has completed conducting all clinical trials for a product assigned to it under the development plan for such product, revmed agrees to assign, and hereby does assign, to sanofi all of its rights, title and interests in and to all regulatory approvals (including inds and ndas) for such product.', 'sanofi shall transfer and assign, and shall ensure that its affiliates transfer and assign, to revmed, at no cost to revmed, all product marks exclusively relating to any termination product, provided that such product marks do not contain the business entity names of sanofi or its affiliates or variations thereof, except as may otherwise be required by applicable law during a transition period to avoid any interruptions in supply of termination product to patients. i']",Ip Ownership Assignment,Ip Ownership Assignment,Ip Ownership Assignment,Ip Ownership Assignment,Agreement,0.6096,0.5464,126,False
397,"['notwithstanding anything in this agreement to the contrary, in no event shall any party hereto, their respective affiliates or any of their respective directors, officers, employees, agents or subcontractors, be liable under any theory of tort, contract, strict liability or other legal theory for lost profits, lost revenues, lost business opportunities, exemplary, punitive, special, incidental, indirect or consequential damages, each of which is hereby excluded by agreement of the parties, regardless of whether the damages were foreseeable or whether any party or any entity has been advised of the possibility of the damages.', ""notwithstanding anything in this agreement to the contrary, the cumulative liability of each of servicers and iso for all losses, claims, suits, controversies, breaches or damages arising out of or related to this agreement<omitted>regardless of the form of action or legal theory relating to events in any one processing year shall not exceed [***] [***] times the amount of clearing/sponsorship fees paid to servicers by iso pursuant to this agreement during the immediately preceding [***] [***] full months; provided, however, that this limitation shall not apply to either party's obligation to indemnify the other for credit/fraud losses or losses arising from or related to the indemnifying party's (or its agents, representatives, merchants, other msp's or ic's) failure to comply with rules.""]",Cap On Liability,Cap On Liability,Cap On Liability,Cap On Liability,Agreement,0.6951,0.5145,214,False
398,"[""except as otherwise provided in section 10.5, in the event of any breach of a term or condition of this agreement by either party, the other party's remedy shall be limited to the direct damages caused thereby and in no event shall a party be liable to the other party for any consequential, indirect, pecuniary, punitive, or economic damages, howsoever caused.""]",Cap On Liability,Cap On Liability,Uncapped Liability,Uncapped Liability,SVM,0.6944,0.5162,61,False
399,"['for greater certainty, ""new technology"" shall exclude any (x) modification to philips pre-existing intellectual property rights (which, shall exclude any intellectual property rights forming part of the ""purchased assets"" under the purchase agreement) and (y) developments developed not for the products (collectively, ""philips retained product ip\'), provided that philips and its affiliates hereby grant to customer under any such intellectual property rights, which are applicable or used for the manufacturing of the product, a non- exclusive, non-transferable (except in accordance with clause 18.4 (assignment)), irrevocable, world-wide, fully paid-up license, without the right to grant sub-licenses, to make, have made, sell or commercialize in any other way the product.']",Irrevocable Or Perpetual License,License Grant,Non-Transferable License,Non-Transferable License,SVM,0.2947,0.017,108,False
400,['distributor may not sell or license products directly to end use customers without the express written consent of netgear.'],No-Solicit Of Customers,Non-Compete,Anti-Assignment,Anti-Assignment,SVM,0.276,0.1574,19,True
401,"['in addition to the products, calm shall have the right to identify up to five (5) additional products, with such products and the price thereof to be mutually agreed by the parties, to be displayed, marketed, promoted, offered for sale and sold in the stores in the territory.', 'calm shall have the right, but not the obligation, to hire personnel of its choosing to be present in any store(s) to assist in the display, marketing, promotion, offer for sale and sale of products, provided, however, that no more than one such person shall be present at any one time in any store without the prior written consent of xspa.']",Volume Restriction,Exclusivity,Rofr/Rofo/Rofn,Rofr/Rofo/Rofn,SVM,0.1688,0.058,109,False
402,"['the sole and exclusive remedy for any breach of this ip agreement, including the representations and warranties and covenants herein, shall be as set forth in article 8 of the acquisition agreement.']",Cap On Liability,Cap On Liability,Cap On Liability,Cap On Liability,Agreement,0.5508,0.3789,32,False
403,"['this agreement can be terminated at any time prior to the expiry of the term, as follows:<omitted>(b) by the company electing to give the consultant 3 months prior notice of such termination along with a termination payment equal to the annual consulting fee;\n\n(c) by the consultant electing to give the company notice, in the event that there occurs a change of control (as defined below) within six (6) months of the effective date of such change of control, and if the consultant so elects to terminate this agreement, then the consultant will be immediately entitled to a termination payment equal to cdn$750,000;']",Liquidated Damages,Change Of Control,Change Of Control,Change Of Control,Agreement,0.3454,0.0897,102,False
404,"['the license granted pursuant to this section 10.3 shall be non\xadexclusive in the territory and exclusive in the rest of the world outside the territory.', 'subject to the terms and conditions of this agreement, macrogenics hereby grants to green cross an exclusive, royalty- bearing (i) license, with the right to grant sublicenses (subject to section 10.1(b)), under the macrogenics licensed technology and the macrogenics licensed trademarks; and (ii) to the extent needed under this section 10.1(a), sublicense under the macrogenics licensed technology licensed pursuant to the upstream agreements, in the case of each of (i) and (ii), to conduct the phase i clinical development plan and phase ii clinical development plan, and to distribute, sell, offer for sale and import products in the field in the territory during the term.']",Exclusivity,License Grant,License Grant,License Grant,Agreement,0.4045,0.2742,130,False
405,"['neither party may assign its rights or delegate any of its duties under this agreement without the prior written consent of the other party.', 'any unauthorized assignment of this agreement is void.']",Anti-Assignment,Anti-Assignment,Anti-Assignment,Anti-Assignment,DistilBERT,0.9339,0.9242,32,False
406,"['except in the event of a breach of section 11, neither party shall be liable for special, incidental or consequential damages or lost profits (however arising, including negligence) arising out of or in connection with this agreement, even if the parties are aware of the possibility of such damages.']",Uncapped Liability,Cap On Liability,Cap On Liability,Cap On Liability,Agreement,0.6787,0.4874,49,False
407,"['in addition to the licence fee, telkom shall pay to sap africa an amount equal to that percentage stipulated in 5. 3 (""the revenue share percentage""), of telkom\'s total gross revenue that telkom earns or derives from commercial exploitation of the software licensed in terms hereof.<omitted>(""the revenue share fee"").', 'the revenue share that telkom shall pay to sap africa shall be 10%.', 'should telkom be the effective cause of the sale and licensing to any person or entity, of the following products, then telkom shall be entitled to receive from the licensor of such product, a referral fee equal to 10 % of the agreed license fee of each such product: 5. 7. 1 net market maker; 5. 7. 2 enterprise buyer (professional); and/or 5. 7. 3 private exchange.', 'for the purposes of calculating the revenue share fee payable to sap africa, "" the total gross revenue"" earned or derived by telkom from the use of the software: 5. 2. 1. shall exclude: 5. 2. 1. 1. vat and other government taxes raised on such revenue; 5. 2. 1. 2. any credits, if any, that telkom may grant on a formal basis, to a business third parties; 5. 2. 1. 3. royalties or fees that may be payable by telkom to a bona fide third party who provides, in terms of formal arrangements with telkom, additional functionality, enhancement or value add services to, or in respect of, the software; any revenue earned or derived by telkom pursuant to telkom providing goods and/or services in a manner that does not use the software; and 5. 2. 1. 4. any other type of cost or charge that sap africa and telkom may expressly agree shall be excluded; 5. 2. 2. shall include the following amounts payable to telkom by business third parties for: 5. 2. 2. 1. all charges and fees for accessing the marketplace, any value add services, any information, access to, or use of, the software; 5. 2. 2. 2. regular or once - off subscription fees for access to, or use of, the software, or the marketplace or any information in respect thereof;<omitted>5. 2. 2. 3. value add services that sap africa and it\'s licensors may provide to telkom and/or business third parties using, or in respect of, the software and/or the marketplace; 5. 2. 2. 4. value added services that telkom may provide to business third parties using or in respect of the software and/or the marketplace; and 5. 2. 2. 5. any other fee or charge that telkom and sap africa may in the future agree, should be included in the total gross revenue. where revenue share is levied from a net market maker connected to the telkom marketplace, then, the cumulative revenue share shall not exceed the revenue share percentage.', ""for the financial year commencing 01 march 2002 and thereafter until agreed otherwise, the revenue share percentage shall be 10% provided that should the percentage of telkom's direct and indirect procurement expenditure that is transacted using the software equal those percentage ranges stipulated below, then, the revenue share percentage shall be decreased to the corresponding percentage: percentage of telkom's procurement using software between 60% and 79% 80% or greater 9% 8%"", 'for the period commencing from the effective date and ending february 2002, the revenue share percentage shall be 10%.']",Revenue/Profit Sharing,Revenue/Profit Sharing,Revenue/Profit Sharing,Revenue/Profit Sharing,Agreement,0.6968,0.6421,554,False
408,"[""during the term, paperexchange will not, directly or indirectly, design, host, operate, maintain or otherwise participate in a co-branded career center or a co-branded equipment listing site with a pulp and paper online competitor or license a paperexchange link for use or display on any pulp and paper online competitor's site."", ""during the term, verticalnet will not, directly or indirectly, design, host, operate, maintain or otherwise participate in a co-branded career center or a co-branded equipment listing site with a paperexchange competitor or license a verticalnet link for use or display on any paperexchange competitor's site."", 'during the term, verticalnet will not disclose, transfer or otherwise provide the verticalnet content and/or the verticalnet archived content to any paperexchange competitor.', 'verticalnet and paperexchange shall be responsible for the sale of all advertising on the co-branded sites; provided, however, that neither party shall sell advertising on the co-branded sites to a competitor (as defined in 1.16 and 1.25) and provided that each party shall submit any proposed advertising for the co-branded sites to the other party for its prior written approval, such approval not to be unreasonably withheld, delayed or conditioned.', 'during the term, paperexchange shall not place any advertisements on the paperexchange site from any pulp and paper online competitor.', 'during the term, verticalnet shall not (a) act as an advertising agent or representative for any paperexchange competitor and (b) place any advertisements on pulp and paper online from any paperexchange competitor.', 'from time to time, paperexchange shall provide to verticalnet, at paperexchange\'s sole cost and expense, relevant content provided to it by third parties consisting of (a) job listings for inclusion, at verticalnet\'s reasonable business discretion and at verticalnet\'s then current listing rate, in the co-branded career center or on any other verticalnet site except a site co-branded with a paperexchange competitor (the ""paperexchange career content"") and (b) equipment listings for inclusion, at verticalnet\'s reasonable business discretion and at verticalnet\'s then current listing rate, in the co-branded equipment listings or on any other verticalnet site except a site co-branded with a paperexchange competitor (the ""paperexchange equipment content"", and together with the paperexchange career content, the ""paperexchange content"").', ""during the term and for a period of four years after the termination of this agreement, verticalnet shall not, directly or indirectly, by itself, through its affiliates or through any type of joint venture or similar affiliation with a third party, without prior written approval from paperexchange, buy, sell or trade (a) paper pulp products through exchanges, auctions, or reverse auctions or any other e-commerce medium, (b) paper (other than finished paper-based products, including, but not limited to, books, stamps and labels) and copy paper (i) through exchanges, auctions or reverse auctions or (ii) in quantities greater than one ton through any e-commerce medium, (c) raw materials used to make paper packaging, including, but not limited to, linerboard, medium, other containerboard grades and corrugated sheet through exchanges, auctions, reverse auctions or any other e-commerce medium, or (d) paper rolls and reels weighing more than 50 pounds used by printers through exchanges, auctions, reverse auctions or any other e-commerce medium; provided, however, that this section 5.8.1 [non-competition] shall not apply to advertisements, storefronts or similar features on verticalnet's sites.""]",Non-Compete,Non-Compete,Non-Compete,Non-Compete,Agreement,0.3469,0.2203,535,False
409,"[""furthermore, depomed will undertake to direct its insurance broker to conduct an analysis to determine the appropriate level of product liability insurance with respect to the product to be maintained by depomed, which analysis will be conducted prior to depomed's next insurance renewal, currently scheduled to occur in october 2006."", 'upon request, each party shall provide certificates of insurance to the other evidencing the coverage specified herein.', 'such analysis will include, among other considerations, product risk characteristics, product litigation history,<omitted>comparable company coverage and insurance availability. depomed will share such analysis with king', 'during the term and for a period of two (2) years after any expiration or termination of this agreement, each party shall maintain (i) a commercial general liability insurance policy or policies with minimum limits of $[***] per occurrence and $[***] in the aggregate on an annual basis and (ii) a product liability insurance policy or policies with minimum limits of $[***] per occurrence and $[***] in the aggregate on an annual basis; provided that the minimum product liability policy limits set forth above shall be increased to at least $[***] per occurrence and $[***] in the aggregate on an annual basis no later than december 31, 2006.']",Insurance,Insurance,Insurance,Insurance,DistilBERT,0.8672,0.8578,200,False
410,"[""notwithstanding anything else in this agreement to the contrary, and except for liability arising out of distributor's breach of section 9 (proprietary rights and software licensing) or exhibit c (software license agreement), or amounts due for products and services purchased with respect to the payment of which no bona fide dispute exists, all liability of each party, including each party's affiliates, officers, directors, employees, agents and suppliers collectively, for claims arising under this agreement or otherwise howsoever arising shall be limited separately for products and services purchases to the greater of i) [*****] or (ll)the money paid to cisco for products or for services, separately and as applicable, under this agreement during the [*****] period preceding the event or circumstances first giving rise to such liability."", ""except for liability arising out of or in connection with distributor's breach of section 9 (proprietary rights and software licensing) or exhibit c (software license agreement), in no event shall either party, its respective affiliates, officers, directors, employees, agents or suppliers be liable for any special, incidental,<omitted>indirect or consequential damages, or lost revenue, lost profits, or lost or damaged data, whether arising in contract, tort (including negligence), or otherwise, even if such party has been informed of the possibility thereof.""]",Uncapped Liability,Cap On Liability,Cap On Liability,Cap On Liability,Agreement,0.6839,0.5012,206,False
411,"[""subject to the terms and conditions of this agreement, commerce one hereby grants to corio a fee-bearing, perpetual and irrevocable, nonexclusive, nontransferable (except in accordance with section 14.1 of this agreement), right and license in the territory to (i) reproduce the software in machine executable object code format only for installation on the corio servers; (ii) install multiple copies of the software on corio's servers which will be made remotely accessible to corio's customers for their subsequent use, (iii) permit limited access to and use of the software and marketsite.net service by customers through corio servers; (iv) sublicense an unlimited number of customers to access and use the software and marketsite.net service only through the installation on corio servers; and (v) use commerce one's tools and utilities, subject to any restrictions placed on the commerce one by third party software providers, to modify and manage the software."", ""upon the release of the source code to corio pursuant to section 12.2 of this agreement, corio shall have a royalty-free, nonexclusive, nontransferable, right and license in the territory to use and modify the source code to support and maintain the software until the expiration or termination of corio's customers' end user license agreements."", ""during the term of this agreement, each party authorizes the other party to display and use the other's trademarks, trade names and logos (collectively, the trademarks) in connection with that party's sale, advertisement, service and promotion of the corio services or the software and marketsite.net service."", 'subject to the terms and conditions of this agreement, commerce one hereby grants to corio a nonexclusive, nontransferable (except in accordance with section 14.1 of this agreement), right and license in the territory to sell and distribute such software licenses to customers pursuant to this section 2.4.', ""subject to the terms and conditions of this agreement, commerce one grants to corio a nonexclusive, nontransferable (except in accordance with section 14.1 of this agreement), royalty-free, fully paid up, perpetual right and license in the territory to reproduce, install and use additional copies of the software and software tools and utilities, subject to any restrictions placed on the commerce one by third party software providers, in machine executable object code for (i) corio's internal business operations and (ii) production, testing, development, upgrade, reporting and training."", 'subject to the terms and conditions of this agreement, commerce one hereby grants to corio a nonexclusive, nontransferable (except in accordance with section 14.1 of this agreement) royalty-free, fully paid up right and license in the territory, on corio servers, to make a reasonable number of copies of the demonstration software solely for demonstration purposes to potential customer']",License Grant,License Grant,Non-Transferable License,Non-Transferable License,SVM,0.3081,0.1351,438,False
412,"['thi is granted the following rights to the applications in appendix a and the licensed products derived therefrom:', 'licenses granted herein are solely for products in the form sold by the licensee and are not to be construed either (i) as consent by the marv to any act which may be performed by the licensee, except to the extent impacted by a patent licensed herein to the licensee, or (ii) to include licenses to contributorily infringe or induce infringement under u.s. law or a foreign equivalent thereof.', 'the licenses granted herein are exclusive worldwide licenses to: 1. make, have made, use, lease, sell and import licensed products for the legal purposes of researching, developing, manufacturing, assembling, distributing, and selling the licensed products; 2. make, have made, use and import machines, tools, materials and other instrumentalities, insofar as such machines, tools, materials and other instrumentalities are involved in or incidental to the research, development, manufacture, testing or repair of licensed products which are or have been made, used, leased, owned, sold or imported by the licensee; and 3. convey to any customer of the licensee, with respect to any licensed product which is sold or leased to such customer, rights to use and resell such licensed product as sold or leased by licensee (whether or not as part of a larger combination); provided, however, that no rights may be conveyed to customers with respect to any invention which is directed to (i) a combination of such licensed product (as sold or leased) with any other product, (ii) a method or process which is other than the inherent use of such licensed product itself (as sold or leased), or (iii) a method or process involving the use of a licensed product to manufacture (including associated testing) any other product.', ""the grant of each license hereunder includes the right to grant sublicenses to related companies for so long as it remains a related companies. any such sublicense may be made effective retroactively, but not prior to the effective date hereof, nor prior to the sublicensee's becoming a related company.""]",License Grant,License Grant,Exclusivity,Exclusivity,SVM,0.3435,0.1868,346,False
413,"['in addition to the payments required in this section, if this agreement is terminated by client for any reason other than pursuant to section 2 or section 11(a) above or by agent pursuant to section 11(b) above, then client shall pay a termination fee, due and payable to agent on or before the effective date of such termination, calculated as follows: (i) if the termination occurs prior to the first anniversary of the commencement date of the current term (the ""commencement date""), then the termination fee shall equal twelve (12) times the average monthly invoice charged to client by agent hereunder, (ii) if the termination occurs on or after the first anniversary of the commencement date but prior to the second anniversary of the commencement date, then the termination fee shall equal nine (9) times the average monthly invoice charged to client by agent hereunder, and (iii) if the termination occurs on or after the second anniversary of the commencement date, then the termination fee shall equal six (6) times the average monthly invoice charged to client by agent hereunder.']",Liquidated Damages,Liquidated Damages,Liquidated Damages,Liquidated Damages,Agreement,0.1805,0.0322,180,False
414,"['in this regarding, within thirty (30) days from the execution of this agreement, bizzingo will secure an insurance policy with limits of $5,000,000 per event and $ 5,000,000 umbrella, naming theismann as an additional insured, covering the losses and claims stated in this sub-paragraph d.']",Insurance,Insurance,Insurance,Insurance,DistilBERT,0.8003,0.7795,45,False
415,"[""the company shall not be entitled to assign this agreement to any other party without the professional's express prior written consent, except any assignment by the company as a result of a stock exchange, merger, consolidation, or sale of substantially all of the assets of the company, in which case not such consent shall be required."", 'this agreement may not be assigned by the professional under any circumstances.']",Anti-Assignment,Anti-Assignment,Anti-Assignment,Anti-Assignment,DistilBERT,0.9266,0.9089,68,False
416,"['the professional hereby grants to the company an exclusive license to use her name, likeness, image and personal identification, singly or in any combination, in connection with the production, use, marketing and sale of a ""kathy whitworth"" signature line of women\'s golf clubs (the ""products""), as described more fully in section 3 below.', 'the professional hereby grants to the company the exclusive and worldwide right to use her name, likeness, image and personal identification, singly or in any combination, during the term and for a period of six (6) months after the term as provided in section 2.8, in the creation of two (2) print advertisements per year and one (1) television advertisement per year (together, the ""advertisements"") for any golf equipment, along with all rights in any images, videos, advertisement copy or other materials created by the professional or others.', ""the professional hereby grants to the company an exclusive license to use her name, likeness, image and personal identification in the company's catalog of products."", 'the professional agrees to use only the golf clubs and golf bags of the company in any golf event, whether professional or social, during the term.', 'the professional hereby grants an exclusive, worldwide license to the company to use the name, likeness, image and personal identification of the professional, during the term and for a period of six (6) months after the term as provided in section 2.8, in connection with the creation, manufacture, marketing, sale and promotion of the products.']",Exclusivity,License Grant,License Grant,License Grant,Agreement,0.4747,0.3565,247,False
417,"['verticalnet shall give reasonable advance notice to leadersonline of such audit and each audit shall be conducted in a manner that does not cause unreasonable disruption to the conduct of business by leadersonline.', ""during the 12 month period following the payment of any amount due under this article 6, verticalnet or its representative shall have the right to audit leadersonline's financial and other pertinent records relating to such payment in order to verify the amount of the payments owed and/or paid.""]",Audit Rights,Audit Rights,Audit Rights,Audit Rights,DistilBERT,0.8692,0.8579,81,False
418,"['papa john\'s hereby grants to abg and celebrity, a royalty-free, perpetual, irrevocable, fully- paid, assignable, transferable, sublicensable right and license to utilize the materials, in their entirety or any portions thereof, in all media now known or hereafter developed, throughout the universe (individually and collectively, ""pj rights"") as follows: (i) on or in connection the performance of the services hereunder; (ii) in connection with historical and archival purposes (e.g., documentary, commentary, corporate retrospective, historical files on websites of abg), so-called business-to-business uses and other non-commercial purposes; and (iii) for industry recognition purposes (e.g., award competition submissions); in each case, in all media now known or hereafter devised.', ""in consideration of the remuneration to be paid to abg pursuant hereto and subject to the conditions and limitations contained herein, abg grants to papa john's the non-transferrable, non-assignable, non-sublicensable, indivisible right and license solely during the term of the agreement and within the territory to use the celebrity endorsement, in each instance, subject to abg's approval (as hereinafter defined).""]",License Grant,License Grant,Irrevocable Or Perpetual License,Irrevocable Or Perpetual License,SVM,0.2907,0.0799,167,False
419,"['all joint inventions shall be jointly owned by the parties, and patents covering joint inventions shall be referred to as ""joint collaboration patents"".']",Joint Ip Ownership,Ip Ownership Assignment,Joint Ip Ownership,Joint Ip Ownership,SVM,0.2919,0.1807,23,False
420,"['should the managing group agree to jointly insure against such risks, the cost of such insurance will form part of the capital costs referred to in subparagraph 13.1.']",Insurance,Insurance,Insurance,Insurance,DistilBERT,0.8482,0.8311,28,False
421,"['this agreement may be terminated by either party upon [***] written notice to the other party in the event that the other party undergoes a change of control; provided, however, that such termination notice shall only be effective if delivered within [***] after the later of the occurrence of such change of control or the date the party undergoing the change of control delivers written notice thereof to the other party.', ""except as expressly provided in this section 14.3, neither this agreement nor any rights or obligations hereunder may be assigned or otherwise transferred by either party without the prior written consent of the other party, which consent shall not be unreasonably withheld; provided, however, that either party may assign this agreement and its rights and obligations hereunder without the other party's consent:\n\n(a) in connection with the transfer or sale of all or substantially all of the business of the assigning party to a third party, whether by merger, sale of stock, sale of assets or otherwise; provided that in the event of a transaction (whether this agreement is actually assigned or is assumed by the acquiring party by operation of law (e.g., in the context of a reverse triangular merger)), unless otherwise agreed with the acquiring party in writing, intellectual property of the acquiring party shall not be included in the intellectual property to which the other party has access under this agreement; or\n\n(b) to an affiliate, provided that the assigning party shall remain liable and responsible to the non‑assigning party hereto for the performance and observance of all such duties and obligations by such affiliate.""]",Change Of Control,Anti-Assignment,Anti-Assignment,Anti-Assignment,Agreement,0.6106,0.4151,267,False
422,"['in the event it is not clear as to ownership of any improvement as described in this section 5.2, in other words, if it is not clear whether an invention or discovery is either a bioamber improvement or a cargill improvement, such improvement shall be [***] and such improvement shall be designated ""joint improvements"".']",Joint Ip Ownership,Ip Ownership Assignment,Ip Ownership Assignment,Ip Ownership Assignment,Agreement,0.1905,0.0972,54,False
423,"['zynga will pay wpt three million u.s. dollars ($3,000,000) per year according to the following schedule (which the parties may alter upon mutual agreement) (the ""annual minimum guarantee""): a. within thirty (30) days of executing this agreement: $1.5m b. july 1, 2018: $1.5m c. january 1, 2019: $1.5m d. july 1, 2019: $1.5m e. january 1, 2020: $1.5m f. july 1, 2020: $1.5m']",Minimum Commitment,Minimum Commitment,Minimum Commitment,Minimum Commitment,Agreement,0.3421,0.0627,63,False
424,"['the village media company shall not, directly or indirectly, assign, sublicense or otherwise transfer any of its rights or obligations hereunder without the prior written consent of pfhof.']",Anti-Assignment,Anti-Assignment,Anti-Assignment,Anti-Assignment,DistilBERT,0.9066,0.8901,28,False
425,"[""neither this agreement nor any right or obligation hereunder may be assigned or otherwise transferred by either party without the prior written consent of the other party; provided, however, that each hof entity may, upon written notice to constellation but without a requirement to obtain constellation's consent, transfer, assign, convey, pledge or encumber, in whole or in part, any and all of its rights under this agreement as security in connection with a loan transaction.""]",Anti-Assignment,Anti-Assignment,Anti-Assignment,Anti-Assignment,DistilBERT,0.9288,0.9159,75,False
426,"['lessor and lessee expressly agree that bw-3 is a third party beneficiary of this addendum.', 'other system franchisees shall be deemed third party beneficiaries of such.']",Third Party Beneficiary,Third Party Beneficiary,Third Party Beneficiary,Third Party Beneficiary,Agreement,0.0989,0.0261,26,False
427,"['lbio agrees to commit funding in an amount not to exceed $14,211,864.00 for the performance of the studies during the term (collectively, ""initial funding""), with the initial funding specifically allocated as follows: (a) $[* * *] for an upfront payment, and a minimum of $[* * *] for enrollment and treatment of a minimum of 40 patients in the study described in exhibit i (i.e., the minimum enrollment target as defined in exhibit 1) or up to $[* * *] (an ""individual study budget"") for enrollment and treatment of up to 60 patients in the study described in exhibit i (i.e., the maximum enrollment target as defined in exhibit 1); (b) $[* * *] (which shall also be considered an individual study budget) for enrollment, manufacturing of product, and treatment of 30 patients in the study described in exhibit ii; and (c) $[* * *] for the study described in exhibit iii.', 'with respect to exhibit 1, the individual study budget shall be the one associated with the minimum enrollment target (as defined in exhibit 1), and in the event that the parties move to the maximum enrollment target (as defined in exhibit 1) then this table shall be applied to the incremental additional patients as if the incremental additional patients constitute their own protocol/budget.']",Minimum Commitment,Minimum Commitment,Minimum Commitment,Minimum Commitment,Agreement,0.4628,0.3551,215,False
428,"['effective as of the closing date, and subject to sections 2.3 and 2.4 and article iii hereof, equifax agrees, at its expense, to transfer, or cause to be transferred, to certegy or to a designated certegy member all right, title and interest held by equifax and/or its affiliates as of the closing date in and to each of the assets identified on exhibit b hereto, subject to the retained rights described therein.', 'certegy hereby assigns, and shall cause each member of the certegy group to assign, to equifax, or the respective designated equifax member, all right, title and interest it may hold in and to such modifications, improvements, equifax enhancements and derivative works.', 'equifax hereby assigns, and shall cause each member of the equifax group to assign, to certegy, or the respective designated certegy member, all right, title and interest it may hold in and to such modifications, improvements, certegy enhancements and derivative works.', 'as of the closing date, all right, title and<omitted>interest in and to (i) the apply source code (other than the source code owned by equifax pursuant to subsection b below) and object code, including the customer level code written in the tcl or apply basic programming language, (ii) documentation related to the foregoing, and (iii) all patents, patent rights and copyrights related thereto, shall be and at all times will remain the sole and exclusive property of certegy.']",Ip Ownership Assignment,Ip Ownership Assignment,Ip Ownership Assignment,Ip Ownership Assignment,Agreement,0.613,0.5634,232,False
429,"['the foregoing states the entire liability of company with respect to infringement of intellectual property rights.', ""company's liability shall not exceed the fees that ma has paid under this agreement."", 'company is not liable for incidental, special or consequential damages for any reason (including loss of data or other business or property damage), even if foreseeable or if ma or customer has advised of such a claim.', 'in no event shall company be liable to ""ma"", its clients, or any third party for any tort or contract damages or indirect, special, general, incidental or consequential damages, including but not limited to, loss of profits or anticipated profits and loss of goodwill, arising in connection with the use (or inability to use) or distribution of the technology for any purpose whatsoever.', ""company's sole and exclusive liability for the warranty provided in subparagrah (a) hereof shall be to correct the technology to operate in substantial accordance with its then current specifications or replace, at its option, the technology not in compliance with company's and company' published specifications regarding the technology; provided, any claim for breach of warranty under subparagraph (a) hereof must be made in writing within (90) days from date of shipment""]",Cap On Liability,Cap On Liability,Cap On Liability,Cap On Liability,DistilBERT,0.703,0.5301,201,False
430,"['to the maximum extent permissible under applicable law, except for the wilful misappropriation or infringement of the intellectual property of a party to this agreement, or the obligations of the parties to this agreement pursuant to section 13, (a) the liability of any party to this agreement, if any, for damages for any claim of any kind whatsoever and regardless of the legal theory, with regard to the rights granted hereunder or the services performed hereunder, shall not include compensation, reimbursement or damages on account of the loss of present or prospective profits, expenditures, data, opportunity, anticipated savings, investments or commitments, whether made in establishment, development or maintenance of reputation or goodwill or for any other reason whatsoever; and (b) in no event shall any party to this agreement be liable to the other parties to this agreement for special, indirect, consequential, incidental, punitive or consequential damages.', 'the foregoing provisions of this section 13.5 state the entire liability and the exclusive remedy of the parties to this agreement with respect to infringement or alleged infringement of intellectual property rights.']",Cap On Liability,Cap On Liability,Cap On Liability,Cap On Liability,Agreement,0.6835,0.4989,179,False
431,"['this agreement is not assignable by either party hereto without the prior written consent of the other, except that this agreement shall be assignable by developer to an affiliated entity or upon the sale of the fight to license and sublicense the products to the purchaser of said right.']",Anti-Assignment,Anti-Assignment,Anti-Assignment,Anti-Assignment,DistilBERT,0.8226,0.7967,49,False
432,"['the amounts contemplated under section 16.4 [liquidated damages] above is not a penalty and is intended by the parties only as a compensatory remedy for past breaches and not as a preventative remedy to deter future breaches.', 'nevertheless, the parties agree that the lump-sum payment provided under section 16.4 [liquidated damages] above is reasonable in light of the damages for premature termination that may reasonably be expected to occur in such event.', 'if this agreement is terminated due to your default, you must, upon written demand, pay us a lump-sum payment in an amount calculated as follows: (a) the average of your royalty fees and advertising contributions due for the last 60 months before our delivery of notice of default (or, if lesser, the months you had been operating before our delivery of notice of default), (b) multiplied by the lesser of 60 or the number of months remaining in the term of this agreement.', 'the payments called for in section 16.4 [liquidated damages] above constitute liquidated damages for causing the premature termination of this agreement and not a penalty.']",Liquidated Damages,Cap On Liability,Liquidated Damages,Liquidated Damages,SVM,0.2718,0.0806,180,False
433,"['capsugel shall pay to cardax a royalty equal to [***] of the adjusted net sales (""royalty payment"") within [***] after the end of [***].']",Revenue/Profit Sharing,Revenue/Profit Sharing,Revenue/Profit Sharing,Revenue/Profit Sharing,Agreement,0.6476,0.5651,24,False
434,"['based on the foregoing, and subject to the terms and conditions contained in this agreement, the agents severally and not jointly agree to act as, and the corporation appoints the agents as, the exclusive agents of the corporation to offer the offered shares for sale on the closing date (as defined herein) in the selling jurisdictions (as defined herein) on a private placement basis at the offering price.']",Exclusivity,Exclusivity,Revenue/Profit Sharing,Revenue/Profit Sharing,SVM,0.2367,0.1583,68,False
435,"[""either party hereto may terminate this agreement after the initial period upon at least six (6) months' prior written notice to the other party thereof."", ""the company may terminate this agreement in accordance with the immediately preceding sentence but with less than six (6) months' prior written notice to contractor; provided, that in such event, the company shall pay contractor an amount equal to the termination fee.""]",Termination For Convenience,Termination For Convenience,Termination For Convenience,Termination For Convenience,DistilBERT,0.8365,0.81,67,False
436,"['owner will be responsible for all costs of any such audit; provided that if, in any audit, owner discovers overpayments by owner of at least $250,000 in the aggregate (""material overpayment""), operator will reimburse owner for such material overpayment and all reasonable costs incurred by owner in connection with such audit (""audit costs"").', ""the costs of any audit of owner's books or records shall be borne by owner."", ""owner shall have up until two years after the close of a calendar year in which to make an audit of operator's records for such calendar year."", 'owner shall engage an auditor for this purpose no later than 45 days after the end of each fiscal year.', ""upon reasonable prior written notice to operator, owner shall have the right during normal business hours to audit or examine all books and records of operator to the extent they relate to operator's performance hereunder as well as the relevant books of account of operator's contractors, relating to the performance of operator's obligations under this agreement. operator shall cooperate with owner's auditors by (i) making the applicable books<omitted>and records available for inspection by owner's auditors, and (ii) making such copies of books and records as may be reasonably requested by such auditors. in no event shall owner's audits unreasonably interfere with operator's operations.""]",Audit Rights,Audit Rights,Audit Rights,Audit Rights,DistilBERT,0.8679,0.8572,218,False
437,"['save the event of gross negligence or willful misconduct, if any claims arise by the sender such as the loss of profit, this shall not exceed twenty five percent (25%) of the value that ecopetrol is obliged to indemnify the sender under this numeral 11.2(d) of the contract hereof.', 'save the event of gross negligence or willful misconduct, pursuant to the provisions in this numeral 11.2, the responsibility of ecopetrol under the contract hereof under no circumstance shall exceed seventy five per cent (75%) of the value of the crude lost or damaged by causes attributable to ecopetrol.']",Cap On Liability,Cap On Liability,Cap On Liability,Cap On Liability,Agreement,0.4138,0.2955,98,False
438,"['in the event that licensor grants to another vod or pay-per-view (""ppv"") service provider in the u.s. or the territory the right to distribute or exhibit any licensed program on an earlier availability date, then licensor shall also grant to rogers the right to distribute and exhibit such licensed program on such earlier availability date, on the terms provided herein.', 'if licensor enters, or has entered, into an agreement or series of agreements (including side letters, understandings or arrangements, whether oral or written, whether formal or informal, whether now or hereafter effective, or whether on a long-term basis or short-term basis) with a third party for the distribution and exhibition of licensed programs in the u.s. or the territory on a vod basis, or any other basis that permits the downloading of such licensed programs and the subsequent viewing of such licensed programs by a residential subscriber, on terms (including, without limitation, license fees, copyright royalty payments, encoding fees and obligations, and marketing support) that are more favourable than those contained in this agreement, then rogers has the right to incorporate, or substitute, as the case may be, such term or terms into this agreement, effective as of the date on which such term or terms were accorded to the third party and for the balance of the period such term or terms are applicable to such third party.', 'licensor shall provide to rogers, no later than february 28 in each year, a sworn statement of a senior officer of licensor, or a certificate of the auditors of licensor, confirming that, during the immediately preceding calendar year, licensor did not enter into such an agreement or series of agreements or, if it did enter into such agreement(s), confirming the effective date thereof and identifying the terms contained therein that are more favourable than those contained in this agreement.']",Most Favored Nation,Exclusivity,License Grant,License Grant,SVM,0.2358,0.045,308,False
439,"['during the term of this agreement, and for a period of one year thereafter, except as expressly provided in this agreement, planetcad shall not market any services to customers without the prior written approval of dassault systemes.']",No-Solicit Of Customers,Non-Compete,Competitive Restriction Exception,Competitive Restriction Exception,SVM,0.3194,0.2046,37,False
440,"[""during the term, and for a period of twelve (12) months thereafter, rogers (and its representatives) shall have the right, upon reasonable prior written notice to licensor, and during regular business hours, to inspect and/or audit licensor's books and records to confirm compliance with licensor's obligations under this section.""]",Audit Rights,Audit Rights,Audit Rights,Audit Rights,DistilBERT,0.8617,0.8501,49,False
441,"[""the provisions of this paragraph 14 set forth each party's sole and exclusive obligations and remedies with respect to third party claims of infringement or misappropriation of intellectual property rights of any kind unless otherwise stipulated by judicial order."", 'no legal action shall be brought by licensee under this agreement unless commenced within 12 months from the date the cause of action arose.']",Cap On Liability,Covenant Not To Sue,Cap On Liability,Cap On Liability,SVM,0.2591,0.056,63,False
442,"[""[***], valeant hereby grants to dova a fully paid-up, royalty free, non-transferable, non- exclusive license (with a limited right to sub-license to its affiliates) to any valeant property that appears on, embodied on or contained in the product materials or product labeling solely for use in connection with dova's promotion or other commercialization of the product in the territory."", ""except to affiliates of valeant, valeant's rights and obligations under this section 2.1 are non-transferable, non-assignable, and non-delegable.""]",Non-Transferable License,Non-Transferable License,Affiliate License-Licensee,Affiliate License-Licensee,SVM,0.2963,0.0042,77,False
443,"['to the extent any insurance coverage required under this agreement is purchased on a ""claims-made"" basis, such insurance shall cover all prior acts of eutectix during the term of this agreement, and such insurance shall be continuously maintained until at least two (2) years beyond the expiration or termination of the term of this agreement, or eutectix shall purchase ""tail"" coverage, effective upon termination of any such policy or upon termination or expiration of the term of this agreement, to provide coverage for at least two (2) years from the occurrence of either such event.', 'upon expiration or termination of this agreement for any reason, eutectix shall have the option to purchase some or all of the licensed equipment at fair market value, less any amounts owed to eutectix by liquidmetal, except the equipment listed under section 2.1(b) above', ""upon reasonable prior notice to eutectix and at liquidmetal's expense, no more than once per year, during the term of this agreement and for one (1) year following the expiration or termination of this agreement, liquidmetal or its designee shall have the right from time to time to confirm and validate: (a) that eutectix has complied with the pricing provisions of this agreement; (b) eutectix's financial condition, successorship planning, and ability to continue operations; (c) that eutectix's performance is consistent with the agreement; (d) that eutectix has complied with article 10 (compliance) of this agreement."", 'notwithstanding the foregoing, with regard to orders received and accepted by eutectix before expiration or notice of termination, eutectix may finish making any products in process, may conclude any orders in process, including finishing manufacturing of such products and shipping such products to the customer for up to 6 months after termination or expiration of this agreement;', 'in the event this agreement expires or is terminated for any reason other than a breach by eutectix, liquidmetal shall purchase from eutectix existing raw material inventory at the purchase price (including delivery charges) paid by eutectix to its suppliers in connection with the orders accepted by eutectix hereunder.']",Post-Termination Services,Insurance,Post-Termination Services,Post-Termination Services,SVM,0.5965,0.523,340,False
444,"[""notwithstanding any of the foregoing, without the consent of pb, which consent may be withheld in pb's sole discretion, sfj shall not sell, assign, sublicense or otherwise transfer this agreement to an entity whose primary business is the development or commercialization of pharmaceutical or biotechnology products prior to the date of program transfer. for the avoidance of doubt the preceding sentence shall not apply after the date of program transfer.""]",Competitive Restriction Exception,Anti-Assignment,Anti-Assignment,Anti-Assignment,Agreement,0.2578,0.0977,70,False
445,['neither newegg nor allied shall have the right or power to assign or transfer any part of its rights or obligations under this agreement without the prior consent in writing of the other party'],Anti-Assignment,Anti-Assignment,Anti-Assignment,Anti-Assignment,DistilBERT,0.9304,0.9181,34,False
446,"[""in the event shipper's inventory balance drops below its pro rata part of the volume of crude petroleum necessary for pipeline fill, unavailable stocks below tank connections, and reasonable additional minimum quantities required for the efficient operation of the system, then transporter will require shipper to provide the necessary volume to meet its pro rata part of such volume of crude petroleum.""]",Minimum Commitment,Minimum Commitment,Volume Restriction,Volume Restriction,SVM,0.4183,0.3038,62,False
447,"['subject to the terms and conditions of this agreement, as of the distribution date, nuance hereby grants to spinco and the members of the spinco group a worldwide, non-exclusive, fully paid-up, perpetual and irrevocable, transferable (subject to article viii), sublicensable (subject to section 3.01(g)) license under the nuance patents, solely to the extent that claims of the nuance patents cover products or services of the spinco business in the spinco field of use, together with natural extensions and evolutions thereof, in each case to make, have made, use, sell, offer for sale, import and otherwise exploit such products and services, together with natural extensions and evolutions thereof.', 'subject to the terms and conditions of this agreement, as of the distribution date, nuance hereby grants to spinco and the members of the spinco group a worldwide, non-exclusive, fully paid-up, perpetual and irrevocable, transferable (subject to article viii), sublicensable (subject to section 3.01(g)) license to continue to use any nuance ip (other than nuance patents, nuance technology assets, nuance trademarks and nuance data), in each case solely as and to the extent that it is used by the spinco group in connection with products and services of the spinco business within the spinco field of use, together with natural extensions and evolutions thereof.', 'subject to the terms and conditions of this agreement, as of the distribution date, nuance hereby grants to spinco and the members of the spinco group a worldwide, non-exclusive, fully paid-up, perpetual and irrevocable, transferable (subject to article viii), sublicensable (subject to section 3.01(g)) license to install, access, use, reproduce, perform, display, modify (including the right to create improvements and derivative works), further develop, sell, manufacture, distribute and market products and services based on, using or incorporating the nuance shared technology assets within the spinco field of use, together with natural extensions and evolutions thereof.', 'subject to the terms and conditions of this agreement, as of the distribution date, spinco hereby grants to nuance and the members of the nuance group a worldwide, non-exclusive, fully paid-up, perpetual and irrevocable, transferable (subject to article viii), sublicensable (subject to section 4.01(g)) license under the spinco patents, solely to the extent that claims of the spinco patents cover products or services of the nuance business in the nuance field of use, together with natural extensions and evolutions thereof, in each case to make, have made use, sell, offer for sale, import and otherwise exploit such products and services, together with natural extensions and evolutions thereof.', 'subject to the terms and conditions of this agreement, as of the distribution date, spinco hereby grants to nuance and the members of the nuance group a worldwide, non-exclusive, fully paid-up, perpetual and irrevocable, transferable (subject to article viii), sublicensable (subject to section 4.01(g)) license to continue to use any spinco ip (other than spinco patents, spinco technology assets, spinco trademarks, spinco domain names and spinco data), in each case solely as and to the extent that it is used by the nuance group in connection with products and services of the nuance business within the nuance field of use, together with natural extensions and evolutions thereof.', 'subject to the terms and conditions of this agreement, as of the distribution date, spinco hereby grants to nuance and the members of the nuance group a worldwide, non-exclusive, fully paid-up, perpetual and irrevocable, transferable (subject to article viii), sublicensable (subject to section 4.01(g)) license to install, access, use, reproduce, perform, display, modify (including the right to create improvements and derivative works), further develop, sell, manufacture, distribute and market products and services based on, using or incorporating the spinco shared technology assets within the nuance field of use, together with natural extensions and evolutions thereof.']",Irrevocable Or Perpetual License,License Grant,License Grant,License Grant,Agreement,0.351,0.1548,615,False
448,"[""cytodyn may assign this agreement and its rights and obligations hereunder, in whole but not in part, to any third party not in a materially worse (financially and otherwise) of performing cytodyn's obligations hereunder without the prior written consent of vyera (it being understood that any other assignment of this agreement or any rights or obligations hereunder shall require the prior written consent of vyera, not to be unreasonably withheld or delayed)."", ""vyera may not assign this agreement, or any rights or obligations hereunder without the prior written consent of cytodyn, not to be unreasonably withheld or delayed provided that vyera may assign this agreement without cytodyn's consent to an affiliate or to a successor to substantially all of the business of vyera to which this agreement relates."", 'any assignment or attempted assignment by vyera in violation of the terms of this section 14.6 shall be null, void and of no legal effect.']",Anti-Assignment,Anti-Assignment,Anti-Assignment,Anti-Assignment,DistilBERT,0.934,0.9234,153,False
449,"['impco expressly agrees that during the existence of this agreement, impco shall not enter into any other joint venture agreement or marketing/distribution agreement, with any company or person(s) in the territory with respect to the products.']",Exclusivity,Non-Compete,Exclusivity,Exclusivity,SVM,0.3409,0.2251,36,False
450,"['subject to the terms and conditions of this agreement, calm hereby grants to xspa, solely during the term and in the territory, a revocable (as set forth in \u200bsection \u200b\u200b12.04), royalty-free, assignable (solely as set forth in section \u200b16.05), non-sublicensable (except as set forth in section \u200b9.03), non-exclusive license to use the marks set forth on exhibit d (""calm\'s marks""), solely to the extent necessary for xspa to exercise its rights or perform its obligations set forth in this agreement.', 'subject to the terms and conditions of this agreement, xspa hereby grants to calm, solely during the term and in the territory, a revocable (as set forth in \u200bsection \u200b\u200b12.04), royalty-free, assignable (solely as set forth in section \u200b16.05), non-sublicensable (except as set forth in section \u200b9.03), non-exclusive license to use the marks set forth on exhibit e (""xspa\'s marks"", and together with calm\'s marks, the ""marks""), solely to the extent necessary for calm to exercise its rights or perform its obligations set forth in this agreement.']",Non-Transferable License,License Grant,License Grant,License Grant,Agreement,0.3691,0.1666,167,False
451,"['under no circumstances shall any party be liable to any other party in contract, tort, (including negligence or breach of statutory duty) or otherwise for loss (whether direct or indirect) of profits, property, traffic, business or anticipated savings, or for any indirect or consequential loss or damage in connection with the operation of this agreement howsoever caused.']",Cap On Liability,Cap On Liability,Cap On Liability,Cap On Liability,Agreement,0.6702,0.4766,57,False
452,"['in addition, premier shall purchase all products and ingredients, packaging and material heritage has on hand and not previously billed to premier at the time of the termination that are used solely for the production of the products, if any exist.']",Post-Termination Services,Post-Termination Services,Post-Termination Services,Post-Termination Services,Agreement,0.3507,0.2472,41,False
453,"[""(v) by fsl/afsl and tph/tph-a, if there is a change in the control of the other and the acquiring/succeeding entity causing such change in the control is an entity that may be reasonably believed to be objectionable to the japanese government and/or fsl including fsl's affiliates in case of the termination by fsl/afsl or the us government and/or tph in case of the termination by tph/tph-a, termination to be effective upon thirty (30) days' notice of termination.""]",Change Of Control,Change Of Control,Change Of Control,Change Of Control,Agreement,0.4046,0.284,77,False
454,"['unless liquidmetal notifies eutectix that the liquidmetal product does not meet the specifications within thirty (30) calendar days after receipt of the liquidmetal product, then the liquidmetal product shall be deemed accepted.']",Warranty Duration,Warranty Duration,Warranty Duration,Warranty Duration,Agreement,0.2188,0.07,32,False
455,"['if by reason of state or other law, we are prohibited from receiving a percentage of certain components of gross revenues (including alcoholic-beverage sales), you must pay us an equivalent amount by increasing the royalty percentage applied to gross revenues exclusive of the prohibited components.', 'during any period that the marketing fund (as defined in section 9.1 [pizza fusion marketing fund] below) is in effect, you must make a contribution as described in section 9.1 [pizza fusion marketing fund] below equal to three percent (3%) of your gross revenues for the preceding period', 'additionally, during any period that a regional fund (as defined in section 9.3 [regional fund] below) for the area in which your franchised business is located is in effect, you must make a contribution as described in section 9.2 [local marketing] below in such amounts as we specify in writing up to two percent (2%) of your gross revenues for the preceding period; in addition, you may be required to contribute to a regional fund up to an additional two percent (2%) of gross revenues of your franchised business if the members of that regional fund vote to increase the total contribution, as provided in section 9.3.5 [regional fund] below.', ""a majority of the restaurant owners in the regional fund may vote to increase the amount of each restaurant owner's regional fund contribution by up to an additional two percent (2%) of each restaurant's gross revenues."", 'you must pay us a royalty fee (""royalty"") equal to six percent (6%) of your gross revenues.']",Revenue/Profit Sharing,Revenue/Profit Sharing,Revenue/Profit Sharing,Revenue/Profit Sharing,Agreement,0.6487,0.5577,256,False
456,"[""kitov shall have the right (at reasonable intervals, with reasonable prior written notice and during normal business hours, and not more often than annually) to inspect dexcel's manufacturing facilities used in the manufacture, storage, testing, and/or release for shipment of the product.""]",Audit Rights,Audit Rights,Audit Rights,Audit Rights,DistilBERT,0.8248,0.8088,42,False
457,"['this agreement and the rights granted herein shall not be assignable by either party hereto without the prior written consent of the other party.', 'except pursuant to section 16.9 or in connection with the use of third party sales representatives, king shall not assign, subcontract or otherwise transfer or delegate any of its rights or obligations under this agreement without the express written consent of depomed, which consent may be withheld by depomed in its sole discretion.', 'any attempted assignment without consent shall be void.']",Anti-Assignment,Anti-Assignment,Anti-Assignment,Anti-Assignment,DistilBERT,0.9328,0.9231,85,False
458,"[""the sponsor acknowledges that racing has arranged and may arrange in the future for other sponsors for the racing team. racing agrees that, during the term of this agreement, (i) sponsor shall have the right to approve or disapprove any additional sponsor identified by racing, and (ii) unless another proposed sponsor has agreed to pay a sponsorship fee that exceeds the amount paid by sponsor, no other sponsor shall receive any benefit of greater value (including either an equivalent or a more prominent use of another sponsor's name, logo or other identifying information) than the benefits provided to the sponsor hereunder.""]",Most Favored Nation,Non-Compete,Non-Compete,Non-Compete,Agreement,0.0598,0.0002,101,False
459,"['except as the parties may otherwise agree in writing, converge, to the extent it has the legal right to do so, hereby grants to vert an irrevocable, perpetual, world-wide, non-exclusive right and license to use, load, store, transmit, execute, copy, market, distribute, in any medium or distribution technology whatsoever, known or unknown, display, perform and sublicense the converge-independent materials and the third-party materials, in both source code and object code formats, and to make unlimited\n\n\n\n\n\ninstantiations thereof, for any and all purposes.']",License Grant,License Grant,Irrevocable Or Perpetual License,Irrevocable Or Perpetual License,SVM,0.3418,0.1596,81,False
460,"['janssen hereby grants to company, during the term, a non-exclusive, royalty free right to use such product name and product trademarks, and janssen corporate names and logos, solely to the extent they are included on the promotional materials and solely for the purpose of using the promotional materials to promote in the territory under this agreement.']",License Grant,License Grant,License Grant,License Grant,Agreement,0.4698,0.3043,56,False
461,"['rubicon shall make full and prompt disclosure to isa of all works as they are made (whether or not conceived or made jointly with others).', 'with respect to works that do not constitute ""works for hire,"" rubicon, its employees, contractors, consultants and agents do hereby assign to isa or its designee all of their respective right, title and interest in and to such works and all related patents, patent applications, copyrights and copyright applications and does hereby agree that these obligations are binding upon their respective assigns, executors, administrators and other legal representatives.', 'works means, collectively, any work product (of any type), software, developments, processes, improvements, and all works of authorship, in whole or in part, whether patentable or not and whether copyrightable or not created as services provided directly to isa or on behalf of isa by rubicon, which (i) are conceived or made by rubicon, its employees, contractors, consultants or agents during the term and relate directly to the business in which isa and rubicon(during the term by isa) are, had been or were proposing to be engaged in; or (ii) are conceived or made by rubicon, its employees, contractors, consultants or agents during or after the term and are made through the use of any isa confidential information, or which result from any work performed by rubicon, its employees, contractors, consultants or agents for isa.', 'as regards intellectual property created by rubicon, rubicon acknowledges and agrees that those works, as defined below, shall belong exclusively to isa subject to payment in accordance with clause 4.2', 'to the extent copyrightable, all works shall be deemed to be ""works for hire"" and isa shall be deemed to be the author thereof under the u.s. copyright act.']",Ip Ownership Assignment,Ip Ownership Assignment,Ip Ownership Assignment,Ip Ownership Assignment,Agreement,0.5806,0.5331,287,False
462,"['carrier is not required to allocate more than two percent (2%) of the available capacity to any individual new shipper.', 'new shippers will have access to a minimum of ten percent (10%) of the available capacity and historical shippers will have access to a maximum of ninety percent (90%) of the available capacity.', 'carrier shall allocate up to ninety percent (90%) of the available capacity on a non-discriminatory historical basis to all historical shippers.']",Volume Restriction,Minimum Commitment,Volume Restriction,Volume Restriction,SVM,0.3864,0.235,74,False
463,"['nothing contained in this agreement is intended to limit reseller from responding to unsolicited requests from customers from outside of the territory; provided, however, that reseller shall (a) immediately notify touchstar upon receipt of any such request and (b) not seek customers of touchstar software or support services in any other location other than in the territory.']",Competitive Restriction Exception,Non-Compete,Post-Termination Services,Post-Termination Services,SVM,0.1928,0.1113,57,False
464,"[""todos warrants that for a period of one (1) year from the date of delivery of each product to the reseller, the product, except for those components that have a shorter expiration date as set forth on exhibit a, shall perform substantially in accordance with the product's documentation and specifications, and shall be free from all defects in materials, manufacture, and workmanship.""]",Warranty Duration,Warranty Duration,Warranty Duration,Warranty Duration,Agreement,0.2657,0.1497,62,False
465,"['shipper guarantees that during each contract year, shipper will meet its quarterly volume commitment or, in the event it fails to do so, shall remit to mpl the quarterly deficiency payment pursuant to section 3.5.', 'subject to the provisions of section 5 of this agreement, if the volume of each product shipped by shipper on the pipeline during the quarter is less than the applicable quarterly volume commitment for that product then, in addition to paying any amounts incurred by shipper pursuant to section 3.4 with respect to shipper deliveries for such quarter, shipper shall also pay mpl a deficiency payment (the ""quarterly deficiency payment""); equal to the product of:\n\n(a) the difference between the applicable quarterly volume commitment for that product for such quarter and the volume of shipper deliveries of that product on the pipeline for such quarter (the ""deficiency volume""); and\n\n(b) the applicable tariff rate for that product for such quarter.', ""if shipper makes a pre-service increase request, mpl shall notify shipper of its new quarterly volume commitment within thirty (30) days following receipt of shipper's pre-service increase request, and exhibit c shall be deemed revised to reflect shipper's new volume commitment, which shall equal the sum of its original capacity request form volume commitment and its pre-service increase request or its allocated portion thereof pursuant to this section 3.9.""]",Minimum Commitment,Minimum Commitment,Minimum Commitment,Minimum Commitment,Agreement,0.3673,0.1786,222,False
466,"[""accordingly, (i) with respect to remainco's right and interest in and to the shared library materials, remainco, for itself and as representative of all other members of the remainco group, hereby grants to spinco (x) a perpetual (subject to section 4.4), irrevocable, exclusive, royalty-free, worldwide right and license with the right to grant sublicenses (solely as set forth in section 5.6) to use the shared library materials, including all know-how and copyrights embodied therein, for any purpose in the spinco core field and (y) a perpetual (subject to section 4.4), irrevocable, non-exclusive, royalty-free, worldwide right and license with the right to grant sublicenses (solely as set forth in section 5.6) to use the shared library materials, including all know-how and copyrights embodied therein, for any purpose in any field other than the remainco core field or the spinco core field and (ii) with respect to spinco's right and interest in and to the shared library materials, spinco, for itself and as representative of all other members of the spinco group, hereby grants to remainco (x) a perpetual (subject to section 4.4), irrevocable, exclusive, royalty-free, worldwide right and license with the right to grant sublicenses (solely as set forth in section 5.6) to use the shared library materials, including all know-how and copyrights embodied therein, for any purpose in the remainco core field and (y) a perpetual (subject to section 4.4), irrevocable, non- exclusive, royalty-free, worldwide right and license with the right to grant sublicenses (solely as set forth in section 5.6) to use the shared library materials, including all know-how and copyrights embodied therein, for any purpose in any field other than the spinco core field or the remainco core field."", 'spinco, for itself and as representative of all other members of the spinco group, hereby grants to remainco (x) a perpetual, irrevocable, exclusive, royalty-free, worldwide right and license with the right to grant sublicenses (solely as set forth in section 5.6) to use the spinco know- how currently or previously used in connection with the remainco business or otherwise in the possession of remainco or any member of the remainco group as of distribution date (the ""licensed spinco know-how""), for the continued operation of the remainco business and any future extensions of the remainco business in the remainco core field and (y) a perpetual, irrevocable, non-exclusive, royalty-free, worldwide right and license with the right to grant sublicenses (solely as set forth in section 5.6) to use the licensed spinco know-how for the continued operation of the remainco business and any future extensions of the remainco business in any field other than the remainco core field or the spinco core field; provided, however, the foregoing licenses shall not extend to (i) spinco know-how<omitted>licensed by spinco or any other member of the spinco group if and to the extent the licensing of same to remainco would constitute a breach of an agreement with any third party executed prior to the effective date or result in any expense to spinco or any member of the spinco group for payments to such third party or (ii) any intellectual property not owned by one or more members of the spinco group, or as to which no member of the spinco group has the right to grant sublicenses, as of the effective date.', 'remainco, for itself and as representative of all other members of the remainco group, hereby grants to spinco (x) a perpetual, irrevocable, exclusive, royalty-free, worldwide right and license with the right to grant sublicenses (solely as set forth in section 5.6) to use the remainco know-how currently or previously used in connection with the spinco business or otherwise in the possession of spinco or any member of the spinco group as of the distribution date (the ""licensed remainco know-how""), for the continued operation of the spinco business and any future extensions of the spinco business in the spinco core field and (y) a perpetual, irrevocable, non-exclusive, royalty-free, worldwide right and license with the right to grant sublicenses (solely as set forth in section 5.6) to use the licensed remainco know-how for the continued operation of the spinco business and any future extensions of the spinco business in any field other than the remainco core field or the spinco core field; provided, however, the foregoing licenses shall not extend to (i) remainco know-how licensed by remainco or any other member of the remainco group if and to the extent the licensing of same to spinco would constitute a breach of an agreement with any third party executed prior to the effective date or result in any expense to remainco or any member of the remainco group for payments to such third party or (ii) any intellectual property not owned by one or more members of the remainco group, or as to which no member of the remainco group has the right to grant sublicenses, as of the effective date.']",Affiliate License-Licensor,License Grant,Affiliate License-Licensee,Affiliate License-Licensee,SVM,0.3536,0.2172,816,False
467,['neither party shall assign their respective rights under this agreement without the prior written consent of the other party.'],Anti-Assignment,Anti-Assignment,Anti-Assignment,Anti-Assignment,DistilBERT,0.9339,0.9242,19,True
468,"[""company may not assign or transfer its rights or obligations under this agreement, whether by operation of law, contract or otherwise, without the prior written consent of reed's, which shall not be unreasonably withheld (it being understood that a purported assignment to a reed's competitor identified or referred to in exhibit d of the manufacturing and distribution agreement shall be considered to be a reasonable basis for withholding consent).""]",Anti-Assignment,Anti-Assignment,Anti-Assignment,Anti-Assignment,DistilBERT,0.935,0.9233,69,False
469,"['licensee shall develop and distribute the following wireless products in connection with the property ""ice age 2"":<omitted>(iii) up to 5 mms; (iv) up to 10 wallpapers; (v) and up to 5 voicetones (""ice age 2 wireless products"") in each of the following five (5) languages: english, french, german, italian, spanish, with portuguese, greek, dutch and swedish to be made available where practicable.']",Volume Restriction,Exclusivity,Exclusivity,Exclusivity,Agreement,0.1907,0.0727,62,False
470,"['in the event of termination, distributor will:<omitted>return to wgt within twenty (20) days following the expiration or termination of the term, any and all (i) demonstration product provided to distributor; (ii) products not already paid for in full by distributor; and (iii) promotional literature, data, information and other items received by distributor under this agreement;']",Post-Termination Services,Post-Termination Services,Post-Termination Services,Post-Termination Services,Agreement,0.6553,0.6179,55,False
471,"[""subject to the terms and conditions of this agreement, the licensor hereby grants to the licensee, and the licensee hereby accepts from the licensor, a personal, non-exclusive, royalty-free right and license to use the licensed mark in the territory solely and exclusively as a component of the licensee's own company name and in connection with the licensed services and any business provided in conjunction therewith by such licensee.""]",Non-Transferable License,License Grant,License Grant,License Grant,Agreement,0.4363,0.2609,68,False
472,"['either party may cancel this agreement at any time, with or without supplying a reason, through written notification or by making suitable settings in the respective control panel.', 'the software publisher and element 5 are authorized to revoke the license granted to the affiliate at any time by written notice.']",Termination For Convenience,Termination For Convenience,Termination For Convenience,Termination For Convenience,DistilBERT,0.724,0.6617,50,False
473,"[""except as otherwise provided in this section 17.5, neither party shall assign this agreement or any rights, benefits or obligations under or relating to this agreement, in each case whether by operation of law or otherwise, without the other party's prior written consent (not to be unreasonably withheld, conditioned or delayed)."", ""subject to section 7.4, manufacturer may, without customer's consent, assign the rights and obligations of this agreement (i) on a facility-by-facility basis, to a third party in connection with a bona fide transfer, sale or divestiture of such facility or (ii) to any third party which acquires or succeeds to all or substantially all of the assets of the business of manufacturer to which this agreement and the facility addendum relates (including in connection with such business's spin-off, merger or consolidation with another company or business entity)."", 'any attempted assignment that contravenes the terms of this agreement shall be void ab initio and of no force or effect.', 'notwithstanding anything to the contrary in this agreement, neither party may assign this agreement in whole or in part to a restricted party.', 'in the event that manufacturer or any of its affiliates, directly or indirectly, sells, assigns, leases, conveys, transfers or otherwise disposes of any facility (a ""facility disposition""), then manufacturer shall immediately notify customer of such event and customer shall be entitled for a period of six (6) months after the receipt of such notice to terminate any facility addendum with respect to such facility for cause immediately upon written notice to manufacturer and, in the event customer decides not to terminate the facility addendum for cause, customer shall be entitled for a period of two (2) years (or such longer period in order to obtain approval for manufacture from all applicable governmental authorities) after<omitted>receipt of such notice to receive technical support at manufacturer\'s sole cost to enable customer to orderly transfer production of affected product or products to a customer facility or an alternative facility as designated by customer; provided that manufacturer shall notify customer of any proposed or planned facility disposition by manufacturer or any of its affiliates as soon as reasonably practicable and in any event no later than the date that is three (3) months prior to the effective date of such facility disposition.', ""customer may, without manufacturer's consent, assign the rights and obligations of this agreement (i) on a product-by-product basis, to a third party in connection with a bona fide transfer, sale or divestiture of all or substantially all of its business to which such product relates or in the event of such business's spin-off, merger or consolidation with another company or business entity or (ii) to any third party which acquires or succeeds to all or substantially all of the assets of the business of customer to which this agreement and the facility addenda relate (including in connection with such business's spin-off, merger or consolidation with another company or business entity).""]",Anti-Assignment,Anti-Assignment,Anti-Assignment,Anti-Assignment,DistilBERT,0.909,0.8822,489,False
474,"['in exchange for company\'s contributions and obligations under this agreement, reed\'s grants company the exclusive right to manufacture, package, promote, sell and distribute the products (if and to the extent approved by the development committee), subject to the terms and conditions of a separate manufacturing and distribution agreement to be entered into by the parties concurrently with this agreement, as it may be amended, modified, supplemented or restated from time to time (the ""manufacturing and distribution agreement"").']",Exclusivity,Exclusivity,License Grant,License Grant,SVM,0.2838,0.086,77,False
475,"['client hereby grants to efs a limited and perpetual right and license to use such photographs and materials for research and forecasting purposes, including, but not limited to, combining the same with reports and analytics concerning the performance of the websites, providing information to strategic partners to better define consumer purchasing habits, and for trend forecasting and planning purposes.', 'during the term and subject to the terms, conditions and limitations of this agreement, client hereby grants efs, a limited, non-transferable, non-assignable (without any right to sublicense) world-wide license to use the internet location or resource designators (urls, domain names, etc.) set forth in part b of exhibit 1 hereto, and/or to the extent approved in advance in writing by client, as the case may be, modifications thereof (the ""licensed domain names""), as the domain name(s) and internet locators/designators for the websites during the term.', 'during the term and subject to the terms, conditions, and limitations set forth in this agreement, client grants efs a limited, non-exclusive, non-transferable, non-assignable (without any right to sublicense), world-wide license to use the client trademarks and/or service marks as set forth on part a of exhibit 1 (the ""playboy marks"") solely in connection with the design, publication, distribution, operation and promotion of the playboy commerce business.', 'client holds certain customer data relating to the playboy commerce business (""existing customer data"") and hereby grants to efs a non-exclusive, limited, non-sublicensable, non-transferable, revocable license to store and use such existing customer data solely for purposes of the operation and promotion of the playboy commerce<omitted>business.', 'all such photographs shall be deemed playboy content for purposes of this agreement, for which efs shall have a license to use during the term solely in connection with the playboy commerce business and as is necessary to promote the websites.', 'during the term and subject to the terms, conditions, and limitations set forth in this agreement, client grants efs a limited, non-exclusive, non-transferable, non-assignable (without any right to sublicense), world-wide license to use, modify, create derivative works of, publish, reproduce, broadcast, exhibit and display the playboy content solely in connection with the design, publication, distribution, operation and promotion of the playboy commerce business.', 'all derivative works are hereby licensed back to efs subject to the limitations that are applicable hereunder to the playboy content.']",License Grant,License Grant,Non-Transferable License,Non-Transferable License,SVM,0.3332,0.0694,382,False
476,"[""upon the terms and conditions set forth in this agreement, ki, inc. hereby grants to diplomat and diplomat hereby accepts the right, license and privilege of utilizing ki's name and likeness solely upon and in connection with the manufacture, sale and distribution of the following products:\n\n (1) sunglasses, eyeglasses, readers and ophthalmic frames;<omitted>(2) optical cases, optical eye chains, eye pins, and lens cleaning kits sold only in optical retailers; and\n\n (3) such other optical accessories as the parties shall agree.""]",License Grant,License Grant,License Grant,License Grant,Agreement,0.448,0.3159,80,False
477,"[""notwithstanding anything in this agreement to the contrary, licensee has no right to sublicense any rights granted hereunder to any third party, or otherwise permit any third party to use any licensed domain names or licensed content; provided, however, that any rights granted to licensee hereunder shall be sublicensable, without the prior written consent of licensor, to sina leju and licensee's affiliates that are controlled by sina leju solely for the purpose of operating the business during the term."", 'subject to the terms and conditions of this agreement, licensor hereby grants to licensee, and licensee hereby accepts from licensor, an exclusive, non-transferable (except as set forth in section 10.7) and non-sublicensable (except as provided in section 2.1(c)) license to use the licensed content in connection with websites associated with the licensed domain names until the earlier of (i) termination or expiration of this agreement, or (ii) termination or expiration of the agency agreement, provided, however, that in the event the agency agreement is amended or restated, such amendment or restatement shall not be deemed a termination or expiration of the agency agreement.', 'subject to the terms and conditions of this agreement, licensor hereby grants to licensee, and licensee hereby accepts from licensor, an exclusive, non-transferable (except as set forth in section 10.7) and non-sublicensable (except as provided in section 2.1(c)) license to use the licensed domain names in connection with the business during the term.']",Non-Transferable License,License Grant,License Grant,License Grant,Agreement,0.3078,0.0453,235,False
478,"['each party waives any right to recover consequential, incidental, indirect, exemplary, punitive or any other types of indirect damages from the other party for a breach of this agreement.', 'a party that breaches this agreement will only be liable to the other party for direct damages arising from the breach.', 'if a buyer receives a product that fails to conform to these representations and warranties, the sole remedies of buyer for the breach of warranty will be to: (1) reject and return the non-conforming product to seller for a refund or credit, or a replacement conforming product, in the manner and time period provided in the sop; (2) obtain reimbursement from seller for actual, reasonable, substantiated out-of-pocket expenses incurred by buyer in the recovery, return or disposal of a non-conforming product that is the subject of a mandatory product recall required under applicable laws or a voluntary withdrawal declared by seller or approved by seller (such approval not to be unreasonably withheld, conditioned or delayed); and (3) obtain indemnification from seller for any indemnified claim arising from or related to the non-conforming product as provided in section 7.']",Cap On Liability,Cap On Liability,Cap On Liability,Cap On Liability,Agreement,0.6934,0.5326,188,False
479,"['the parties agree that during the pendency of the winding up, the jvc will be allowed to use the technical know how to the extent the same is necessary for the purpose of implementing any orders pending in favour of its customers.', 'provided, however, that in the event the termination of this agreement is followed by a sale of all of the shares held by impco in the jvc to minda/mil, the jvc will have a right to continue to use the technical know how already received and absorbed on the condition that royalty payments under the taa have been paid by the jvc to impco or will be paid, as the case may be, for a minimum period of five (5) years, as provided in the taa.']",Post-Termination Services,Post-Termination Services,Post-Termination Services,Post-Termination Services,Agreement,0.4556,0.4002,128,False
480,"['neither party will have any liability for, and each party hereby waives and disclaims, any and all claims and causes of action against the other party, whether in contract, tort (including, without limitation, negligence and strict liability), warranty or otherwise, relating to any indirect, consequential or exemplary damages, in each case, arising out of or in connection with this agreement (including any breach hereof) or any of the transactions contemplated hereby.']",Cap On Liability,Cap On Liability,Cap On Liability,Cap On Liability,Agreement,0.6705,0.4732,71,False
481,"['during the term (including any renewal term, if any), in the event that musclepharm shall determine to develop and introduce a new product into the market, musclepharm shall provide the as parties with a sample of the name, design, marketing plan and an actual sample of such new product (the ""sample"") and the as parties shall have a right of first refusal (exercisable by written notice to musclepharm within 15 days after receipt of the sample) to include such new product in the as product line, it being understood that there shall initially be no less than four (4) products at the start of the term and thereafter no more than 8 (eight) products in the as product line without the mutual written agreement of the parties hereto.']",Rofr/Rofo/Rofn,Minimum Commitment,Volume Restriction,Volume Restriction,SVM,0.2614,0.1459,128,False
482,"['neither party shall be liable to the other for any special, consequential, incidental, punitive, or indirect damages or lost profits arising from or relating to any breach of this agreement, regardless of any notice of the possibility of such damages.']",Cap On Liability,Cap On Liability,Cap On Liability,Cap On Liability,Agreement,0.6961,0.5184,40,False
483,"[""accordingly, (i) with respect to remainco's right and interest in and to the shared library materials, remainco, for itself and as representative of all other members of the remainco group, hereby grants to spinco (x) a perpetual (subject to section 4.4), irrevocable, exclusive, royalty-free, worldwide right and license with the right to grant sublicenses (solely as set forth in section 5.6) to use the shared library materials, including all know-how and copyrights embodied therein, for any purpose in the spinco core field and (y) a perpetual (subject to section 4.4), irrevocable, non-exclusive, royalty-free, worldwide right and license with the right to grant sublicenses (solely as set forth in section 5.6) to use the shared library materials, including all know-how and copyrights embodied therein, for any purpose in any field other than the remainco core field or the spinco core field and (ii) with respect to spinco's right and interest in and to the shared library materials, spinco, for itself and as representative of all other members of the spinco group, hereby grants to remainco (x) a perpetual (subject to section 4.4), irrevocable, exclusive, royalty-free, worldwide right and license with the right to grant sublicenses (solely as set forth in section 5.6) to use the shared library materials, including all know-how and copyrights embodied therein, for any purpose in the remainco core field and (y) a perpetual (subject to section 4.4), irrevocable, non- exclusive, royalty-free, worldwide right and license with the right to grant sublicenses (solely as set forth in section 5.6) to use the shared library materials, including all know-how and copyrights embodied therein, for any purpose in any field other than the spinco core field or the remainco core field."", ""accordingly, (i) with respect to remainco's right and interest in and to the foundational software, remainco, for itself and as representative of all other members of the remainco group, hereby grants to spinco (x) a perpetual, irrevocable, exclusive, royalty-free, worldwide right and license to use the foundational software, including any intellectual property embodied therein, for the continued operation of the spinco business and any future extensions of the spinco business in the spinco core field and (y) a perpetual, irrevocable, non-exclusive, royalty-free, worldwide right and license to use the foundational software, including any intellectual property embodied therein, for the continued operation of the spinco business and any future extensions of the spinco business in any field other than the spinco core field or the remainco core field; and (ii) with respect to spinco's right and interest in and to the foundational software, spinco, for itself and as representative of all other members<omitted>of the spinco group, hereby grants to remainco (x) a perpetual, irrevocable, exclusive, royalty-free, worldwide right and license to use the foundational software, including any intellectual property embodied therein, for the continued operation of the remainco business and any future extensions of the remainco business in the remainco core field and (y) a perpetual, irrevocable, non-exclusive, royalty-free, worldwide right and license to use the foundational software, including any intellectual property embodied therein, for the continued operation of the remainco business and any future extensions of the remainco business in any field other than the spinco core field or the remainco core field. the foregoing licenses includes the right to reproduce, prepare derivative works, distribute, perform and otherwise exploit such foundational software and to use the foundational software to design, develop, manufacture, have manufactured, sell and support products and services."", ""remainco shall have, and spinco hereby grants to remainco, an unlimited, non-exclusive, perpetual, irrevocable, royalty free, worldwide right and license to use the content contained in the steam book, including the current edition and any past edition and any future edition to which remainco makes a contribution, for any purpose, including, without limitation, to reproduce, publicly display, modify, make derivative works, distribute, publicly perform and distribute for remainco's internal business purposes, including in connection with customer related activities, provided, however, that remainco shall (i) not use any non-nuclear content contained in the steam book in connection with publishing or distributing a publication which competes with the steam book and (ii) provide attribution and accreditation using a copyright notice having the format required by law in connection with the use of any protectable expression of the non-nuclear content contained in the steam book"", 'spinco, for itself and as representative of all other members of the spinco group, hereby grants to remainco (x) a perpetual, irrevocable, exclusive, royalty-free, worldwide right and license with the right to grant sublicenses (solely as set forth in section 5.6) to use the spinco know- how currently or previously used in connection with the remainco business or otherwise in the possession of remainco or any member of the remainco group as of distribution date (the ""licensed spinco know-how""), for the continued operation of the remainco business and any future extensions of the remainco business in the remainco core field and (y) a perpetual, irrevocable, non-exclusive, royalty-free, worldwide right and license with the right to grant sublicenses (solely as set forth in section 5.6) to use the licensed spinco know-how for the continued operation of the remainco business and any future extensions of the remainco business in any field other than the remainco core field or the spinco core field; provided, however, the foregoing licenses shall not extend to (i) spinco know-how<omitted>licensed by spinco or any other member of the spinco group if and to the extent the licensing of same to remainco would constitute a breach of an agreement with any third party executed prior to the effective date or result in any expense to spinco or any member of the spinco group for payments to such third party or (ii) any intellectual property not owned by one or more members of the spinco group, or as to which no member of the spinco group has the right to grant sublicenses, as of the effective date.', 'remainco, for itself and as representative of all other members of the remainco group, hereby grants to spinco (x) a perpetual, irrevocable, exclusive, royalty-free, worldwide right and license with the right to grant sublicenses (solely as set forth in section 5.6) to use the remainco know-how currently or previously used in connection with the spinco business or otherwise in the possession of spinco or any member of the spinco group as of the distribution date (the ""licensed remainco know-how""), for the continued operation of the spinco business and any future extensions of the spinco business in the spinco core field and (y) a perpetual, irrevocable, non-exclusive, royalty-free, worldwide right and license with the right to grant sublicenses (solely as set forth in section 5.6) to use the licensed remainco know-how for the continued operation of the spinco business and any future extensions of the spinco business in any field other than the remainco core field or the spinco core field; provided, however, the foregoing licenses shall not extend to (i) remainco know-how licensed by remainco or any other member of the remainco group if and to the extent the licensing of same to spinco would constitute a breach of an agreement with any third party executed prior to the effective date or result in any expense to remainco or any member of the remainco group for payments to such third party or (ii) any intellectual property not owned by one or more members of the remainco group, or as to which no member of the remainco group has the right to grant sublicenses, as of the effective date.']",Irrevocable Or Perpetual License,License Grant,License Grant,License Grant,Agreement,0.3536,0.2172,1248,False
484,"['subject to article 22.2, this agreement shall remain in force for an initial period of 1 year, which may be renewed by mutual consent for such period as the parties may agree (""term""), unless it is terminated earlier in accordance with this agreement or for any of the following reasons:<omitted>or in case of a change of control of one of the parties;']",Change Of Control,Change Of Control,Change Of Control,Change Of Control,Agreement,0.4095,0.2073,62,False
485,"['should fox or its assigns choose to distribute the wireless products through fox\'s and its assigns\' direct-to-consumer distribution channels, fox or its assigns shall deduct a percentage of fox\'s gross receipts (defined as monies received by or credited to fox or its assigns from fox\'s or its assigns\' direct-to-consumer distribution channels, for the download of the wireless products by end users, or the sale or download of wireless products to end users) collected from the sale of such wireless products (""distribution fee"") in the amount of ***** percent (*****%) of fox\'s gross receipts.', ""at such time that ***** percent (*****%) of the guarantee forfeiture payment is recouped by licensee, fox shall earn and licensee shall pay to fox royalties at the rate of ***** percent (*****%) of licensee's gross receipts from licensee's sale, license, distribution or other exploitation of the idiocracy wireless product."", 'in addition to any outstanding guarantee payments which licensee shall pay to fox as set forth in paragraph 3 of this amendment below, licensee shall pay to fox a minimum recoupable guarantee of ***** dollars (us$*****) on or before ***** (""ice age 2 guarantee""), and<omitted>fox shall earn, and licensee shall pay the applicable major release royalties as set forth in paragraph 7(a)(i) of the agreement in connection with the property ""ice age 2"".', 'after fox or its assigns deducts its distribution fee, it shall remit the remainder to licensee and licensee shall pay to fox or its assigns or such other party as fox or its assigns may designate in writing, royalties in the amounts set forth in the agreement or this amendment.', ""at such time that ***** percent (*****%) of the guarantee forfeiture payment is recouped by licensee, fox shall earn and licensee shall pay to fox royalties at the rate of ***** percent (*****%) of licensee's gross receipts from licensee's sale, license, distribution or other exploitation of the in her shoes wireless product."", 'paragraph 7 of the agreement is amended to provide that with respect to the koh video clips, fox shall be entitled to receive an amount equal to ***** percent (*****%) of ***** percent (*****%) of the gross receipts derived from the distribution of the koh video clips from the first dollar licensee earns (""koh video clips revenue"").']",Revenue/Profit Sharing,Revenue/Profit Sharing,Revenue/Profit Sharing,Revenue/Profit Sharing,Agreement,0.669,0.5935,375,False
486,"[""lmg's indemnification obligations under this section 5.2 will expire twelve (12) months after the conversion date."", ""tag's indemnification obligations under this section 5.3 will expire twelve (12) months after the conversion date."", 'neither party shall be liable to the other pursuant to this agreement for any amounts representing loss of profit, loss of business or indirect, consequential, exemplary, or punitive damages of the other party.']",Cap On Liability,Cap On Liability,Cap On Liability,Cap On Liability,Agreement,0.6971,0.5355,65,False
487,"[""in addition, customer may audit manufacturer's records and facilities for the purpose of verifying that manufacturer's procedures are in accordance with the c-tpat security criteria, and manufacturer shall provide customer with access to manufacturer's records and facilities reasonably necessary for the purpose of conducting such audit."", ""manufacturer shall obtain the right for customer to audit, at customer's expense, any such third-party warehouse upon reasonable prior advance written notice and during normal business hours"", 'manufacturer shall make such records readily available for such audit.', ""subject to the terms and conditions set forth herein, customer may conduct, at its own expense, periodic quality audits, to ensure manufacturer's compliance with the terms of this agreement."", 'customer shall be entitled to review, upon reasonable prior written notice, all manufacturing records relating to such samples, including all analytical procedures and cleaning validation relating to the equipment used in connection with the manufacture of the samples', ""any records or information accessed or otherwise obtained by customer or its representatives in connection with any audit (including any audit pursuant to section 3.4) shall be deemed manufacturer's confidential and proprietary information and each representative of customer will be subject to non-use and other confidentiality obligations substantially comparable to those set forth herein for customer."", 'notwithstanding the limits set forth in the<omitted>foregoing sentence, customer may more frequently conduct ""for cause"" physical inspections or audits of a facility with five (5) days\' advance written notice to manufacturer if customer has reasonable cause to believe that an inspection or audit of such facility is warranted because manufacturer\'s activities with respect to such facility are in breach of this agreement, applicable laws, the quality agreement or the applicable facility addendum.', ""subject to the remainder of this section 4.12, no more than once per calendar year, upon thirty (30) days' advance written notice to manufacturer, customer may physically inspect or audit (consistent with section 15.2) the facilities under this section 4.12; provided that customer will use good faith efforts to choose dates of inspection or audit that do not unreasonably interfere with the operation of manufacturer's business; provided, further, that customer shall consider in good faith any alternative dates of inspection or audit proposed by manufacturer within five (5) days of manufacturer's receipt of such notice (it being understood that nothing in this section 4.12 shall require customer to accept any such proposed alternative dates of inspection or audit)"", 'any such inspection or audit shall include access to relevant records (subject to the terms of section 15.2) and personnel and being present during, as applicable, start-up manufacturing operations, validation, cleaning, sampling, laboratory testing, warehouse receiving and storage, pack out and shipping.', ""any records or information accessed or otherwise obtained by customer or its representatives during any such inspection or audit or any visit at any facility shall be deemed manufacturer's confidential and proprietary information and each representative of customer will be subject to non-use and other confidentiality obligations substantially comparable to those set forth herein for customer."", 'customer or its representatives, including its external auditors, may audit such records of manufacturer, including all records related to manufacturer\'s compliance with applicable laws, at any time during the term of this agreement or applicable facility addendum or the record retention period, during normal business hours and upon reasonable advance written notice to manufacturer (but in no event more than one (1) time per year except ""for cause"").', ""manufacturer will provide customer with periodic access, upon reasonable notice, to any of its facilities where it is performing under this agreement, to its employees and records and to any associated dormitories or lodging that manufacturer provides to its employees, to permit customer to determine manufacturer's compliance with this section 5.3."", ""manufacturer shall permit customer (at customer's expense) to conduct reasonable annual reviews of the environmental and health and safety practices and performance of the facilities with respect to the products where manufacturer's performance under this agreement is occurring; provided that such review shall not include any invasive sampling at such facilities and shall not unreasonably interfere with manufacturer's operation of such facilities."", 'customer may exercise its inspection rights under this section 5.3(d) upon receipt of any information that would suggest to a reasonable person that manufacturer is not fulfilling its obligations under this section 5.3.', 'in connection with such reviews, manufacturer shall reasonably assist in the completion of an environmental health and safety survey of manufacturer or the scheduling of an environmental health and safety audit of the facility, as applicable, in each case with respect to the products.']",Audit Rights,Audit Rights,Audit Rights,Audit Rights,DistilBERT,0.8658,0.8545,752,False
488,"[""in the case of any individual consultant of sfj or its affiliates (excluding sfj's and its affiliates' permitted third parties), if sfj is unable to cause such consultant to agree to such assignment obligation despite sfj's using commercially reasonable efforts to negotiate such assignment obligation, then sfj shall either: (a) cause such consultant to grant an exclusive, worldwide, royalty-free, fully-paid, freely-assignable license, with the right to sublicense through multiple tiers, under their rights in such trial invention to develop, make, have made, use, sell, have sold, offer for sale and import the product for any and all uses, except where applicable law requires otherwise and except in the case of consultants who are employed by governmental, not- for-profit, or public institutions that have standard policies against such an assignment (in which case, sfj shall use commercially reasonable efforts to obtain a suitable license, or right to obtain such a license); or (b) refrain from using such consultant to conduct activities pursuant to this agreement unless pb obtains medimmune's written consent thereto.""]",License Grant,License Grant,License Grant,License Grant,Agreement,0.2905,0.1534,171,False
489,"[""c. sponsor must obtain, and continuously maintain, at its own expense, the following insurance policies: 1. workers' compensation in compliance with california's laws, including employers' liability with minimum limits of: $ *** each accident; $ *** disease - each employee; $ *** disease - policy limit.\n\n 2. an insurance services office occurrence based commercial general liability insurance policy, including contractual liability and products/completed operations liability coverage with minimum limits of:\n\n$ *** each occurrence; $ *** general aggregate; $ *** products/completed operations aggregate."", 'all policies shall be endorsed to provide a waiver of subrogation in favor of sdbf.', 'sponsor shall provide sdbf with certificates of insurance evidencing compliance with all insurance provisions noted above prior to the commencement of the sponsorship and annually prior to the expiration of each required insurance policy.', 'all insurance policies must be issued by an admitted insurance carrier with an a.m. best rating of a-8 or better. sdbf, padres lp, the city of san diego and each of their subsidiary or affiliated companies and its and their directors, officers and employees must be named as additional insureds under the commercial general liability, automobile liability and umbrella liability policies.', 'further, coverage for the additional insureds shall apply on a primary basis irrespective of any other insurance, whether collectible or not.', 'all of these policies must contain cross liability endorsements, or their equivalent.']",Insurance,Insurance,Insurance,Insurance,DistilBERT,0.8771,0.8674,225,False
490,"['if a purchase order contains quantities of products in excess of the quantity of such product forecasted for such quarter (as was set forth at the rolling forecast submitted immediately prior to the beginning of such calendar year) by an amount greater than [***] of the binding forecast (""excess amount""), mediwound will accept the purchase order up to, but not including the excess amount which in any event will not exceed the maximum capacity.', 'the parties agree and acknowledge that, as of the effective date, mediwound\'s current facility can fill orders from vericel for use in the territory up to [***] of intermediate drug product, whether provided in that form or in the form of the equivalent amount of finished product within a calendar year (""maximum capacity"").', 'the remaining shelf-life for each product for the territory shall be at least [***] of the fda approved shelf-life of such product, as measured from the time of delivery of such product to vericel (the ""minimum shelf life"").']",Volume Restriction,Minimum Commitment,Minimum Commitment,Minimum Commitment,Agreement,0.4409,0.3212,165,False
491,"['in consideration for providing these services, avdu shall pay utk $120,000 worth of unregistered shares of common stock (31,413 shares) upon the execution of this strategic alliance agreement.']",Revenue/Profit Sharing,Revenue/Profit Sharing,Revenue/Profit Sharing,Revenue/Profit Sharing,Agreement,0.6372,0.5483,28,False
492,"[""turpin shall, at the company's request, assist with, execute and deliver all further documents, applications, declarations, verifications, submissions, transfers and assignments and do all other things requested by the company, acting reasonably, during the term hereof and thereafter, at the expense of the company, but without additional compensation, to enable the company or its nominees to apply for, acquire, prosecute, perfect, enforce and/or maintain any and all right, title and interest, in any country, in and to the confidential information, the work product and the intellectual property rights in same."", 'turpin agrees to maintain at all times adequate and current records relating to the creation and development of the work product and intellectual property rights therein, which records and all copies thereof shall be and shall remain the exclusive property of the company, and to disclose all such records and copies to the company promptly.', ""turpin does hereby assign and transfer to the company, effective upon creation, all right, title, and interest that turpin may have in and to the work product and all intellectual property rights therein and does hereby assign all of turpin's future right, title, and interest that turpin may have in and to each of the work product and intellectual property rights therein, effective at the time each is created.""]",Ip Ownership Assignment,Ip Ownership Assignment,Ip Ownership Assignment,Ip Ownership Assignment,Agreement,0.5836,0.5259,214,False
493,"[""bank of america shall own all right, title, and interest in and to the bank of america customizations as work product in accordance with section 39.0.<omitted>work product all information, data. materials, discoveries, inventions, drawings, works of authorship, documents, documentation, models, software, computer programs, software (including source code and object code), firmware, designs, specifications, processes, procedures, techniques, algorithms, diagrams, methods, and all tangible embodiments of each of the foregoing (in whatever form and media) conceived, created, reduced to practice or prepared by or for supplier at the request of bank of america within the scope of services provided under this agreement, whether or not prepared on bank of america's premises and all intellectual property rights therein."", 'bank of america will own exclusively all work product and supplier hereby assigns to bank of america all right, title and interest (including all intellectual property rights) in the work product. work product, to the extent permitted by law, shall be deemed ""works made for hire"" (as that term is defined in the united states copyright act).', 'all right, title and interest in such work in progress relating to bank of america customizations (including copyright) shall be deemed assigned to and vested in bank of america.<omitted>work in progress - all plans, systems designs, documentation, working materials, specifications, flow charts source code, documented test results and other work product prepared by supplier pursuant to this agreement or during development of the customizations.']",Ip Ownership Assignment,Ip Ownership Assignment,Ip Ownership Assignment,Ip Ownership Assignment,Agreement,0.5294,0.4723,236,False
494,['the liability of eit will be limited to a value equal to contractual value as per clause 7.1 and will not exceed this value.'],Cap On Liability,Cap On Liability,Cap On Liability,Cap On Liability,Agreement,0.651,0.4581,24,False
495,"[""channel partner's payment obligations, liability for early termination fees or charges, breaches of confidentiality by either party, misappropriation of intellectual property rights of the other party, and the parties' indemnification obligations under this agreement are excluded from these limitations of liability.""]",Uncapped Liability,Cap On Liability,Uncapped Liability,Uncapped Liability,SVM,0.6206,0.4048,41,False
496,"[""except for either party's violation of the confidentiality obligations and for either party's indemnification obligations, in no event will either party be liable for special, incidental, consequential, indirect or punitive damages, or lost profits, regardless of whether such liability is based on breach of contract, tort, strict liability, breach of warranties, failure of essential purpose or otherwise and even if advised of the possibility of such damages."", ""except for either party's violation of the confidentiality obligations and for either party's indemnification obligations, neither party shall be liable under any contract, negligence, strict liability, or other legal or equitable theory for any amounts in excess in the aggregate of the amount of the fees paid or payable under this agreement.""]",Uncapped Liability,Cap On Liability,Cap On Liability,Cap On Liability,Agreement,0.6714,0.4716,119,False
497,"['upon activation of the affiliate, the software publisher grants the affiliate a non-exclusive, revocable right to use provided advertising material, notices and all further presentations (insofar as available - also known hereafter as ""material"") only for the purpose of designating its web site as a ""partner web site"" and presenting the designated advertising material.']",License Grant,License Grant,License Grant,License Grant,Agreement,0.431,0.2466,54,False
498,"['subject to section 3.2, a licensor party, on behalf of itself and the other members of the licensor group, and solely to the extent the licensor party or another member of the licensor group has the right to do so, hereby grants and agrees to grant to the applicable licensee party and the other members of the licensee group, subject to the field restriction of section 3.1.2, a royalty-free, nonexclusive, perpetual, irrevocable, fully paid-up, worldwide right and license, with the right to sublicense as provided in section 3.1.3, to exploit intellectual property rights that are owned by the licensor party or another member of the licensor group immediately following the assignments pursuant to article ii and meet one or more of the following descriptions with respect to the relevant licensee party: (a) the intellectual property rights are rights under licensed patents or other intellectual property rights that, in each case, as of the effective time, are either (a) used in connection with, or necessary for the ongoing conduct of, the current business of the licensee party or another member of the licensee group, or (b) contemplated to be used in the business of the licensee party, or another member of the licensee group, in the licensee group field; provided, however, that the license granted in this section 3.1.1(a) does not apply to the intellectual property rights received under or otherwise governed by an excluded agreement; and/or (b) the intellectual property rights are embodied in an invention, or proposed invention, that is both (i) described in a patent or invention disclosure held by the licensor party or another member of the licensor group and (ii) conceived by at least one inventor who, at the time of conception, was employed by a member of the licensee group, a non-inclusive list of which inventions and proposed inventions are provided in schedule 3.1.1(b), provided, however, that the license granted in this section 3.1.1(b) does not apply to an invention conceived under or otherwise governed by an excluded agreement; and/or (c) the intellectual property rights are subject to an assignment to the licensor party in section 2.1.1(b) concerning performer foreground-delivered ipr conceived or created in the course of services concerning which the licensor party or another member of the licensor group was the requester and the licensee party or another member of the licensee group was the performer; and/or<omitted>(d) the intellectual property rights are performer background ipr or patent rights of the licensor party or another member of the licensor group and is necessary for the licensee party or another member of the licensee party to exploit the performer foreground-delivered ipr in the licensee group field, provided, however, that the license granted in this section 3.1.1(d) applies only to the extent necessary for the licensee party or another member of the licensee group to exploit the performer foreground-delivered ipr in the licensee group field.']",Irrevocable Or Perpetual License,License Grant,Affiliate License-Licensee,Affiliate License-Licensee,SVM,0.3021,0.1703,479,False
499,"['each party shall have a non-exclusive, royalty free, non-transferable license to use the name, logo, any item used in connection with that name or logo, and the registered symbols and trademarks of the other party (the ""trademarks"") only for the purposes set forth in this agreement.']",Non-Transferable License,License Grant,License Grant,License Grant,Agreement,0.3428,0.0734,46,False
500,"['each party will maintain at its sole cost and expense, an adequate amount of commercial general liability and product liability insurance throughout the term and for a period of five (5) years thereafter, to protect against potential liabilities and risk arising out of products supplied or activities to be performed under this agreement and any quality agreement related hereto upon such terms (including coverages, deductible limits and self-insured retentions) as are customary in the industry for the products supplied or activities to be conducted by such party under this agreement.', 'subject to the preceding sentence, such bellicum liability insurance or self-insurance program will insure against personal injury, physical injury or property damage arising out of the pre-clinical, clinical and commercial manufacture, sale, use, distribution or marketing of bellicum product, and such miltenyi liability insurance or self-insurance program will insure against personal injury, physical injury or property damage arising out of use of a miltenyi product in the manufacture of a bellicum product', 'each party shall provide the other party with written proof of the existence of such insurance upon reasonable written request.', 'in addition, from time to time during the term, each party shall increase their levels of insurance coverage if reasonably deemed prudent by such party in light of the overall products supplied and/or activities performed under this agreement.']",Insurance,Insurance,Insurance,Insurance,DistilBERT,0.8753,0.864,220,False
501,"['except in connection with a breach by either party of article 10, the indemnification obligations of paperexchange under sections 12.4(c) [indemnification by paperexchange] and the indemnification obligations of verticalnet under section 12.5(c) [indemnification by verticalnet], neither party will be liable for any special, indirect, consequential, exemplary or incidental damages arising out of or related to this agreement, however caused and under any theory of liability (including negligence), even if such party has been advised of the possibility of such damages.', ""except in connection with a breach by either party of article 10, the indemnification obligations of paperexchange under section 12.4(c) [indemnification by paperexchange] and the indemnification obligations of verticalnet under section 12.5(c) [indemnification by verticalnet], each party's liability for damages hereunder shall not exceed $1,000,000.""]",Uncapped Liability,Cap On Liability,Cap On Liability,Cap On Liability,Agreement,0.6791,0.4869,125,False
502,"[""ransporter agrees to accept and receive daily on a firm basis, at the point(s) of receipt from shipper or for shipper's account such quantity of gas as shipper makes available up to the transportation quantity, and to deliver to or for the account of shipper to the point(s) of delivery an equivalent quantity of gas."", 'transportation quantity - shall mean the maximum daily quantity of gas which transporter agrees to receive and transport on a firm basis, subject to article ii herein, for the account of shipper hereunder on each day during each year during the term hereof, which shall be 51,000 dekatherms.']",Volume Restriction,Minimum Commitment,Volume Restriction,Volume Restriction,SVM,0.3824,0.253,103,False
503,"[""pagemaster corporations' liability shall in no event exceed an amount equivalent to the amounts received by pagemaster corporation hereunder.""]",Cap On Liability,Cap On Liability,Cap On Liability,Cap On Liability,Agreement,0.6359,0.4516,19,True
504,"['as used in this agreement:<omitted>4.2.2 the term ""commission"" will mean the total fees paid in cash to us, by insurance carriers as a percentage of the premiums generated by insurance policies sold by the franchised business, on all new and renewal policies.', 'we will receive all commissions (defined below) from insurance carriers.']",Revenue/Profit Sharing,Revenue/Profit Sharing,Insurance,Insurance,SVM,0.3261,0.1147,52,False
505,"[""upon thirty (30) days prior written notice from an auditing party, the audited party shall permit the auditing party's external auditors access to any relevant books documents, papers, and records of the party involving any report delivered pursuant to sections 3.2(d), 3.4(d) and 4.3(a) of this agreement and the activities performed under this agreement, if the other party has credible evidence that the other party violated terms of this agreement, including with respect to product training under section 3(e)."", 'upon thirty (30) days prior written notice from a party (the ""auditing party""), the other party (the ""audited party"") shall permit an independent certified public accounting firm of nationally recognized standing selected by the auditing party and reasonably acceptable to the audited party, to examine, at the auditing party\'s sole expense, the relevant books and records of the audited party and its affiliates as may be reasonably necessary to verify the accuracy of the reports submitted by the audited party in accordance with sections 3.4(d), 4.1(c) and 4.3(a) and the payment of promotion fees hereunder.']",Audit Rights,Audit Rights,Audit Rights,Audit Rights,DistilBERT,0.8654,0.8548,174,False
506,"[""solely in the event that this agreement is terminated by bioeq pursuant to sections 15.2.1, 15.2.2, 15.2.3, 15.2.4, 15.2.8 or 15.2.9 or by licensee pursuant to section 15.2.5 , licensee shall grant, and hereby grants to bioeq an exclusive, royalty-free, fully paid, sublicenseable, license to use the licensee-controlled trademarks which were actually used by licensee to commercialize the licensed products in the territory in connection with bioeq's commercialization of the licensed products in the territory. i"", 'licensee hereby grants to bioeq during the term of this agreement (and, subject to section 15.3.4, after termination<omitted>or expiration of this agreement) a non-exclusive, fully-paid, irrevocable license (including the right to grant sublicenses) under all intellectual property rights and know-how controlled by licensee and embodied within, or claiming or covering the licensee improvements, to develop, manufacture, sell, import, or otherwise commercialize licensed products outside of the territory.', 'subject to the provisions of this agreement, bioeq hereby grants to licensee an exclusive (even as to bioeq), milestone- and royalty-bearing, non-transferable license (including the right to grant sublicenses only to the extent permitted by section 2.1.2) under the licensed technology (including the licensed patents) to use, sell, have sold, import, have imported or otherwise commercialize the licensed products in the field in the territory.', ""for those countries where a specific license is required for a joint owner of a joint invention or joint improvement to practice such joint invention or joint improvement, in such country, each party hereby grants to the other party a perpetual, irrevocable, non-exclusive, worldwide, royalty-free, fully paid-up license, transferable and sublicensable, under such party's right, title and interest in and to such joint invention or joint improvement to freely exploit such joint invention or joint improvement in such country, subject to the terms and conditions of this agreement and the licenses granted hereunder.""]",License Grant,License Grant,Irrevocable Or Perpetual License,Irrevocable Or Perpetual License,SVM,0.4259,0.2636,301,False
507,"['if termination occurs after you begin the hotel work but before the opening date, you will pay us liquidated damages in an amount equal to $3,600 multiplied by the number of approved guest rooms at the hotel, unless your failure to complete the hotel work was the result of force majeure.', 'if termination occurs after the effective date but before the second anniversary of the opening date, you will pay us liquidated damages in an amount equal to $3,600 multiplied by the number of approved guest rooms at the hotel.', 'the parties acknowledge that liquidated damages payable by you under this agreement (whether pre-opening liquidated damages or liquidated damages for early termination) are not punitive or exemplary damages.', 'if there are less than sixty (60) months remaining in the term on the date of termination, you will pay us liquidated damages in an amount calculated by dividing the sum of the monthly royalty fees due to us under this agreement for the prior twenty-four (24) month period by twenty-four (24) and then multiplying the resulting sum by the number of months remaining in the term.', ""if this agreement terminates before the expiration date, you will pay us liquidated damages as follows: 14.4.1.1 if termination occurs before you begin the hotel work and before the opening date, and you or any guarantor (or your or any guarantor's affiliates) directly or indirectly, enter into a franchise, license, management, lease and/or other similar agreement for or begin construction or commence operation of a hotel, motel, inn, or similar facility at the hotel site under a competitor brand within one (1) year after termination, then you will pay us liquidated damages in an amount equal to $3,600 multiplied by the number of approved guest rooms at the hotel."", 'payment of liquidated damages is due thirty (30) days following termination of this agreement or on demand.', 'if termination occurs after the second anniversary of the opening date but before the final five (5) calendar years of the term, you will pay us liquidated damages in an amount calculated by dividing the sum of the monthly royalty fees due to us under this agreement for the prior twenty-four (24) month period by twenty-four (24) and then multiplying the resulting sum by sixty (60).', 'you will pay us liquidated damages in the amount of five thousand dollars ($5,000) per day if you open the hotel before the opening date to compensate us for the damage caused by such breach.']",Liquidated Damages,Liquidated Damages,Liquidated Damages,Liquidated Damages,Agreement,0.2477,0.0987,412,False
508,"['subject to the terms and conditions of this agreement, green cross hereby grants to macrogenics a non- exclusive, royalty-free, perpetual license, with the right to grant and authorize the grant of sublicenses, to use all clinical data and any data generated by green cross or any of its representatives or independent contractors pursuant to its performing its responsibilities under this agreement for the research, development, manufacture commercialization and sales of mgah22 and products by macrogenics outside the territory and for macrogenics to exercise its rights and fulfill its obligations under this agreement.']",Irrevocable Or Perpetual License,License Grant,License Grant,License Grant,Agreement,0.392,0.2143,92,False
509,"['a minimum of [***] in mutually agreed upon eme financing will be contracted for by the parties, with a minimum of [***] of such aggregate amount to be contracted for in each of [***] and [***].']",Minimum Commitment,Minimum Commitment,Minimum Commitment,Minimum Commitment,Agreement,0.4505,0.3588,36,False
510,['this agreement shall be binding upon and inure to the benefit of the parties and their respective successors and permitted assigns; provided that this agreement shall not be assignable or otherwise transferable by any party without the prior written consent of the other party (which consent shall not be unreasonably withheld or delayed) and any purported assignment or transfer without such consent shall be null and void.'],Anti-Assignment,Anti-Assignment,Anti-Assignment,Anti-Assignment,DistilBERT,0.9296,0.919,67,False
511,"['neither party shall be liable, whether based on contract law, torts or any other area of law, for any indirect, incidental, special or consequential damages arising out of or in any way related to this agreement or its performance and the maximum total liability of either party whether based on<omitted>confidential treatment requested. information for which confidential treatment has been requested is omitted and marked with ""[***]"". an unredacted version of the document has also been furnished separately to the securities and exchange commission as required by rule 406 under the securities act of 1933, as amended. contract law, torts or any other area of law shall be limited to the amount [***].']",Cap On Liability,Cap On Liability,Cap On Liability,Cap On Liability,Agreement,0.6845,0.5003,112,False
512,"['both parties acknowledge and confirm that the reserve bank of india (hereafter ""rbi"") or persons authorized by it has right to access and inspect the pc financial\'s documents, records of service transactions and other necessary information related to the services or activity given to, stored or processed by mobimagic within a reasonable time.']",Audit Rights,Audit Rights,Audit Rights,Audit Rights,DistilBERT,0.8405,0.8239,53,False
513,"['at least eight (8) ""service days"", including but not limited to:\n\n1. production days. up to four (4) production days (defined as a maximum of eight (8) consecutive hours each), with papa john\'s creative agency.\n\n2. personal appearances. celebrity shall appear at least (each of the following not to exceed six (6) consecutive hours):\n\n(a) one (1) day engaging with franchisees and team members at company-wide event(s);\n\n(b) one (1) day visiting papa john\'s pizza stores, date and locations to be mutually agreed upon by the parties; and\n\n(c) one (1) day at a community event, date and location to be mutually agreed upon by the parties.']",Minimum Commitment,Minimum Commitment,Volume Restriction,Volume Restriction,SVM,0.2809,0.0717,102,False
514,"['neither party shall have any liability hereunder for any indirect, special, punitive or consequential damages including, without limitation, loss of profit or business opportunities, whether or not the party was advised of the possibility of such.']",Cap On Liability,Cap On Liability,Cap On Liability,Cap On Liability,Agreement,0.6949,0.5153,36,False
515,"['for the period beginning a reasonable time before the filing of the registration statement and for as long as moelis holdings is required to cause the registration statement to remain current under section 13.1(a)(ii), and except to the extent prohibited by applicable law and subject to entering into customary confidentiality agreements, after reasonable advance notice, make available for inspection by the smbc unit- holders, any underwriter participating in any disposition of the registrable securities, and any representative for the smbc unit-holders or such underwriter, during business hours and at the location designated by moelis holdings, any financial and other records and corporate documents of moelis holdings as will be reasonably necessary to enable them to conduct reasonable and customary due diligence with respect to moelis holdings and the related registration statement and prospectus, provided, however, that records, documents and information obtained hereunder will be used by such inspecting person only to conduct such due diligence;']",Audit Rights,Audit Rights,Audit Rights,Audit Rights,DistilBERT,0.8513,0.8384,155,False
516,"[""in consideration of the remuneration to be paid to abg pursuant hereto and subject to the conditions and limitations contained herein, abg grants to papa john's the non-transferrable, non-assignable, non-sublicensable, indivisible right and license solely during the term of the agreement and within the territory to use the celebrity endorsement, in each instance, subject to abg's approval (as hereinafter defined).""]",Non-Transferable License,Non-Transferable License,Non-Transferable License,Non-Transferable License,Agreement,0.2944,0.0186,60,False
517,"['cytodyn shall have the right to terminate this agreement in its entirety upon written notice to vyera on the occurrence of any of the following:<omitted>(d) upon [***] written notice, in the event vyera fails to meet any of the minimum requirements and has not cured such failure, to the extent curable, within such notice period;', 'vyera shall conduct the commercialization activities in accordance with the commercialization plan and in performing such activities will ensure that it meets or exceeds the minimum requirements.']",Minimum Commitment,Termination For Convenience,Minimum Commitment,Termination For Convenience,DistilBERT,0.708,0.6486,82,False
518,"['in consideration for such training, trade secrets and confidential information, you and your principals agree that during the term of this agreement, and for a continuous uninterrupted period commencing upon expiration or termination of this agreement, regardless of the cause for termination, and continuing for a period of three (3) years thereafter, neither you nor your principals shall, directly or indirectly, for themselves, or through, on behalf of, or in conjunction with any person, persons, partnership, limited liability company or corporation: 7.1.1 divert or attempt to divert any business or customer of the franchised business or any unit franchisee anywhere, by direct or indirect inducement or otherwise, or do or perform, directly or indirectly, any other act injurious or prejudicial to the goodwill associated with our proprietary marks or the system.']",Non-Disparagement,No-Solicit Of Employees,No-Solicit Of Customers,No-Solicit Of Customers,SVM,0.155,0.029,131,False
519,"[""each station will provide network with up to 5.0 mbps, but, at all times, not less than 2.0 mbps, for this purpose, except as required in infrequent and exceptional circumstances resulting from a station's carriage of the primary television network with which such station is affiliated with regard to its primary feed (e.g., abc, cbs, nbc and fox)"", 'affiliate shall actively promote the service consistent with its business judgment, including the broadcast by each station transmitting the service of an average of at least ten (10) thirty (30)-second promotional announcements per week for the service (""promotional spots"") on the station\'s primary feed, including the station\'s analog signal for so long as the station broadcasts an analog signal, on a run-of- station basis, commencing no later than the first air date of the service on the applicable station.']",Minimum Commitment,Minimum Commitment,Volume Restriction,Volume Restriction,SVM,0.2543,0.0566,137,False
520,"['any marketing exclusivity set forth in the agreement summary shall not preclude or prevent (a) signage, advertising and promotional arrangements made by the office of the commissioner of baseball with respect to nationally-televised games, all-star games, world baseball classic games, playoff games and world series games, (b) licensing arrangements made by major league baseball properties, inc. with respect to such category, (c) advertising with respect to such category in game programs, yearbooks, scorecards and similar publications which are sold on the day of an event other than padres home games, (d) the display before, during and after an event of displays, temporary in nature, erected by an event sponsor, promoter, broadcaster or participant, even though such display may constitute advertising with respect to such category, (e) promotional messages displayed on a scoreboard or video board which give the name of the sponsor of ballpark day-of-event promotions at events other than padres home games or promote sale of event-day programs (including identifying program sponsors), even though such messages may identify companies in such category and (f) promotional messages displayed on a scoreboard or video board that recognize groups in attendance and make similar incidental references, even though such messages may identify companies in such category.']",Competitive Restriction Exception,Non-Compete,Exclusivity,Exclusivity,SVM,0.2221,0.1128,204,False
521,"['company agrees that no other distributor will be appointed in any other state as a distributor unless it is either the company or distributor, save and except for the state of florida.', ""company hereby appoints distributor as company's exclusive distributor for the state of texas, and distributor accepts the appointment and agrees to represent the products within the territory.""]",Exclusivity,Exclusivity,Exclusivity,Exclusivity,Agreement,0.3716,0.3037,59,False
522,"['bioamber hereby grants cargill, and cargill hereby accepts, an exclusive, worldwide, royalty-free license with an unlimited right to sublicense under and to bioamber improvements for use outside the field during the term of this development agreement. such use shall be for research purposes only.']",Unlimited/All-You-Can-Eat-License,License Grant,Exclusivity,Exclusivity,SVM,0.4063,0.2559,44,False
523,"['the bsp may after giving due consideration to all circumstances and not acting unreasonably, terminate this agreement by giving written notice to datec if there is a change of control or major shareholding of datec.', 'if the bsp gives such a notice of termination, then:\n\n (a) if the change of control:\n\n (i) results in a competitor of the bsp controlling datec or\n\n (ii) is reasonably likely in the bsp\'s opinion, to have a detrimental effect on datec\'s ability to provide the services in accordance with the agreement,\n\nthen the bsp will pay datec according to section 14 - ""termination"" of this agreement and the termination table in schedule c.']",Change Of Control,Change Of Control,Change Of Control,Change Of Control,Agreement,0.5233,0.4297,108,False
524,"['mkos will have 30-days from receipt of information to determine if they wish to go forward with the technology license. utek, after 30 days, shall have the right to present the technology to other clients.']",Rofr/Rofo/Rofn,Warranty Duration,Rofr/Rofo/Rofn,Rofr/Rofo/Rofn,SVM,0.1225,0.0205,35,False
525,"['each party shall provide a certificate of insurance (or evidence of self-insurance) evidencing such coverage to the other party upon reques', 'each party shall provide the other party with prompt written notice of any cancellation, non-renewal or material change in such insurance that could materially adversely affect the rights of the other party hereunder, and shall provide such notice within thirty (30) days after any such cancellation, non-renewal or material change.', 'each party, at its own expense, shall maintain comprehensive general liability, product liability and other appropriate insurance for the activities such party undertakes pursuant to this agreement, from reputable and financially secure insurance carriers in a form and at levels consistent with sound business practice and adequate in light of its obligations under this agreement.']",Insurance,Insurance,Insurance,Insurance,DistilBERT,0.8706,0.8594,126,False
526,"['in the event of termination of this agreement under the provisions of this article vii galen shall not be relieved of the duty and obligations to pay in full, any payments due and unpaid at the effective date of such termination. in such event galen shall:<omitted>(c) if galen is then the owner of any patents specifically related to the combination product, galen shall transfer such ownership to leo, except for leo being in breach in which case galen will sell said patents and leo will purchase said patents at a price equal to the expenses galen has borne in relation to developing, establishing and maintaining said patent rights;\n\n (d) if galen is then the owner of any patents, which in part relates to the combination product then leo, its affiliates and partners shall have a royalty free license to such patents for the term of the patents;\n\n (e) if galen is then the owner of any data related to the combination product, including, but not limited to, any data related to any study performed under this agreement such data shall be transferred to leo. at such time, leo shall have the right, but not the obligation, to have assigned to leo any third party clinical agreement then pending;\n\n (f) galen shall transfer the nda, the ind and any other relevant registrations related to the combination product held by galen, if any, to leo or its designee.']",Post-Termination Services,Ip Ownership Assignment,Post-Termination Services,Post-Termination Services,SVM,0.284,0.1271,236,False
527,"[""in order to manage demand fluctuations, contractor shall maintain an amount of additional units of each product as fgi, in a minimum level of two (2) weeks of supply and a maximum of four (4) weeks of supply of each product set forth in the most recent customer's forecast.""]",Minimum Commitment,Minimum Commitment,Minimum Commitment,Minimum Commitment,Agreement,0.4154,0.2784,49,False
528,"['wade represents and warrants that during the term and in the territory, neither wade nor any of his agents, representatives or employees will solicit, initiate, or encourage any proposal for an endorsement by wade of any innerwear to commence during the term, or participate in any discussions or negotiations for the same.']",Non-Compete,Non-Compete,Exclusivity,Exclusivity,SVM,0.1409,0.0198,52,False
529,"['accordingly, neither this agreement nor any part of your interest in it, nor any interest (as defined in paragraph 14.2) of franchise owner or a principal owner, may be transferred (see definition below) without our advance written approval if such transfer will result in the principal owner(s) set forth in exhibit 4 holding less than a seventy-five percent (75%) interest in franchise owner.<omitted>as used in this agreement the term ""transfer"" means any voluntary, involuntary, direct or indirect assignment, sale, gift, exchange, grant of a security interest, or occurrence of any other event which would or might change the ownership of any interest, and includes, without limitation: (1) the transfer of ownership of capital stock, partnership interest or other ownership interest (including the granting of options (such as stock options or any option which give anyone ownership rights now or in the future); (2) merger or consolidation, or issuance of additional securities representing an ownership interest in franchise owner; (3) sale of common stock of franchise owner sold pursuant to a private placement or registered public offering; (4) transfer of an interest in a divorce proceeding or otherwise by operation of law; or (5) transfer of an interest by will, declaration of or transfer in trust, or under the laws of intestate succession.']",Change Of Control,Change Of Control,Change Of Control,Change Of Control,Agreement,0.3765,0.1334,212,False
530,"['pursuant to exhibit e, iac shall provide the rma and repair services to sonos upon request for a minimum of [*] from the date on which sonos discontinues the sale of any product on the terms and conditions set forth therein.', 'iac hereby represents and warrants that for a period of [*] after the manufacturing date (the ""warranty period""), a product unit will be free from defects in manufacturing process and defects in workmanship, will conform to general expectations of performance of wireless audio products and will conform to the statement of work for the applicable product.']",Warranty Duration,Warranty Duration,Warranty Duration,Warranty Duration,Agreement,0.2956,0.1558,97,False
531,"['except for claims arising out of articles 4.3 and 7.0, or as may be set forth in a sow, neither party will be liable for any consequential damages, lost profits, lost savings, loss of anticipated revenue, or any exemplary, punitive, special or indirect damages, even if advised of their possibility.']",Uncapped Liability,Cap On Liability,Cap On Liability,Cap On Liability,Agreement,0.6929,0.5183,50,False
532,"['subject to the terms and conditions of this agreement, wgt grants to distributor a nontransferable license to do the following in the territory during the term:\n\n(a) market and distribute the product to resellers;\n\n(b) demonstrate the product to potential resellers;\n\n(c) use the product internally for the sole purpose of providing this product support specified in paragraph 4.1(c);\n\n(d) use and display the trademarks in connection with marketing and distributing the product in the territory pursuant to paragraphs (a) and (b) above.']",Non-Transferable License,License Grant,License Grant,License Grant,Agreement,0.4565,0.2799,79,False
533,"[""upon any termination or expiration of this agreement: (a) all sums due to either party from the other shall be promptly paid; (b) distributor orders received and accepted by staar prior to the effective date of the termination of this agreement shall be fulfilled in accordance with their terms; (c) all property belonging to one party but in the custody of the other shall be returned; (d) staar shall have the option to repurchase any or all current and resalable products in distributor's inventory at eighty percent (80%) of distributor's original net purchase price (reflecting a twenty percent (20%) restocking and administrative fee); (e) distributor shall cease all display, advertising and use of staar trade names, trademarks (including the trademarks), logos and designations, except uses on the products which remain in distributor's possession, and shall transfer all registrations and sponsorships for the products to staar or its designee;""]",Post-Termination Services,Post-Termination Services,Post-Termination Services,Post-Termination Services,Agreement,0.6415,0.6003,148,False
534,"['excepting only claims made pursuant to section 12.1, in no event will either party be liable for any indirect, special, incidental, exemplary, punitive or consequential damages of any kind, including any lost profits, lost revenues or lost savings, arising out of or in connection with this agreement and/or the products, whether in contract, tort, strict liability or otherwise, even if the party has been advised, knows or should know, or is otherwise aware of the possibility of such damages.']",Uncapped Liability,Cap On Liability,Cap On Liability,Cap On Liability,Agreement,0.6877,0.5019,79,False
535,"['the rights of developer under this agreement shall immediately cease and be terminated upon the sale or transfer of all or substantially all of the assets of developer unless an assignment of such rights pursuant to such sale or transfer has been previously approved in writing by dss.', 'the rights of developer under this agreement shall immediately cease and be terminated upon the sale or transfer of no less than a majority of, or a controlling interest in or over, the voting capital or ownership capital of developer unless an assignment of such rights pursuant to such sale or transfer has been previously approved in writing by dss.']",Change Of Control,Anti-Assignment,Anti-Assignment,Anti-Assignment,Agreement,0.3088,0.024,108,False
536,['neither party shall assign this development agreement or the obligations contained herein without the express written consent of the other party.'],Anti-Assignment,Anti-Assignment,Anti-Assignment,Anti-Assignment,DistilBERT,0.9347,0.9248,21,False
537,"[""turpin shall deliver to the company all work product and company property, including all originals and copies thereof, in turpin's possession and/or control, at the request of the company, or, in the absence of such a request, upon the termination of turpin's employment with the company.""]",Post-Termination Services,Post-Termination Services,Post-Termination Services,Post-Termination Services,Agreement,0.5882,0.5325,46,False
538,"['notwithstanding section 7.1 above, this agreement may be terminated upon the occurrence of any of the following events:\n\n\n (a) at the election of either party, in writing, if: (i) all or substantially all of the assets of the non-terminating party are transferred, sold or liquidated;<omitted>or (v) the ownership or operations of the non-terminating party have materially changed;']",Change Of Control,Change Of Control,Change Of Control,Change Of Control,Agreement,0.4387,0.3067,57,False
539,"['either party may terminate the project and all commitments and obligations with respect thereto, subject to section 8.3 herein, upon thirty (30) days written notice to the other party.', 'this agreement may be terminated by artara upon thirty (30) days prior written notice to university.']",Termination For Convenience,Termination For Convenience,Termination For Convenience,Termination For Convenience,DistilBERT,0.8385,0.8156,45,False
540,"[""monsanto further agrees that it will in no way dispute, impugn or attack the validity of said canada marks or oms investments, inc.'s or the agent's rights thereto."", ""monsanto further agrees that it will in no way dispute, impugn or attack the validity of the additional roundup products trademarks or the respective owner's rights thereto.""]",Covenant Not To Sue,Covenant Not To Sue,Covenant Not To Sue,Covenant Not To Sue,Agreement,0.5152,0.4736,55,False
541,"['all such records shall be subject to inspection by an independent auditor designated by ceres and reasonably acceptable to iger within normal business hours with at least fourteen (14) days notice.', 'each party will have the right, upon reasonable notice to the other party, to visit any location where research project activities are conducted for the purposes of evaluating research project progress and outcomes, and particularly to make observations of any plants in growth chambers, greenhouses or fields that are a part of a research<omitted>project.', ""each party will comply with any reasonable safety and security measures which may be imposed by the other party when visiting such other party's location."", 'ceres shall allow an independent auditor, reasonably acceptable to ceres, appointed by and paid for by iger to inspect the records of ceres and any affiliated company pertaining to the licensed variety for the exclusive purpose of verifying the accuracy of the reports provided.']",Audit Rights,Audit Rights,Audit Rights,Audit Rights,DistilBERT,0.8665,0.856,154,False
542,"['a *donation of $0.05 per unit sold of licensed products within the contract territory payable to the **nfl alumni northern california chapter.', 'the nfla-nc will donate 15% of the above described proceeds to the nfla.', ""all payments shall be made by wire transfer drawn to the account of nfla-nc no later than ten (10) business days after the end of each quarter as follows: $0.05 per unit as described herein of company's products sold in the contract territory payable to nfla-nc.""]",Revenue/Profit Sharing,Revenue/Profit Sharing,Revenue/Profit Sharing,Revenue/Profit Sharing,Agreement,0.5802,0.4457,81,False
543,"[""the fund shall also furnish integrity upon request with: (a) annual audits of the fund's books and accounts made by independent public accountants regularly retained by the fund, (b) semi-annual unaudited financial statements pertaining to the fund, (c) quarterly earnings statements prepared by the fund, (d) a monthly itemized list of the securities in the portfolio of the fund, (e) monthly balance sheets as soon as practicable after the end of each month, and (f) from time to time such additional information regarding the fund's financial condition as integrity may reasonably request.""]",Audit Rights,Audit Rights,Audit Rights,Audit Rights,DistilBERT,0.8515,0.8353,92,False
544,"['utc, on behalf of itself and the other members of the utc group, hereby grants to otis, carrier and the other members of the otis group and the carrier group a limited, non-exclusive, non-transferable, personal and nonsublicensable right to continue temporarily to use, following the effective time, any united technologies trademark it is using immediately prior to the effective time, solely to the extent of such pre- separation use and in accordance with product quality standards and programs in place at the respective member of the otis group or the carrier group immediately prior to the effective time, and strictly in accordance with this section 4.2.3; provided that otis and carrier shall, and shall cause each of its respective affiliates (including, after the effective time, the members of, respectively, the otis group and the carrier group) (a) not to hold itself out as having any affiliation with utc or any member of the utc group (except to the extent a third party may infer such affiliation merely due to the limited use of the united technologies trademarks as contemplated herein), and (b) to use diligent efforts to eliminate use of the united technologies trademarks.']",Non-Transferable License,License Grant,Affiliate License-Licensor,Affiliate License-Licensor,SVM,0.3396,0.0583,194,False
545,"['except with respect to the indemnification obligations set forth in section 9 with regard to claims by third parties, in no event shall either party be liable for consequential, indirect, incidental, special, exemplary, punitive or enhanced damages, lost profits or revenues or diminution in value arising out of, relating to, or in connection with any breach of this agreement or claim hereunder, regardless of (a) whether such damages were foreseeable, (b) whether or not it was advised of the possiblity of such damages, and (c) the legal or equitable theory (contract, tort or otherwise) upon which the claim is based.']",Cap On Liability,Cap On Liability,Uncapped Liability,Uncapped Liability,SVM,0.6899,0.5076,100,False
546,"['subject to the terms and conditions of this agreement, licensor hereby grants to licensee, and licensee hereby accepts from licensor, an exclusive, non-transferable (except as set forth in section 10.7) and non-sublicensable (except as provided in section 2.1(c)) license to use the licensed domain names in connection with the business during the term.', 'subject to the terms and conditions of this agreement, licensor hereby grants to licensee, and licensee hereby accepts from licensor, an exclusive, non-transferable (except as set forth in section 10.7) and non-sublicensable (except as provided in section 2.1(c)) license to use the licensed content in connection with websites associated with the licensed domain names until the earlier of (i) termination or expiration of this agreement, or (ii) termination or expiration of the agency agreement, provided, however, that in the event the agency agreement is amended or restated, such amendment or restatement shall not be deemed a termination or expiration of the agency agreement.']",Exclusivity,License Grant,License Grant,License Grant,Agreement,0.3684,0.1102,156,False
547,"['individual grants lifeway together with its affiliates, subsidiaries, parent companies and their representatives and employees have an unlimited, perpetual, non-exclusive, worldwide and, except as set forth in section 9, royalty-free, right to use, reuse, publish, reproduce, perform, copy, create derivative works, exhibit, broadcast, and display throughout the world the name, image and likeness of individual in marketing materials (as defined below) in connection with marketing, advertising or otherwise promoting the lifeway products and/or services and for historical reference and display purposes and other internal purposes, including without limitation, internal sales meetings.']",Affiliate License-Licensee,License Grant,License Grant,License Grant,Agreement,0.317,0.1653,91,False
548,['title to all joint venture property will remain in the name of the joint venture.'],Anti-Assignment,Ip Ownership Assignment,Post-Termination Services,Post-Termination Services,SVM,0.2271,0.0261,15,True
549,"['fcc agrees to provide $5,000,000 of commercial liability insurance in support of this indemnity which names flotek as additional insured, with waiver of subrogation']",Insurance,Insurance,Insurance,Insurance,DistilBERT,0.8563,0.8426,24,False
550,"['any attempt to assign this agreement other than as permitted above will be null and void.', ""neither party may assign this agreement, in whole or in part, without the other party's written consent (which will not be unreasonably withheld), except that no such consent will be required in connection with (i) a merger, reorganization or sale of all, or substantially all, of such party's assets or (ii) the assignment and/or delegation of such party's rights and responsibilities hereunder to a wholly-owned subsidiary or joint venture in which that party holds an interest.""]",Anti-Assignment,Anti-Assignment,Anti-Assignment,Anti-Assignment,DistilBERT,0.9187,0.8971,92,False
551,"['each party shall maintain, at its own cost, comprehensive product liability insurance, general commercial liability insurance and business interruption insurance at a level which is reasonable and customary taking into account the nature of the product but which shall have combined limits of not less than $[**] per occurrence.', ""during the lease term, ppi shall:<omitted>maintain property damage and liability insurance and insurance against loss or damage to the transferred equipment as part of ppi's general liability insurance."", 'such insurance shall be with a reputable insurance company and where reasonably possible (taking into account the availability of such insurance) shall be maintained for not less than [**] ([**]) years following the expiry or termination of this agreement.', 'each party will provide to the other party evidence of its insurance and thirty (30) days prior written notice of any cancellation of its coverage or reduction in coverage from the requirements stated herein.']",Insurance,Insurance,Insurance,Insurance,DistilBERT,0.8755,0.8653,150,False
552,['party a shall not assign to any third party the functions and contents used in the website column(s) that are made the subject matter of this cooperation agreement.'],Non-Transferable License,Anti-Assignment,Anti-Assignment,Anti-Assignment,Agreement,0.301,0.1385,28,False
553,"['except for claims under section 9 hereof, the liability of a party to the other for direct damages shall not exceed fifteen million dollars.']",Cap On Liability,Cap On Liability,Cap On Liability,Cap On Liability,Agreement,0.6786,0.4945,24,False
554,"[""upon termination or expiration of this agreement, if the parties do not enter into a successor franchise agreement whereby the franchisee shall continue to be a franchisee and operate the franchised restaurant at the location, bkc or its designee shall have the option subject to obtaining any necessary governmental consent:\n\n (a) to purchase the location and/or any related equipment at fair market value, if the franchisee, any of the principals or an affiliate of the franchisee owns the location and/or related equipment.\n\n (b) if the location is leased by the franchisee, any of the principals or an affiliate of the franchisee, subject to obtaining any necessary landlord's consent, to obtain an assignment of the leasehold interest at a price equal to the fair market value of the leasehold interest."", 'neither the principals nor the franchisee shall directly or indirectly (through stock ownership, partnership, trust, joint venture, management contract, or otherwise) (a) have any interest in another ""fast food hamburger restaurant"" during the term of this agreement, or (b) for a period of one ye ar after termination or expiration of this agreement, have any interest in another fast food hamburger restaurant business at or within such distance of the location as is stated schedule 1.', 'the franchisee agrees, during the term of this agreement and thereafter, not to directly or indirectly engage in the operation of any restaurant, except as licensed by bkc, which utilizes or duplicates the burger king system or any part thereof.', ""upon termination or expiration of this agreement, if the parties do not enter into a successor franchise agreement whereby the franchisee shall continue to be a franchisee and operate the franchised restaurant at the location, bkc or its designee shall have the option subject to obtaining any necessary governmental consent:<omitted>(b) if the location is leased by the franchisee, any of the principals or an affiliate of the franchisee, subject to obtaining any necessary landlord's consent, to obtain an assignment of the leasehold interest at a price equal to the fair market value of the leasehold interest."", 'upon termination or expiration of this agreement, if the parties do not enter into a successor franchise agreement whereby the franchisee shall continue to be a franchisee and operate the franchised restaurant at the location, bkc or its designee shall have the option subject to obtaining any necessary governmental consent:\n\n (a) to purchase the location and/or any related equipment at fair market value, if the franchisee, any of the principals or an affiliate of the franchisee owns the location and/or related equipment.', ""the franchisee grants to bkc or its designee upon termination or expiration of this agreement, the option to purchase all usable paper goods, containers and printed menus bearing any of the burger king marks or trade names at the price paid by the franchisee and to purchase the franchisee's restaurant equipment, furniture, fixtures and signs at fair market value.""]",Post-Termination Services,Change Of Control,Post-Termination Services,Post-Termination Services,SVM,0.1608,0.0078,482,False
555,['either party shall have the right to terminate this agreement at any time for any reason.'],Termination For Convenience,Termination For Convenience,Termination For Convenience,Termination For Convenience,Agreement,0.7828,0.7371,16,True
556,"['""maximum quantity"" means [***] pounds of terpene product per year, prorated for any partial year included in the term.', 'fcc shall be obligated to accept all such purchase orders unless the amount ordered for a year exceeds the maximum quantity, or orders for a particular quarter exceed [***] pounds or exceed the flotek forecast for that quarter by more than 25%, provided, however, that, in such event, fcc shall communicate flotek of the time period that will be required to satisfy such order assuming fcc endeavors to satisfy such order as soon as practicable, and flotek shall inform fcc within ten (10) days of such communication whether it will order such terpene product pursuant to the revised delivery terms.']",Volume Restriction,Minimum Commitment,Minimum Commitment,Minimum Commitment,Agreement,0.4377,0.3248,119,False
557,"['notwithstanding anything herein to the contrary, intricon shall have a right after termination to continue selling existing products that include the dynamic hearing technology as long as intricon pays the appropriate royalties in accordance with the payment clauses in section 4.9 and, for the avoidance of doubt, such other clauses of this agreement (including 4.3, 4.10, 5, 6 and 10.1 will continue to apply in respect of such sales.', ""intricon must make all such records available for inspection, copying and audit by an independent auditor appointed by dynamic hearing (and to which intricon has no reasonable objection) during ordinary business hours at any time during the term and for a period of one year following the expiration or earlier termination of this agreement, provided that:<omitted>(a) such inspection, copying or audit must only be made after at least one business day's written notice;\n\n (b) such audit must not unreasonably interfere with the day to day operations of intricon; and\n\n (c) such audit must be at dynamic hearing's expense unless the auditor finds an underpayment royalty due under this agreement in excess of 5% in which case intricon must reimburse dynamic hearing's reasonable cost of such audit; and\n\n (d) audits will be limited to one audit in any calendar year.""]",Post-Termination Services,Audit Rights,Audit Rights,Audit Rights,DistilBERT,0.8098,0.7708,208,False
558,"['a participant will not be liable to the joint venture, or to any other participant, for any mistake or error in judgment or for any act or omission done in good faith and believed to be within the scope of authority conferred or implied by this agreement or the joint venture.']",Cap On Liability,Cap On Liability,Post-Termination Services,Post-Termination Services,SVM,0.6203,0.4383,51,False
559,"[""reed's will exclusively own all deliverables."", 'company acknowledges and agrees that all intellectual property created by company, its affiliates, representatives, or agents in connection with or resulting from any work or services related to the products, including the deliverables (""work product""), but excluding the neutral alcohol beverage base and excluding the company\'s general know-how and independently developed production processes not specifically related to the products, have been specially ordered and commissioned by reed\'s, are works-made-for-hire from the moment of creation and that all such work product is and will be the sole and exclusive property of reed\'s.', ""ompany will and hereby does, without further consideration, irrevocably assign to reed's any and all worldwide right, title or interest that company may now or hereafter possess in or to the deliverables in perpetuity (or the maximum period permitted by applicable laws and regulations) and reed's accepts such assignment."", ""to the extent not a work-for- hire, company, its employees, subcontractors and agents hereby sell, assign and transfer to reed's all right, title and interest in and to the work product, including without limitation, all rights to intellectual property therein.""]",Ip Ownership Assignment,Ip Ownership Assignment,Ip Ownership Assignment,Ip Ownership Assignment,Agreement,0.5175,0.465,186,False
560,"['such records shall be retained by the licensee for ten (10) years following a given reporting period.', 'subject to a written advance notice of thirty (30) calendar days, all relevant records supporting the preparation of the reports shall be made available during normal business hours for inspection at the expense of licensor by licensor or by a selected representative of licensor for the sole purpose of verifying the reports and the accuracy of the payments made or due to licensor under this agreement.']",Audit Rights,Audit Rights,Audit Rights,Audit Rights,DistilBERT,0.8445,0.8249,83,False
561,"['tripath provides an end user limited warranty for retail products, and one-year limited warranty for oem products.', 'for oem products, tripath warrants that the products will be free of manufacturing and workmanship defects for one year from the date of shipment by distributor to a customer, or eighteen months from the date of shipment to distributor, whichever is sooner.']",Warranty Duration,Warranty Duration,Warranty Duration,Warranty Duration,Agreement,0.317,0.24,59,False
562,"[""the foregoing shall be bellicum's sole and exclusive remedy and miltenyi's sole obligation with respect to claims that any miltenyi product fails to comply with the miltenyi product warranty or the warranties in section 11."", ""miltenyi's sole obligation, and bellicum's sole and exclusive remedy for breach of the miltenyi product warranty in section 11.1, shall be as set forth in article 7, including replacement or refund in accordance with section 7.6, provided that miltenyi shall pay reasonable return freight and shipping charges."", ""bellicum acknowledges and agrees that bellicum's rights to a refund or credit for, or to receive replacement of, properly rejected shipments of miltenyi products hereunder shall be bellicum's sole and exclusive remedy, and miltenyi's sole obligation, with respect to non-conforming miltenyi products delivered hereunder."", 'miltenyi will not in any event be liable for increased manufacturing costs, downtime costs, purchase of substitute products, lost profits, revenue, or goodwill, or any other indirect incidental, special, or consequential damages caused by a breach of the miltenyi product warranty or the warranties in section 11.2.', ""each party's maximum liability for any damages for breach of this agreement shall be limited to direct and actual damages. in no one event shall either party's aggregate liability for damages or losses under this agreement exceed the aggregate amount of the product prices paid by bellicum for the miltenyi product(s) during the twelve (12) month period immediately preceding the event giving rise to such liability; and further provided that such aggregate liability during such period also shall not exceed the amount of such party's insurance coverage for such aggregate liability."", 'the total amount of any reduction(s) pursuant to this section 11.5(b) shall in no event exceed [...***...] percent ([...***...]%) of the product price payable for the applicable miltenyi product in that contract year (with the right to carry forward any unused offset).', ""except for liability for (i) breach of the confidentiality obligations described in article 14, (ii) misappropriation or infringement by a party of the other party's intellectual property rights, or (iii) gross negligence or willful misconduct:\n\n(a) in no event shall a party be liable for any punitive, exemplary, indirect, incidental, special, or consequential damages or expenses, including loss of profits, revenue, data, or use, whether in an action in contract or tort (including errors or omissions or breach of warranty), even if such party has been advised of the possibility of such damages;""]",Cap On Liability,Cap On Liability,Cap On Liability,Cap On Liability,Agreement,0.664,0.5098,398,False
563,"['tl may purchase from integrity limited quantities of the product for its promotional use, at the manufacturing cost set forth in paragraph 3(a) above, provided the quantity of such purchases does not exceed seven percent (7%) of the total royalty bearing units of such product title purchased by tl, tl warrants that any units so purchased, whether or not labeled ""promotional only"" or cut-out, will be given away for purposes of promotion of the products, and will not be sold.']",Volume Restriction,Minimum Commitment,Minimum Commitment,Minimum Commitment,Agreement,0.1759,0.0527,80,False
564,"[""kitov shall be entitled to sell or otherwise dispose of its remaining stock of the product until the end of the inventory's shelf life."", 'in the event of product which kitov claims have apparent defects or hidden defects, dexcel shall have up to thirty (30) working days after receipt of the samples to show that the product in question meets the specifications (""period"").']",Post-Termination Services,Post-Termination Services,Warranty Duration,Warranty Duration,SVM,0.2612,0.0964,63,False
565,"['the agreement rests, for all that, cancellable at any time by any of the parties before the expiry date of the agreement or any of itsrenewals, upon three months prior written notice.']",Termination For Convenience,Termination For Convenience,Termination For Convenience,Termination For Convenience,DistilBERT,0.7899,0.7464,32,False
566,"[""the services provided for in this agreement, are of a personal nature and consultant may not assign or transfer any of consultant's rights or delegate any of consultant's obligations under this agreement, in whole or in part, without the company's express prior written consent. any attempted assignment, transfer or delegation, without such consent, will be void.""]",Anti-Assignment,Anti-Assignment,Anti-Assignment,Anti-Assignment,DistilBERT,0.9362,0.9243,56,False
567,"[""datec must not assign this agreement or any right under this agreement unless datec\n\n (a) is not in breach of this agreement;\n\n (b) obtains the prior written consent of the bsp\n\n (c) ensures that the assignee agrees to be bound by all of the datec's obligations under this agreement; and\n\n (d) acknowledges that it remains bound by this agreement"", ""bsp may:\n\n (a) assign all or part of this agreement to any person as part of a restructure; and\n\n (b) assign or novate all or part of the rights and obligations under this agreement to any of the bsp's related company's as part of a re- organisation of its business.""]",Anti-Assignment,Anti-Assignment,Anti-Assignment,Anti-Assignment,DistilBERT,0.9226,0.9062,109,False
568,"[""any fees payable to sandler o'neill for securities sold by sandler o'neill under any such agreement shall be limited to an aggregate of six percent (6.0 %) of the purchase price of the securities sold by sandler o'neill and other nasd member firms."", 'in addition to the reimbursement of the expenses specified in section 4 hereof, the agent will receive the following compensation for its services hereunder:<omitted>(b) with respect to any securities sold by a national association of securities dealers, inc. (""nasd"") member firm (other than sandler o\'neill) in the syndicated community offering, (i) the compensation payable to selected dealers, (ii) any sponsoring dealer\'s fees; and (iii) a management fee to sandler o\'neill of one percent (1.0 %) of the aggregate purchase price of the securities sold in the syndicated community offering.']",Revenue/Profit Sharing,Revenue/Profit Sharing,Revenue/Profit Sharing,Revenue/Profit Sharing,Agreement,0.5981,0.5293,132,False
569,"['eutectix agrees that in the event any licensed products shall be sold (1) to any affiliate (as defined herein), or (2) to a corporation, firm, or association with which, or individual with whom eutectix or its stockholders or affiliates shall have any agreement, understanding, or arrangement (such as, among other things, an option to purchase stock, or an arrangement involving a division of profits or special rebates or allowances) without which agreement, understanding, or arrangement, prices paid by such a corporation, firm, association or individual for the licensed products would be higher than the net sales price reported by eutectix, or if such agreement, understanding, or arrangement results in extending to such corporation, firm, association, or individual lower prices for licensed products than those charged to outside concerns buying similar products in similar amounts and under similar conditions, then, and in any such events, the royalties to be paid hereunder in respect of such licensed products shall be computed based on an assumed or deemed net sales price equal to those charged to such outside concerns.']",Most Favored Nation,Revenue/Profit Sharing,Revenue/Profit Sharing,Revenue/Profit Sharing,Agreement,0.405,0.2044,176,False
570,"['additionally, licensee shall have the right to use the trademarks, trade names, or logos relating to content (the ""trademarks"").', ""licensor grants plan_b for the term of this agreement the right to produce, market and distribute content to end users (in the territory specified in appendix 2) through its own and its partner's platform."", 'licensor grants to plan_b a license to produce, use, distribute, promote and publicly display the content in any possible way for distribution and marketing purposes.', 'in the alternative, if licensor is not the sole and exclusive owner of all of the foregoing intellectual property rights to the content, licensor has been granted by the owner or rightful sub-licensee of the intellectual property of the content the right to grant the rights provided by licensor to plan_b under this agreement.']",License Grant,License Grant,License Grant,License Grant,Agreement,0.44,0.3245,132,False
571,"['notwithstanding the preceding sentences, this subsection will not limit the liability of a party for any amount or type of damages for: (1) the defense and indemnification of an indemnified claim on which the party is the indemnifying party; (2) infringement by the party on the intellectual property of the other party; (3) the unauthorized disclosure or use by the party of the confidential information of the other party; (4) payment or reimbursement of any amount expressly required to be paid or reimbursed by the party under a provision of this agreement; or (5) the intentional misconduct of the party in violation of applicable laws.']",Uncapped Liability,Cap On Liability,Cap On Liability,Cap On Liability,Agreement,0.6577,0.4612,105,False
572,"['sponsor will be the exclusive retail music store sponsor of the excite site and the excite broadcast pages.', 'in no event will excite enter into arrangements to make available opportunities to purchase music products from parties other than sponsor that would prevent sponsor from being the exclusive source of such music products on the excite site once the music products become available through sponsor.', 'excite will not permit the display of advertising banners, promotional buttons, promotional links or other promotional materials for any retail sale of music products on the excite site, except those music products offered by sponsor, nor advertising by any other retail music store.']",Exclusivity,Non-Compete,Competitive Restriction Exception,Competitive Restriction Exception,SVM,0.2426,0.0301,107,False
573,"[""the association will also share/retweet up to three (3) social media posts on facebook, twitter and instagram-one before national get fit don't sit day, one on may 2 and one after the campaign.""]",Volume Restriction,Volume Restriction,Revenue/Profit Sharing,Revenue/Profit Sharing,SVM,0.1302,0.0171,33,False
574,"['neither this agreement nor any rights or obligations hereunder shall be transferred or assigned by either party without the written consent of the other party, which consent shall not be unreasonably withheld; provided, however, that liquidmetal shall have the right, without the prior written consent of eutectix, to assign its warranty rights and other rights hereunder with respect to specific liquidmetal products to the customers of such liquidmetal products.']",Anti-Assignment,Anti-Assignment,Anti-Assignment,Anti-Assignment,DistilBERT,0.9215,0.91,69,False
575,['section 19.3.3 above will not apply to your ownership of less than five percent (5%) beneficial interest in the outstanding equity securities of any publicly-held<omitted>corporation.'],Competitive Restriction Exception,Change Of Control,Competitive Restriction Exception,Competitive Restriction Exception,SVM,0.1049,0.0108,25,False
576,"['this agreement shall be in effect until march 18. 2021, unless sooner terminated by either party upon (30) days written notice, without cause.']",Termination For Convenience,Termination For Convenience,Termination For Convenience,Termination For Convenience,DistilBERT,0.8397,0.8133,23,False
577,"['no party may assign its rights or delegate its obligations under this agreement, whether by operation of law or otherwise, without the prior written consent of the other party, and any assignment in contravention hereof will be null and void.']",Anti-Assignment,Anti-Assignment,Anti-Assignment,Anti-Assignment,DistilBERT,0.9335,0.9235,40,False
578,"['party b and its affiliates guarantee that following the effective date of this contract, it will not further transfer to any third party: i) the proprietary technology for production of powder (as defined below) to be made into batteries (as defined below) or ii) the proprietary technology for production of batteries that use the bellcore configuration.']",Non-Compete,Exclusivity,License Grant,License Grant,SVM,0.2183,0.0868,56,False
579,"['the total amount of material world book makes available for all affinities shall be no less than sixteen million (16,000,000) chinese characters.', 'additionally, the affinities shall collectively contain at least sixteen thousand (16,000) articles written in simplified chinese characters, with an average and median number of words per article of no less than one thousand (1,000) simplified chinese characters.']",Minimum Commitment,Minimum Commitment,Minimum Commitment,Minimum Commitment,Agreement,0.3932,0.269,59,False
580,"[""upon [***] days' notice and at time mutually agreed upon by the parties during dong-a's normal business hours, but no more frequently than [***] every year during the term of this agreement, neurobo may, at its cost and expense, inspect dong-a's manufacturing facilities where the licensed products are manufactured.""]",Audit Rights,Audit Rights,Audit Rights,Audit Rights,DistilBERT,0.8051,0.7876,49,False
581,"['following the expiration of the term pursuant to clause (a) (but not clause (b)) of section 12.1.1, the grants in section 5.1.3 shall become non-exclusive, fully-paid, royalty-free and irrevocable.']",Irrevocable Or Perpetual License,License Grant,Irrevocable Or Perpetual License,Irrevocable Or Perpetual License,SVM,0.2535,0.1061,29,False
582,"[""in no event shall either party be liable for any indirect, incidental, special or consequential damages, or damages for loss of profits, revenue, data or use, incurred by the other party or any third party, whether in an action in contract or tort, even if such party has been advised of the possibility of such damages. in no event shall e.piphany's liability hereunder exceed the sum total of payments made by hsns under the initial term of this agreement."", ""except for actions for nonpayment of breach of e.piphany's proprietary rights in the application, no action, regardless of form, arising out of this agreement may be brought by either party more than two years after the cause of action has accrued."", 'the provisions of section 10.1 (""e.piphany intellectual property indemnity"") state the entire liability and obligation of e.piphany, and the exclusive remedy of hsns, with respect to any actual or alleged infringement of any patent, copyright, trade secret, trademark or other intellectual property right by the application or any part thereof. this limitation of liability applies notwithstanding any failure of the essential purpose of the exclusive remedies.', 'for any breach of the warranties contained in section 4.1, hsns\'s sole and exclusive remedy, and e.piphany\'s entire liability, shall be: (i) in the case of a nonconforming application, to correct the nonconforming application, provided that hsns notifies e.piphany of the nonconformity within the warranty period and hsns has installed all updates and, if e.piphany is unable to do so, hsns shall be entitled to terminate the application license and recover the fees paid to e.piphany for such application; (ii) in the case of defective media, to replace such defective media, provided that hsns returns such defective media during the warranty period; (iii) in the case of infringing application, the indemnity contained in section 10.1 (""e.piphany intellectual property indemnify"") and (iv) in the case of services to which the breach of warranty relate, the correction of defective work so as to comply with generally accepted industry standards.', 'in the event of termination by either party in accordance with any of the provisions of this agreement, neither party shall be liable to the other, because of such termination, for compensation, reimbursement or damages on account of the loss of prospective profits or anticipated sales or on account of expenditures, inventory, investments, leases or commitments in connection with the business or goodwill of e.piphany or hsns.']",Cap On Liability,Cap On Liability,Cap On Liability,Cap On Liability,Agreement,0.6861,0.4974,400,False
583,"['notwithstanding any portion of the foregoing to the contrary, the non-competition period shall terminate prior to the end date, and for the avoidance of doubt, no party shall be obligated to comply with the restrictions set out in section 8.1 after the termination of the non-competition period:', 'each party agrees that, from the effective date and through the three (3) month period (""enterprise non-competition period"") immediately following the date (""enterprise launch date"") that skype launches an enterprise version of the skype software primarily targeted for non-consumer customers (""enterprise skype software""), no party, nor any of their respective subsidiaries, will (i) discuss, negotiate or enter into (whether verbal or in writing) with any third person or other third party (""other party"") any understanding, arrangement, or memorandum of understanding, letter of intent, agreement or any other documents (whether or not legally binding); and/or (ii) voluntarily accept or solicit any offer made by any other party in respect of or in relation to, (a) in the case of skype, an enterprise co-branded internet-based application in simplified chinese that is focused on, and targeted primarily at, non-consumers within the prc, and that is substantially similar in functionality and features as the enterprise skype software, and (b) in the case of online bvi, tom holding and the company, any voice over internet protocol and/or instant messaging products or services that compete or are likely to compete with the enterprise skype software', 'each party agrees that, for a period of five years (""non-competition period"") from the effective date (""end date""), no party, nor any of their respective affiliates, will enter into an agreement with any third party, or otherwise carry on any business, directly or indirectly, which is focused on, and targets, primarily consumers within the prc, and (i) in the case of skype and skype holding, which provides for a co-branded internet-based application in simplified chinese similar in functionality and features as the company-skype branded application (as may be updated or upgraded from time to time) (and for the avoidance of doubt, a co-branded internet-based application in simplified chinese shall be similar in functionality and features as the company-skype branded application only in the event such application is a customized co-branded version of the skype software having one or more functionality or features contained in the company-skype branded application), or provides for distribution in the prc of the skype software in simplified chinese by a primarily prc based service provider; and (ii) in the case of online bvi, tom holding and the company, which provides for any voice over internet protocol and/or instant messaging products or services that compete or are likely to compete with the skype software.']",Non-Compete,Non-Compete,Competitive Restriction Exception,Competitive Restriction Exception,SVM,0.1888,0.1175,443,False
584,"[""except as permitted pursuant to article 13.1 hereof, neither party shall assign or transfer this agreement, or any and all related rights and obligations in the joint venture or all rights and all obligations in any related agreements, without the prior written consent of the other party, which consent may not be unreasonably withheld or delayed; provided, however, any party may assign any or all of its interests in this agreement or the operating company to a wholly-owned subsidiary (which shall at all times remain a wholly-owned subsidiary, and such subsidiary may be a partnership, limited liability company, or corporation) or commonly-owned affiliate of igene or t&l, as the case may be, provided that the ultimate parent company (e.g. igene or t&l, as the case may be) shall guarantee such subsidiary's or affiliate's performance hereunder.""]",Anti-Assignment,Anti-Assignment,Anti-Assignment,Anti-Assignment,DistilBERT,0.8971,0.87,135,False
585,"['at its discretion, excite@home may include up to five rotating links on the my excite start page (""mesp"").']",Volume Restriction,Minimum Commitment,Minimum Commitment,Minimum Commitment,Agreement,0.2029,0.0449,18,True
586,"['minimum payment schedule (all amounts are in us dollars):<omitted>payment year\n\nminimum payment access fee second component\n\nyear 1 $400,000 $300,000 $100,000 year 2 $700,000 $300,000 $400,000 year 3 $1,100,000 $300,000 $800,000 year 4 $1,600,000 $300,000 $1,300,000 year 5 $2,100,000 $300,000 $1,800,000', 'the minimum payment consists of the access fee of us$300,000 per annum and the second component that increases from year to year.']",Minimum Commitment,Minimum Commitment,Minimum Commitment,Minimum Commitment,Agreement,0.4206,0.2611,61,False
587,"[""subject to the terms and conditions of this agreement, application provider hereby grants to excite@home a royalty-free, non-exclusive, worldwide license to use, reproduce, distribute, transmit and publicly display the e-centives content in accordance with this agreement and to sub-license the application content to excite@home's wholly-owned subsidiaries or to joint ventures in which excite@home participates for the sole purpose of using, reproducing, distributing, transmitting and publicly displaying the e-centives content in accordance with this agreement, provided that no such sublicensing shall be to application provider named competitors.""]",Affiliate License-Licensee,License Grant,License Grant,License Grant,Agreement,0.4362,0.2542,86,False
588,"['except as specifically provided in the distribution agreement, conformis shall be prohibited from developing or assisting another in developing, or causing another to develop, patient-specific instrumentation for off-the-shelf knee implants for any third party in the field of orthopedics until january 1, 2032 (or earlier, to the extent set forth in section 2.3.3.4 or section 2.3.5 of the distribution agreement), with the exception that conformis (including any entity involved in a change of control of conformis, any such entity an ""acquirer""), may develop patient-specific instrumentation for any off-the- shelf implants of conformis, an acquirer or any of their affiliates.']",Affiliate License-Licensee,Non-Compete,Exclusivity,Exclusivity,SVM,0.2409,0.0814,99,False
589,"['in consideration for providing these services, mkos shall pay utek $120,000 in the form of unregistered shares of common stock (923,077 shares) upon the execution of this strategic alliance agreement.']",Revenue/Profit Sharing,Revenue/Profit Sharing,Revenue/Profit Sharing,Revenue/Profit Sharing,Agreement,0.644,0.5615,30,False
590,"['subject to the restrictions set out in section 2.2, energous hereby grants to dialog a non-exclusive (subject to section 2.5), irrevocable, worldwide, sub-licensable (solely in accordance with section 2.4), royalty-bearing license during the term under all product ip to: (a) repackage or have repackaged the product die into various package formats or layouts, and to integrate the product die into mcms, which may incorporate dialog or third party intellectual property (such repackaged product die, mcms and products, are individually and/or collectively referred to as the ""licensed products""); (b) have the licensed products manufactured, tested and packaged by manufacturing subcontractors; (c) sell, offer for sale, import, export and support the licensed products, including without limitation, providing system design, troubleshooting and failure analysis support for dialog\'s customers and their customers; (d) use and modify the tooling and documentation for the purposes of paragraphs (a) to (d) of this section 2.1.<omitted>""product ip"" means (a) all intellectual property rights in and to the products, including all product updates, (b) any other inventions and work products created or developed in connection with research and development or manufacturing efforts relating to the products, including all intellectual property rights therein and (c) all intellectual property rights in and to the mask sets and tooling, in each of the foregoing cases, that are owned or controlled by energous, its affiliates or any successor or assign.']",Affiliate License-Licensor,License Grant,License Grant,License Grant,Agreement,0.3967,0.2218,227,False
591,"['royalty payments are payable from thi to marv enterprises, llc and will be in the amount of 5% of the fair market value of: a. licensed product that is sold, leased or put into use by the thi or any related companies in the preceding calendar quarter; and b. any service performed by thi or any related companies that directly or indirectly uses licensed product.', ""in addition to the 5% amount calculated pursuant to the preceding paragraph, there shall be an identical 5% amount to be paid from thi, per premier's consideration, to certain shareholders of premier, as identified by premier, as of a record date to be determined in the future, on an annual basis, commencing on the one-year anniversary of this agreement until a total amount of $40,000,000 has been paid to premier.""]",Revenue/Profit Sharing,Revenue/Profit Sharing,Revenue/Profit Sharing,Revenue/Profit Sharing,Agreement,0.6189,0.5103,135,False
592,"[""nothwithstanding the foregoing, this agreement may be assigned without the as parties' consent by musclepharm in connection with a change of control transaction; provided that the acquirer of musclepharm shall have financial resources substantially similar or greater than musclepharm and shall specifically assume the obligations of musclepharm under this agreement in writing prior to the consummation of the change of control transaction."", 'neither party shall voluntarily or by operation of law assign or otherwise transfer the rights and/or obligations incurred pursuant to the terms of this agreement without the prior written consent of the other party.']",Change Of Control,Anti-Assignment,Anti-Assignment,Anti-Assignment,DistilBERT,0.832,0.7617,96,False
593,"['notwithstanding the foregoing, schoolpop shall fund from aeis a minimum of $52,000,000 of cards (the ""guaranteed minimum"") in each contract year in order to maintain the exclusive right to sell cards in the npo marketplace.', 'in any contract year in which schoolpop fails to fund the guaranteed minimum, aeis shall have the right, in its sole discretion, to (a) terminate the agreement or (b) revoke the exclusivity.', 'the parties agree that the minimum number required for the category card shall be not less than 70% of the consumer categories contained within exhibit 5; and the grocery card not less than 70% national coverage to launch each respectively.', 'in any consecutive three (3) month period in which the difference between the card inventory forecast less the actual card order volume for that period is a shortage of ten percent or greater (10%+), aeis reserves the right to assess a penalty, (""card inventory penalty"") of sixteen and one-half cents ($0.165) per card for such difference as detailed in examples 1 and 2 below.']",Minimum Commitment,Minimum Commitment,Minimum Commitment,Minimum Commitment,Agreement,0.4639,0.3689,171,False
594,"['notwithstanding the foregoing, in no event shall either equifax or certegy, or any member of their respective group, have any liability, whether based on contract, tort (including, without limitation, negligence or strict liability), warranty or any other legal or equitable<omitted>grounds, for any punitive, consequential, indirect, exemplary, special or incidental loss or damage suffered by the other arising from or related to this agreement, including without limitation, loss of data, profits, interest or revenue, or interruption of business, even if such party has been informed of or might otherwise anticipated or foreseen the possibility of such losses or damages; provided, however, that such limitations shall not apply to liabilities which may arise as the result of willful misconduct of a party.']",Cap On Liability,Cap On Liability,Cap On Liability,Cap On Liability,Agreement,0.6726,0.4752,120,False
595,"[""at any time the company and its agents and representatives may physically inspect any documents, files or other records relating to the renewable note program and discuss the same with the contractor's officers and employees."", ""such reasonable additional action includes, but is not limited to, cooperating with company in verification of contractor's compliance, such as by providing copies of certificates of insurance and of other books and records of contractor, and by permitting inspection of the premises, books and records of contractor."", ""the contractor shall supply copies of any such documents, files, or other records upon the request of the company, as soon as is reasonably and commercially practicable at the company's cost and expense.""]",Audit Rights,Audit Rights,Audit Rights,Audit Rights,DistilBERT,0.8445,0.8313,115,False
596,"[""the maximum amount of information downloaded from the company's server to the counter manifest station will be 15 kilobytes or less per package processed.""]",Volume Restriction,Minimum Commitment,Volume Restriction,Volume Restriction,SVM,0.3573,0.22,24,False
597,"[""m&i hereby grants to customer a non-exclusive, non-transferable license, through the end of the term, to use the source code (including the right to make modifications thereto) on the terms and conditions set forth in this article 23, upon payment of the then current license fees and the occurrence of the following events:\n\n a. m&i ceases to do business or refuses to provide the services to customer; or\n\n b. a voluntary or involuntary petition is commenced by or against m&i under any federal or state bankruptcy law, or a trustee in bankruptcy fails to timely assume this agreement as an executory contract, or a substantial part of m&i's property or assets become subject to levy or seizure by any creditor and, in the case of an involuntary petition, the same is not dismissed within sixty (60) days after filing.""]",License Grant,License Grant,Non-Transferable License,Non-Transferable License,SVM,0.3436,0.0659,139,False
598,"['equifax hereby grants, and will cause each member of the equifax group to grant, to certegy and each member of the certegy group a fully paid, non- exclusive, worldwide, non-transferable right to continue to use the equifax marks employed in the certegy business, but only to the extent such equifax marks were displayed by the certegy group prior to the distribution date (i) on the transferred equifax assets, (ii) on premises jointly occupied with equifax, and (iii) on letterhead, product and services documentation, invoices, software programs, packaging and similar materials used by the members of the certegy group, and such equifax marks are used in accordance with the guidelines for usage of the equifax marks published and amended by equifax from time to time.', 'certegy hereby grants, and will cause the other members of the certegy group to grant, to equifax a fully paid, non-exclusive, perpetual, worldwide, non-transferable license to use, modify, copy, improve, create derivative works and equifax enhancements from, and sublicense the licensed certegy materials (excluding the utility software programs) solely for use in the equifax business and as that business may evolve and change in the future, subject to the following:\n\n (i) equifax shall not sublicense, or otherwise disclose or distribute, or permit any person to use, the licensed certegy materials (excluding the utility software programs), except in accordance with section 4.4(b);\n\n (ii) equifax shall hold the licensed certegy materials (excluding the utility software programs) in strict confidence; will not remove or destroy any proprietary markings of the certegy group on or contained in the licensed certegy materials (excluding the\n\n\n\n\n\n utility software programs); and will include the copyright and patent notices of the licensor as specified from time to time by the licensor for the licensed certegy materials (excluding the utility software programs) on and in all copies of the licensed certegy materials (excluding the utility software programs);\n\n (iii) equifax shall not export or re-export the licensed certegy materials (excluding the utility software programs) without the appropriate united states or foreign government license; and\n\n (iv) all sublicenses from equifax to members of the equifax group (a) shall contain the rights and restrictions set forth in this section 4.4(a) with respect to the license granted to equifax and comply with sections 4.4(b) through (d) hereof and (b) shall be diligently enforced by equifax.', 'certegy hereby grants, and will cause each member of the certegy group to grant, to equifax and each member of the equifax group a fully paid, non- exclusive, worldwide, non-<omitted>transferable right to continue to use the marks that were owned immediately prior to the distribution date by a member of the certegy group and employed in the equifax business, but only to the extent such marks were displayed by the equifax group prior to the distribution date (i) on assets owned by equifax or any member of the equifax group (other than the transferred assets), (ii) on premises jointly occupied with one or more members of the certegy group, and (iii) on letterhead, product and services documentation, invoices, software programs, packaging and similar materials used by the members of the equifax group, and such marks are used in accordance with the same guidelines for usage as the equifax marks as described in subsection (a) above.', 'equifax hereby grants, and will cause the other members of the equifax group to grant, to certegy a fully paid, non-exclusive, perpetual, worldwide, non-transferable license to use, modify, copy, improve, create derivative works and certegy enhancements from, and sublicense the licensed equifax materials (excluding the utility software programs) solely for use in the certegy business and as that business may evolve and change in the future, subject to the following:\n\n (i) certegy shall not sublicense, or otherwise disclose or distribute, or permit any person to use, the licensed equifax materials (excluding the utility software programs), except in accordance with section 4.1(b);\n\n (ii) certegy shall hold the licensed equifax materials (excluding the utility software programs) in strict confidence; will not remove or destroy any proprietary markings of the equifax group on or contained in the licensed equifax materials (excluding the utility<omitted>software programs); and will include the copyright and patent notices of the licensor as specified from time to time by the licensor for the licensed equifax materials (excluding the utility software programs) on and in all copies of the licensed equifax materials (excluding the utility software programs);\n\n (iii) certegy shall not export or re-export the licensed equifax materials (excluding the utility software programs) without the appropriate united states or foreign government licenses; and\n\n (iv) all sublicenses from certegy to members of the certegy group (a)\n\n\n\n\n\n shall contain the rights and restrictions set forth in this section 4.1(a) with respect to the license granted to certegy and comply with sections 4.1(b) through (d) hereof and (b) shall be diligently enforced by certegy.', 'without limiting the foregoing, certegy hereby grants, and will cause\n\n\n\n\n\nthe other members of the certegy group to grant, to equifax a fully paid, non- exclusive, perpetual, worldwide, transferable license to use, modify, improve, create derivative works from, and sublicense, the utility software programs (in both object and source code format) identified on exhibit l as being owned by certegy or a member of the certegy group for any and all fields of use and to any and all persons.']",Non-Transferable License,License Grant,Affiliate License-Licensor,Affiliate License-Licensor,SVM,0.3675,0.134,879,False
599,"['at the end of such [*] ([*]) year period, hswi shall have the right to renew the agreement under materially the same terms or shall have an option to purchase the translated content outright to the extent rights permit and to the extent the parties mutually agree to terms for such sale.', 'additionally commencing on the effective date and continuing for eighteen (18) months, world book shall offer hswi a right of first refusal to create any paid-subscription chinese language websites, which do not exist as of the date hereof, using the content on equal or better terms as agreed to between world book and a third party.']",Rofr/Rofo/Rofn,Rofr/Rofo/Rofn,Rofr/Rofo/Rofn,Rofr/Rofo/Rofn,Agreement,0.1997,0.0411,108,False
600,"[""except for damages arising from breach of sections 6.c and 12,13 or 17, in no event well distributor's total liability for any damages in any action based on or arising out of or in connection with the agreement exceed the [*] to netgear pursuant to the agreement."", ""except for damages arising under sections 14.a and 16.a, in no event will netgear's or bay networks' total liability for any damages in any action based on or arising out of or in connection with the agreement exceed the [*] to netgear pursuant to the agreement.""]",Uncapped Liability,Cap On Liability,Cap On Liability,Cap On Liability,Agreement,0.6637,0.4695,93,False
601,"['if company is required to pay running royalties on any patent rights not licensed hereunder (""other royalties"") in order to make, use or sell a particular licensed product or licensed service, company shall be entitled to credit half (50%) of such other royalties against the earned royalty due, but the earned royalties shall not be reduced below fifty percent (50%) of those that would otherwise be due jhu for that licensed product or licensed service.', 'company shall pay to jhu, a running royalty as set forth in exhibit a, for each licensed product(s) sold and each licensed service(s) provided, based upon net sales and net service revenues respectively, for the term of this agreement.', 'company shall pay an annual earned royalty as follows: 2.1.1 four percent (4%) of the sum of net revenues.', 'in addition, company shall issue to jhu that number of shares of common stock representing five percent (5%) of the outstanding common and preferred shares on a fully diluted basis of company pursuant to an agreed upon stock purchase agreement between company and jhu.', ""as consideration for jhu's grant of a license to company under this agreement, company shall pay to jhu a license fee, cash and equity, as set forth in exhibit a within thirty (30) days of the effective date."", 'company shall pay to jhu minimum annual royalties as set forth in exhibit a.', 'the stock purchase agreement shall contain provisions protecting jhu against dilution of its equity interest in the event the post-money valuation of any equity investment is less than two million dollars ($2,000,000), and it will also contain a provision for the piggy-back registration of common shares with any other class of stock in an initial public offering. if company proposes to sell any equity securities or securities that are convertible into equity securities of company (collectively, ""equity securities"") in any new round of financing, then company shall offer jhu and/or its assignee (as defined below) an opportunity to purchase either: (i) up to that portion of the equity securities that equals jhu\'s then current, fully-diluted percentage ownership interest in company, or (ii) if the percentage offered for sale by company is less, then up to five percent (5%) of the equity securities offered for sale. such offer to purchase shall be on the same terms and conditions as are offered with respect to such equity securities sold in such financing. for purposes of this section 7 of exhibit a, the term ""assignee"" means: (a) any entity to which jhu\'s preemptive rights have been assigned either by jhu or by another entity, or (b) any entity that is controlled by jhu.']",Revenue/Profit Sharing,Revenue/Profit Sharing,Revenue/Profit Sharing,Revenue/Profit Sharing,Agreement,0.6839,0.6093,439,False
602,"['customer may terminate this agreement, or any portion of services specified herein, for convenience by: providing at least sixty (60) days prior written notice to ibm; and paying the applicable early termination charges specified in attachment c.']",Termination For Convenience,Termination For Convenience,Termination For Convenience,Termination For Convenience,DistilBERT,0.8412,0.8156,37,False
603,"['subject to the terms and conditions of this agreement, and in consideration for the payments to bli under this agreement, during the term, bli, on behalf of itself and its affiliates, hereby grants and shall grant to ginkgo a non-exclusive, sublicensable (solely in accordance with section 9.1.4 (consent to sublicense)), non-transferable, non-royalty-bearing (subject to section 13.3.2 (effects of termination based upon ginkgo buy-down election)) worldwide license in, to and under (i) bli background ip, and (ii) other intellectual property that is controlled by bli and that is [***] bli inventions, with both of (i) and (ii) being limited to what is necessary for ginkgo to [***] and (iii) the collaboration intellectual property solely to:\n\n(a) perform research [***] on biological entities, including organisms, cells and strains (and sub-components thereof);\n\n(b) (i) design and develop (a) collaboration workflows as generally contemplated under a workflow development plan and (b) ginkgo workflows as permitted under this agreement and (ii) use [***] workflows to conduct the activities set forth in clause (a) and clause (c) of this section 9.1.1 (scope of grants);\n\n(c) perform commercial research [***] and other commercial services for third parties; and\n\n(d) in each case of clauses (a) through (c) of this section 9.1.1 (scope of grants), the license granted is for activities solely within the licensed field.']",Non-Transferable License,License Grant,Affiliate License-Licensor,Affiliate License-Licensor,SVM,0.3207,0.0547,214,False
604,"[""neither party any assign this agreement, or their respective rights and obligations hereunder, in whole or in part, without the other party's prior written consent; provided, however, that tadeo shall be entitled to assign all of its rights and obligations hereunder to any subsidiary or affiliated entity without the consent of diplomat."", 'any attempt to assign this agreement without such consent (if required) shall be void and of no effect ab initio.']",Anti-Assignment,Anti-Assignment,Anti-Assignment,Anti-Assignment,DistilBERT,0.9314,0.9211,72,False
605,['this agreement may not be assigned or delegated by affiliate without prior written consent from network 1.'],Anti-Assignment,Anti-Assignment,Anti-Assignment,Anti-Assignment,DistilBERT,0.9338,0.9239,17,True
606,"['the developer shall not develop, maintain or market a similar platform and will not compete with the client directly or indirectly worldwide.']",Non-Compete,Non-Compete,Non-Compete,Non-Compete,Agreement,0.3777,0.2836,22,False
607,"[""upon receipt from ivillage of the proposed bridge site design and content, fmm shall have no more than five (5) business days in which to provide ivillage with its acceptance or rejection of the design and content. if ivillage does not receive fmm's acceptance or rejection of such within the allotted time, ivillage shall deem fmm's silence as acceptance.""]",Warranty Duration,Warranty Duration,Warranty Duration,Warranty Duration,Agreement,0.2465,0.1421,59,False
608,['it is agreed that ownership of no more than 1% of the outstanding voting stock of a publicly traded corporation will not constitute a violation of section 7.3.'],Competitive Restriction Exception,Non-Compete,Competitive Restriction Exception,Competitive Restriction Exception,SVM,0.1124,0.0091,28,False
609,"['except for [*] caused by a [*] of<omitted>section [*], neither party shall be [*] (in [*] with or pursuant to this agreement and the ancillary agreements taken as a whole) for any [*], [*] or [*] [*] (including [*]) [*] of [*] ([*]) [*] of the [*] of [*], even if [*] had been [*] of the [*] of such [*].']",Cap On Liability,Cap On Liability,Uncapped Liability,Uncapped Liability,SVM,0.2847,0.1466,61,False
610,"['all intellectual property during the project is owned by val, and will be turned over to val at the conclusion of the project by developer and after the fulfillment of all commercial obligations by the val.', 'all rights and title to duesey coffee intellectual property created pursuant to the project shall belong to val and shall be subject to the terms and conditions of this agreement.']",Ip Ownership Assignment,Ip Ownership Assignment,Ip Ownership Assignment,Ip Ownership Assignment,Agreement,0.5125,0.4516,66,False
611,"['you agree that from and after the date hereof, you will not solicit, entice, induce to leave employment or hire directly or indirectly, any person who has been employed by us or by our affiliates or franchisees within the previous twelve (12) month period.', 'you covenant that during the term of this agreement, except as otherwise approved in writing by us, you will not, either directly or indirectly, for yourself, or through, on behalf of, or in conjunction with any person, persons, partnership, corporation or company:<omitted>2. employ or seek to employ any person who is at that time employed by us, our affiliates, or by any other franchisee of ours, or otherwise directly or indirectly induce or seek to induce such person to leave his or her employment thereat.']",No-Solicit Of Employees,No-Solicit Of Employees,No-Solicit Of Employees,No-Solicit Of Employees,Agreement,0.3286,0.2659,129,False
612,"['supplier shall not charge cutanea for time and expenses incurred by supplier (or its agents and subcontractors) in connection with an annual audit.', 'such inspection shall be undertaken by an independent public accountant or accounting firm appointed by the requesting party and about whom the other party does not express a legitimate concern.', 'for the avoidance of doubt, this restricted annual audit shall not apply to for-cause audits, which may be conducted at any time.', ""supplier shall use its commercially reasonable efforts to permit cutanea to have access to supplier's (and its agents' and subcontractors') facilities upon reasonable notice, during normal business hours for any reasonable purpose, including compliance with current good manufacturing practices and the act."", 'without limiting the generality of the foregoing, but subject to the quality agreement, supplier shall use its commercially reasonable efforts to permit cutanea to conduct, once annually during the term, one quality assurance and manufacturing costs audit for any reasonable purpose, including access to those portions of supplier\'s (and its agent\'s and subcontractor\'s) facilities where services are conducted under this agreement, upon reasonable advance notice and at reasonable times during regular business hours (an ""annual audit"").', 'both parties must also (1) make and keep books, records and accounts, which, in reasonable detail, accurately and fairly reflect the transactions and dispositions of assets of the company, (2) devise and maintain a system of internal accounting controls, and (3) at any time a party so requests in writing, but no more than once a year, grant to the other party commercially reasonable access to said books, records, systems and accounts to verify compliance.']",Audit Rights,Audit Rights,Audit Rights,Audit Rights,DistilBERT,0.869,0.8582,268,False
613,"['each of smbc/nikko and moelis holdings agrees not to solicit or hire any employee of the other party during the term of this agreement and for a period of 12 months thereafter; provided, however, that the foregoing restriction shall not apply to general solicitations to the public that are not specifically directed to employees of other party (or employment of applicants to such solicitations).']",No-Solicit Of Employees,No-Solicit Of Employees,No-Solicit Of Employees,No-Solicit Of Employees,Agreement,0.3741,0.3288,64,False
614,"[""at the supplier's option, on termination of this agreement:\n\n(a) the supplier may buy from the distributor all or any stocks of products for the current market value for those products. the distributor must deliver such products to the supplier within 14 days of receiving the supplier's notice, and the supplier must pay for the products in full within 30 days of their delivery. the supplier shall be responsible for the costs of packaging, insurance and carriage of the products; or\n\n(b) the distributor may dispose of the balance of the products in its possession and account to the supplier for the price for those products;""]",Post-Termination Services,Post-Termination Services,Post-Termination Services,Post-Termination Services,Agreement,0.5303,0.465,104,False
615,"['in addition, within twenty-five (25) months after the termination or expiration of the term and on a product-by-product basis, eton shall perform a final ""true-up"" reconciliation and shall provide aucta with a written report of such outlining the deductions specified in the definition of net sales.', ""after termination is effective and aucta assumes control of the product, eton will provide, to the extent practicable, transition services to aucta to include assistance with product distribution, processing of rebates, drug safety, etc. at aucta's cost for such services, for a reasonable period of time as mutually determined by the parties but not to exceed one hundred eighty (180) days following termination so that aucta can get its own such services in place."", ""if this agreement is terminated by aucta under section 11.2 or 11.3, then (a) eton shall have the right to, and aucta shall hereby grant eton a license to, market or otherwise dispose of any existing inventory of any products then in eton's possession subject to paying all royalties and other amounts due hereunder for such sales, (b) aucta may keep all the payments under section 6 paid by eton up to the point of termination and for eton's disposal of remaining inventory and aucta is free to commercialize or relicense the product with no further obligations owed to eton, (c) eton shall refrain from holding itself out as aucta's distributor, in particular, eliminate any reference to the product and aucta from its business, trade style and promotional material, and (d) eton shall transfer all rights, licenses within thirty (30) days of termination.""]",Post-Termination Services,Post-Termination Services,Post-Termination Services,Post-Termination Services,DistilBERT,0.7004,0.6764,263,False
616,['supply of drugs/medications and spare parts during and after the warranty period.'],Warranty Duration,Warranty Duration,Warranty Duration,Warranty Duration,Agreement,0.2932,0.1993,12,True
617,"[""except (i) in the event of the fraud of a party or of a party's breach of its obligations under article 7 (intellectual property) or article 10 (confidentiality), or (ii) to the extent any such damages are required to be paid to a third party as part of a claim for which a party provides indemnification under this article 9, neither party nor any of its affiliates or sublicensees shall be liable to the other in contract, tort, negligence, breach of statutory duty or otherwise for any indirect, incidental, consequential, special, punitive, remote, exemplary or speculative damages or other damages that are not probable and reasonably foreseeable and irrespective of whether that party or any representative of that party has been advised of, or otherwise might have anticipated the possibility of, any such loss or damage; provided, for clarity, [***].""]",Uncapped Liability,Cap On Liability,Cap On Liability,Cap On Liability,Agreement,0.6802,0.4874,140,False
618,"[""excite may, upon no less than thirty (30) days prior written notice to sponsor, cause an independent certified public accountant to inspect the records of sponsor reasonably related to the calculation of such payments during sponsor's normal business hours."", 'the fees charged by such certified public accountant in connection with the inspection will be paid by excite unless the payments made to excite are determined to have been less than ninety percent (90%) of the payment owed to excite, in which case sponsor will be responsible for the payment of the reasonable fees for such inspection.']",Audit Rights,Audit Rights,Audit Rights,Audit Rights,DistilBERT,0.8604,0.8486,96,False
619,"['if parent enters an agreement to transfer the license granted to it under this section 3.1 in connection with any sale or transfer of a parent business, then spinco and members of the spinco group shall be made third party beneficiaries under such transfer agreement to enforce breaches of the license', 'if spinco enters an agreement to transfer the license granted to it under this section 3.2 in connection with any sale or transfer of a spinco business, then parent and members of the parent group shall be made third party beneficiaries under such transfer agreement to enforce breaches of the license.']",Change Of Control,Change Of Control,Non-Transferable License,Non-Transferable License,SVM,0.1577,0.082,102,False
620,"[""consultant agrees that during its consultancy for reit and for a period of twelve (12) months immediately following the termination of its consultancy with the company for any reason, whether with or without cause, it will not, for itself or any other person or entity: (a) solicit, induce, recruit or encourage any of the company's employees, contractors, independent contractors or any person who provides services to the company to terminate or reduce their employment or other relationship with the company; (b) hire any individual who is (or was within the six (6) months immediately preceding such hiring, unless such employee was terminated from such employment by company) an employee, exclusive contractor, or exclusive independent contractor of the company; or (c) attempt to do any of the foregoing.""]",No-Solicit Of Employees,No-Solicit Of Employees,No-Solicit Of Employees,No-Solicit Of Employees,Agreement,0.3681,0.3197,127,False
621,"['hswi may not sublicense the content, images or affinities to any paid-subscription website which is an aggregator of third-party content (for the avoidance of doubt, such shall not include the<omitted>hswi websites).', 'subject to the terms and conditions set forth herein, world book hereby grants to hswi, a perpetual, irrevocable limited license to use, copy, store, archive, distribute, transmit, modify (subject to section 2.1(iv)), and display the content, images and affinities in whole or in part, only on the hswi websites or in promotions in any media for the hswi websites.', 'world book grants hswi the right to use, copy, store, archive, distribute, transmit, modify, translate (subject to section 2.3), and display the images as part of the affinity.', 'in addition, world book grants hswi the right to sub-license the content for business development purposes, with no more than [*] ([*]%) of the content being licensed to any single third party, and in limited, non-material usage in other mediums for promotional or public relations purposes.', ""world book further grants hswi the right to sub-license the content, images and affinities to users of the hswi websites to view, to store, and to make reasonable copies of the content, images and affinities to use such content, images and affinities for non-commercial, private purposes, provided that hswi sets forth the limited terms of such sublicense in writing in the hswi websites' terms and conditions."", 'subject to the terms and conditions of this agreement, world book grants hswi the right to use, copy, store, archive, distribute, transmit, modify, translate (subject to section 2.3), and display the content that comprises the affinities as part of the affinities, and the affinities themselves, in any manner and in any digital media (and to sublicense such rights to third parties), provided that hswi does not resell all or license substantially all of the content for a fee to other content publishers.']",License Grant,License Grant,Non-Transferable License,Non-Transferable License,SVM,0.445,0.2707,312,False
622,"['without prejudice to the above, cbc shall maintain, or shall cause to be maintained with respect to itself and each of its affiliates, such types and levels of insurance (including, without limitation, third party and product liability insurance), as are customary in the pharmaceutical or manufacturing industry to provide coverage for their activities contemplated hereby.', 'upon request, cbc shall furnish mediwound certification of insurance (and/or true copies of policies) showing the above coverage, signed by an authorized agent of the insurance company, certifying that liability assumed under this agreement is fully insured without exception, and providing for at least thirty (30) days prior written notice.', 'in order to provide insurance coverage for cbc responsibilities, obligations and undertakings as set out under this agreement and/or as required under any law with<omitted>respect to the manufacturing of bromelain sp, cbc undertakes, at its sole cost and expense, to take out and maintain an ""all risk"" insurance against loss of and destruction or damage to the facility (including fire, theft and vandalism, etc.), third party liability insurance, product liability insurance for the bromelain sp and employers liability insurance.']",Insurance,Insurance,Insurance,Insurance,DistilBERT,0.8718,0.8612,184,False
623,"['oceanic time warner cable will use the content solely on channel 777, the las vegas channel.', 'watchit shall have the exclusive right to sell third party advertising as sponsors of their content and will have the right to brand the content under the watchit brand and place a ""bug"" on the screen identifying the content with a watchit trademark.']",Exclusivity,Exclusivity,Exclusivity,Exclusivity,Agreement,0.3128,0.0824,59,False
624,"['diplomat will be required to notify tadeo at least five business days before the date of planned examination.', ""if diplomat's examination is not completed within one month from commencement, tadeo at any time may require diplomat to terminate such examination on<omitted>seven days' notice to diplomat; provided that tadeo has cooperated with diplomat in the examination of such books and records."", ""diplomat may make examinations pursuant hereto during tadeo's usual business hours, and at the place in the continental united states where tadeo regularly keeps these books and records.""]",Audit Rights,Audit Rights,Audit Rights,Audit Rights,Agreement,0.6943,0.6646,88,False
625,"['the nfla agrees to license such rights to the company.', 'company acknowledges that this agreement does not grant company any rights with respect to any other nfla marks (defined below), the name, likeness, signature, or other attributes of any nfla member or other individual, or any audio or video of any nfla event.', 'in consideration of the remuneration to be paid to the nfla-nc pursuant to this agreement, the nfla grants to company and to its authorized distributors and sublicenses the right and license during the contract period to use the nfla identification solely in connection with the advertisement, marketing and promotion of the products within the contract territory as set forth in this agreement.']",License Grant,License Grant,License Grant,License Grant,Agreement,0.3939,0.242,115,False
626,"[""to determine whether franchisee and the unit are complying with this agreement and with all pretzel time's standards and operations as prescribed by pretzel time, pretzel time or its designated agents shall have the right at any reasonable time and without prior notice to franchisee to:\n\n a. inspect the unit;\n\n b. observe, photograph and video tape the unit's operations for such consecutive or intermittent periods as pretzel time deems necessary;\n\n c. remove samples of any products, materials or supplies for testing and analysis;\n\n d. interview personnel of the unit;\n\n e. interview customers of the unit; and\n\n f. inspect and copy any books, records and documents relating to the operation of the unit. franchisee agrees to cooperate fully with pretzel time in connection with any such inspections, observations, photographing, video taping, product removal and interviews. franchisee shall present to his customers such comment or evaluation forms as pretzel time periodically prescribes and shall participate and/or request his customers to participate in any surveys performed by or on behalf of pretzel time."", ""the audit will be conducted at the expense of pretzel time, provided that if an audit disclosed an understatement of two percent (2%), as described above, franchisee will bear the cost of the audit, including without limitation, the charges of attorneys and any independent accountants, their travel expenses, room and board, and compensation of pretzel time's representatives and independent accountants."", 'pretzel time or its designee shall have the right at any time during business hours and without prior notice to franchisee, to inspect, audit and copy or the right to cause to be inspected, audited and copied, the business records, bookkeeping and accounting records, sales and income tax records and returns and other records of the franchised business, including but not limited to, daily cash reports, cash receipts journal and general ledger, cash disbursements journal and weekly payroll register, monthly bank statements and daily deposit slips and cancelled checks; tax returns, supplier invoices, dated cash register tapes, weekly inventories, sales reports, financial statements and tax returns and the books and records of any corporation or partnership which holds the franchise including the personal financial records and tax returns of the franchisee during and after the term of the franchise agreement.', 'providing that in no case will franchisee be obligated to pay more than ten thousand dollars ($10,000) for such inspection or audit costs.', ""franchisee shall fully cooperate with pretzel time's representatives and independent accountants hired by pretzel time to conduct any such inspection or audit.""]",Audit Rights,Audit Rights,Audit Rights,Audit Rights,DistilBERT,0.8674,0.8545,415,False
627,"[""except with respect to damages that arise due to a party's breach of confidentiality (article 12) or indemnification obligations (article 11), in no event will either party be liable to the other for consequential, indirect, special, exemplary or punitive damages for any cause of action, whether in contract, tort or otherwise, including lost revenues, profits or business opportunities arising out of or in connection with this agreement, whether or not the other party was or should have been aware of the possibility of these damages. except with respect to damages that arise due to a party's breach of confidentiality (article 12) or indemnification obligations (article 11), the liability of either party under this agreement (whether by reason of breach of contract, tort, or otherwise) with respect to a given claim shall not exceed an amount equal to [***].""]",Cap On Liability,Cap On Liability,Uncapped Liability,Uncapped Liability,SVM,0.6778,0.4851,138,False
628,"['in addition, upon the expiration or earlier termination of this agreement:\n\n(a) if vericel terminates the agreement for breach or mediwound terminates in accordance with section 8.5, vericel shall have the option of [***]\n\n(b) vericel shall pay to mediwound: (i) all amounts outstanding and remaining to be paid for product supplied prior to such expiration or termination or under any other obligation under the agreement; (ii) all amounts for product in the binding forecasts and binding orders prior to the expiration or termination, provided that mediwound delivers such product in accordance with the terms of this agreement; (iii) all amounts representing the purchase by mediwound of materials in reliance upon the binding forecasts and binding orders (if mediwound is unable to cancel (without incurring any costs) or otherwise use such materials); and (iv) all amounts representing remaining inventory of product and all product work in process undertaken in accordance with the binding forecasts or binding orders or undertaken otherwise in accordance with the terms of this agreement.']",Post-Termination Services,Post-Termination Services,Post-Termination Services,Post-Termination Services,Agreement,0.403,0.3102,166,False
629,"['if the aggregate actual number of details for the product made by the sales representatives for a calendar quarter is less than the quarterly minimum details for such calendar quarter, then in calculating the promotion fee due under section 6.1.1, the applicable percentage for such calendar quarter shall be reduced to a new percentage equal to [***].', 'if the quarterly average sales force size is less than [***] sales representatives for an applicable calendar quarter, then in calculating the promotion fee due under section 6.1.1, the applicable percentage for such calendar quarter shall be reduced to a new percentage equal to [***].', 'commencing with the calendar quarter commencing on october 1, 2018, as consideration for the valeant activities performed by valeant, dova shall pay valeant a promotion fee based on annual net sales during the term, calculated as follows:\n\n(a) for any portion of net sales up to and equal [***] in a calendar year, an amount equal to [***] of such portion of net sales;\n\n(b) for any portion of net sales in excess of [***] and up to and equal [***] in a calendar year, an amount equal to [***] of such portion of net sales; and\n\n(c) for any portion of net sales in excess of [***] in a calendar year, [***] of such portion of net sales.']",Revenue/Profit Sharing,Revenue/Profit Sharing,Revenue/Profit Sharing,Revenue/Profit Sharing,Agreement,0.5093,0.3356,218,False
630,['distributor may continue running the products solely for purposes of providing maintenance to end-users granted licenses pursuant to an end-user license agreement prior to termination.'],Post-Termination Services,Post-Termination Services,Post-Termination Services,Post-Termination Services,Agreement,0.5403,0.5047,25,False
631,"['customer acknowledges that the termination for convenience fee and the termination for cause fee are each a reasonable approximation of such damages and shall be deemed to be liquidated damages and not a penalty.', 'if m&i terminates this agreement following an event of default on the part of customer, or if customer terminates this agreement in accordance with section 11.1 above without complying with the notification requirements set forth in section 11.1, then customer shall pay m&i a termination fee (""termination for cause fee"") in an amount equal to redacted of the estimated remaining value, payable as set forth in section 11.1 above.', 'customer may terminate this agreement during the term upon at least one (1) years\' written notice to m&i, provided that customer pays m&i an early termination fee (""termination for convenience fee"") in an amount equal to redacted of the estimated remaining value.']",Liquidated Damages,Liquidated Damages,Liquidated Damages,Liquidated Damages,Agreement,0.2173,0.0939,145,False
632,"['ehave shall be a third party beneficiary hereunder, but shall not have any obligations to the end user thereunder.']",Third Party Beneficiary,Anti-Assignment,Third Party Beneficiary,Third Party Beneficiary,SVM,0.1811,0.0865,19,True
633,"['until the earlier of (i) termination of energous\' exclusivity obligations to the key customer set forth in exhibit f (the ""key customer"") existing as of the effective date with respect to the following applications, or (ii) [***] that incorporates energous wireless charging technology, or (iii) [***] and subject to the exceptions set out in section 2.3, dialog will not be permitted to sell licensed products for use in the following applications (the ""excluded applications""): (a) [***];<omitted>(b) [***]; (c) [***]; (d) [***]; and (e) [***] designed for use with any of the applications in paragraphs (a) to (d) of this section 2.2.', 'energous hereby grants dialog a non-exclusive, non-transferable (except as set forth in section 2) license under the product ip to use any of the deposit materials released from escrow for the purpose of fixing an epidemic defect or other product design or production issue impacting yield or quality during the term and, if applicable, any wind down period or continuing obligation period, including, but not limited to, authorizing any third party subcontractor to manufacture and supply products, provided, however, that dialog continues to make all royalty payment owed to energous (or the then-current owner of the product ip) as provided in this agreement.', ""for the avoidance of doubt, dialog will be permitted to sell licensed products for use in any or all of the excluded applications (a) at any time on or after [***] or, if earlier, (b) [***] that incorporates energous wireless charging technology, or (c) upon the termination of energous' exclusivity obligations to the key customer existing as of the effective date with respect to the above applications."", 'to the extent the parties engage in any co-branding activities, then, subject to the terms and conditions of this agreement and during the term, each party (in such capacity, ""licensor"") hereby grants to the other party (in such capacity, ""licensee"") a non-exclusive, non- transferable, worldwide right and license (without the right to sublicense), under licensor\'s intellectual property rights in licensor\'s marks, to use those marks of licensor set forth in exhibit d solely in connection with the marketing, sale and distribution of such co-branded products in accordance with this agreement.', 'subject to the restrictions set out in section 2.2, energous hereby grants to dialog a non-exclusive (subject to section 2.5), irrevocable, worldwide, sub-licensable (solely in accordance with section 2.4), royalty-bearing license during the term under all product ip to: (a) repackage or have repackaged the product die into various package formats or layouts, and to integrate the product die into mcms, which may incorporate dialog or third party intellectual property (such repackaged product die, mcms and products, are individually and/or collectively referred to as the ""licensed products""); (b) have the licensed products manufactured, tested and packaged by manufacturing subcontractors; (c) sell, offer for sale, import, export and support the licensed products, including without limitation, providing system design, troubleshooting and failure analysis support for dialog\'s customers and their customers; (d) use and modify the tooling and documentation for the purposes of paragraphs (a) to (d) of this section 2.1.']",License Grant,License Grant,License Grant,License Grant,Agreement,0.3179,0.0382,509,False
634,"['hswi further agrees that until the expiration of [*] ([*]) year after the termination of this agreement, hswi will make available upon written request to world book or any of its duly authorized representatives, this agreement and books, documents, and records of hswi that are necessary to verify the nature and extent of the revenue derived by hswi from advertising related to the content hereunder.', 'hswi shall also provide reasonable assistance to world book or its designated agent to conduct audits to confirm the payments hereunder.', 'any such audit shall be conducted by an independent certified public accounting firm which is not engaged in performing other work for world book or its affiliates; which agrees to enter into a confidentiality agreement with hswi; and which is not compensated in any manner of contingency arrangements on the basis of its findings.', 'any such audit will be conducted upon [*] ([*]) days notice and during regular business hours, and shall be at [*] expense, unless such audit reveals a discrepancy of more than [*] percent ([*]%) in the total applicable amount reported by hswi, in which case [*] shall pay for, or reimburse [*] the cost of, such audit.', 'no more than [*] audit may be conducted in any [*] month period, unless the then-most-recent audit reveals a discrepancy of more than [*] percent ([*]%) in the total applicable amount reported by hswi.']",Audit Rights,Audit Rights,Audit Rights,Audit Rights,DistilBERT,0.8678,0.8531,231,False
635,"['notwithstanding the foregoing, excite may display excite search results links to netgrocer\'s competitors in excite search results pages in response to user queries, may display links to netgrocer\'s competitors in excite\'s general directory of web sites and, after giving netgrocer reasonable advance notice, in search results displayed in ""excite shopping service powered by jango"".', 'in the event that it is determined that excite violated the agreement by excluding a bona fide netgrocer competitor from exhibit a or displayed on the excite site advertising or promotional material from a bona fide netgrocer competitor, excite will be obligated to (i) immediately add the online supermarket to exhibit a, (ii) immediately remove from the excite site any advertising or promotional material from the online supermarket and (iii) provide netgrocer with advertising and promotional value, without additional cost, equal to the advertising and promotional value provided to the online supermarket prior to the removal of its advertising and promotional material from the excite site.']",Competitive Restriction Exception,Exclusivity,Non-Compete,Non-Compete,SVM,0.1421,0.0501,160,False
636,"['in the event e-house research and training institute becomes entitled to charge, invoice, or otherwise receive from, licensee any royalties, fees or other remuneration for use of the e-house licensed data and information pursuant to amendments to the master transaction agreement or through other means, licensor and licensee shall use good faith efforts to amend this agreement such that licensor becomes entitled to charge, invoice, or otherwise receive fees from licensee to use the licensed domain names and licensed content, such fees to be agreed upon by the parties, provided that (i) such fees shall be commercially reasonable and (ii) such fees shall not exceed the fees charged by licensor to unaffiliated third parties for use of the licensed content, taking into account any other consideration received by licensor (including, but not limited to, discounted services offerings from the third party).']",Most Favored Nation,Revenue/Profit Sharing,Revenue/Profit Sharing,Revenue/Profit Sharing,Agreement,0.2733,0.2069,141,False
637,"['ibm grants customer a nonexclusive, nontransferable, revocable license to access and use the base components solely in connection with the services as provided under this agreement.']",Non-Transferable License,License Grant,License Grant,License Grant,Agreement,0.3847,0.1538,26,False
638,"['the amount of coverage shall be a minimum of three million dollars ($3,000,000) combined single limit, with no deductible amount for each single occurrence for bodily injury and/or property damage.', 'in no event shall herc perform or promote the carry out the activities contemplated under this agreement or the trademark, trade name, domain and related rights license agreement prior to receipt by thc and hsi of evidence of insurance.', 'herc shall, throughout the term of this agreement, obtain and maintain at its own cost and expense, from a qualified aaa-rated insurance company, a standard liability insurance and business interruption policy along with advertising injury<omitted>protection, all of which must be acceptable to thc and hsi, and which must name thc and hsi as additional insureds.', 'herc agrees to furnish thc and hsi certificates of insurance evidencing same within thirty (30) days after the execution of this agreement.', 'herc shall provide for ten (10) days notice to thc and hsi in the event of any modification, cancellation or termination.', 'such policy shall provide, in addition to other protection, protection against any and all claims, demands, and causes of action arising out of any act, omission, negligence or otherwise giving rise to a third party claim.']",Insurance,Insurance,Insurance,Insurance,DistilBERT,0.8446,0.833,203,False
639,"['however, the parties agree that the remainco group may continue, beyond such 270-day period, to distribute copies of any existing inventory of its marketing literature, including technical papers, brochures, and printed promotional material, in existence on the distribution date, provided, however, that reasonable efforts are made to remove or cover up any spinco house marks appearing thereon prior to distribution.']",Post-Termination Services,Post-Termination Services,Post-Termination Services,Post-Termination Services,Agreement,0.4139,0.343,60,False
640,"['the price that sekisui shall pay for the reagent kits products shall be based upon a formula intended to ensure that sekisui will receive 90% of the total available margin for all products during the first 12 months of this agreement, 70% of the total available margin for all products during months 13-24 of this agreement, and 65% of the total available margin for all products thereafter.']",Revenue/Profit Sharing,Revenue/Profit Sharing,Revenue/Profit Sharing,Revenue/Profit Sharing,Agreement,0.3848,0.1164,67,False
641,"['this agreement may not be waived, amended or assigned without an agreed written and signed document, signed by both parties.']",Anti-Assignment,Anti-Assignment,Anti-Assignment,Anti-Assignment,DistilBERT,0.9165,0.904,20,True
642,['xfn may terminate this agreement by giving thirty (30) days written notice to the ceis.'],Termination For Convenience,Termination For Convenience,Termination For Convenience,Termination For Convenience,Agreement,0.8355,0.812,15,True
643,"[""company hereby appoints distributor as company's exclusive distributor within the market and grants to distributor the exclusive right to sell and distribute products within the market, and distributor hereby accepts such appointment and such grant, in accordance with the terms and conditions of this agreement."", 'the company hereby grants the distributor the right to do business and use the name ""electric city of illinois"" or a similar variation thereof (collectively the ""names"") for use under this agreement.']",License Grant,License Grant,Exclusivity,Exclusivity,SVM,0.3068,0.0398,77,False
644,"['bioamber hereby grants cargill, and cargill hereby accepts, an exclusive, worldwide, royalty-free license with an unlimited right to sublicense under and to bioamber improvements for use outside the field during the term of this development agreement.', 'the research license shall be provided to bioamber only, with no rights to sublicense and with no ""have made"" rights.']",Non-Transferable License,License Grant,Exclusivity,Exclusivity,SVM,0.409,0.2729,56,False
645,"['subject to the terms and conditions of this agreement, the company hereby grants to allscripts and its affiliates a non-exclusive, royalty- free, irrevocable [***] non-transferable (except in accordance with section 28.4), sublicensable (through multiple levels of sublicensees), fully paid- up right and license under all of the company\'s intellectual property to use the company\'s brands, trademarks, product and service names, logos and slogans (the ""company marks""), throughout the territory, solely in connection with the marketing, selling, or provision of the installed software and the subscription software services and merchant processing services permitted hereunder or to otherwise fulfill the terms of this agreement. [***].', ""subject to the terms and conditions of this agreement, allscripts hereby grants to the company a non-exclusive, royalty-free, irrevocable [***] non-transferable (except in accordance with section 28.4), fully paid-up right and license under all of allscripts' intellectual property to use the allscripts marks, throughout the territory, solely in connection with providing the installed software and subscription software services to sublicensed customers who have signed a customer agreement and to otherwise fulfill the terms of this agreement."", ""subject to the terms and conditions of this agreement, the company hereby grants to allscripts a non-exclusive, royalty-free, irrevocable , non-transferable (except in accordance with section 28.4), sublicensable (through multiple levels of sublicensees), fully paid-up right and license under all of the company's intellectual property to access, use, reproduce, perform, display, transmit, demonstrate, test, operate, port, configure, distribute, and make derivative works of the documentation, company marketing materials and allscripts marketing materials, in whole or in part, throughout the territory, for any purpose consistent with section 8.1, [***]."", ""subject to the terms and conditions of this agreement, the company hereby grants to allscripts and its affiliates a non- exclusive, royalty-free, irrevocable [***] non-transferable (except in accordance with section 28.4), sublicensable (through multiple levels of sublicensees), fully paid-up right and license under all of the company's intellectual property to, throughout the territory, access, use, reproduce, perform, display, modify, create derivative works of, transmit, demonstrate, test, operate, port, configure, distribute, and make available the installed software and subscription software services solely for the purposes of:\n\n(a) allscripts' and its affiliates' internal use of the installed software and subscription software services as permitted hereunder, including with respect to its marketing, selling, development, service, and support activities under this agreement, and including the training of allscripts employees, contractors, and other authorized representatives on the marketing, selling, planning, supporting, and use of the installed software, subscription software services or any integrated product with any allscripts products and services;<omitted>(b) the marketing, promoting, distributing, reselling, or provision of the installed software or the subscription software services, directly or through allscripts resellers or partnering organizations, in accordance with the terms and conditions of this agreement;\n\n(c) enabling allscripts products and services to interface or otherwise integrate, interact, or interoperate with the installed software and the subscription software services , including performing any integration or interface development efforts with respect to the installed software, subscription software services or any integrated product with any allscripts products and services, or internally testing, evaluating, and performing validation and verification with respect to the installed software, subscription software services or any integrated product with any allscripts products and services (it being understood that the foregoing activities will not affect the company's representations and warranties in section 21);\n\n(d) reselling subscriptions (through multiple levels of sublicensees) to (i) sublicensed customers pursuant to customer agreements in accordance with this agreement and (ii) allscripts' affiliates or to allscripts resellers or partnering organizations (subject to sections 2.4 and 2.5) to carry out any of the purposes set forth in this agreement;\n\n(e) creating backups and other copies of the installed software solely to the extent necessary to perform its obligations hereunder in the ordinary course of business;\n\n(f) managing, operating, and hosting (i) any installed software, (ii) the allscripts products that will interface with the installed software or subscription software services on behalf of sublicensed customers and (iii) authorizing its sublicensed customers, allscripts resellers or partnering organizations to do the same;\n\n(g) generating, printing, copying, downloading, and storing all data and other displays and output, as may result from any execution or other use of the subscription software services and authorizing its sublicensed customers, allscripts resellers or partnering organizations to do the same; and\n\n(h) all other purposes reasonably necessary to carry out any of the foregoing.""]",License Grant,License Grant,Non-Transferable License,Non-Transferable License,SVM,0.3525,0.1243,722,False
646,"['except as expressly permitted under the trademark license agreement, licensee shall not knowingly (a) use the licensed domain names in any manner that tarnishes, degrades, disparages or reflects adversely on licensor or licensor\'s business or reputation, (b) in any jurisdiction, register or attempt to register any domain names that consist of, in whole or in part, or are confusingly similar to, the term ""sina"", (c) contest, challenge or otherwise make any claim or take any action adverse to licensor\'s interest in the licensed domain names, (d) register any trademarks, trade names or company names that consist of, in whole or in part, or are confusingly similar to the term ""sina"" in the name of licensee or of any of its affiliates, or (e) use the licensed content and other content for any unlawful purpose, including but not limited to displaying or distributing any pornographic, obscene or sexually explicit material, materials of a violent nature, or politically sensitive materials.']",Covenant Not To Sue,Covenant Not To Sue,Covenant Not To Sue,Covenant Not To Sue,Agreement,0.4031,0.3586,158,False
647,"[""consultant shall not be entitled to assign any of consultant's rights or obligations under this agreement.""]",Anti-Assignment,Anti-Assignment,Anti-Assignment,Anti-Assignment,DistilBERT,0.9244,0.9134,16,True
648,"['each party hereby grants to the other a non-exclusive, limited license to use its trademarks, service marks or trade names only as specifically described in this agreement.']",License Grant,License Grant,License Grant,License Grant,Agreement,0.4634,0.2668,27,False
649,"[""cisco's policy is that software, whether standalone or embedded, is not transferable, except where a listed exception below applies, and except, of course, where cisco's contract expressly allows it.""]",Non-Transferable License,Non-Transferable License,Non-Transferable License,Non-Transferable License,Agreement,0.2321,0.1277,29,False
650,"['upon the request of the trust or its designee, administrator shall provide copies of all the historical records relating to transactions between the funds and the plans, written communications regarding the funds to or from such plans and other materials, in each case (i) as are maintained by administrator in the ordinary course of its business and in compliance with laws and regulations governing transfer agents, and (ii) as may reasonably be requested to enable the trust or its representatives, including without limitation its auditors or legal counsel, to (a) monitor and review the services, (b) comply with any request of a governmental body or self-regulatory organization or a plan, (c) verify compliance by administrator with the terms of this agreement, (d) make required regulatory reports, or (e) perform general customer supervision. administrator agrees that it will permit the trust or such representatives to have reasonable access to its personnel and records in order to facilitate the monitoring of the quality of the services.']",Audit Rights,Audit Rights,Audit Rights,Audit Rights,DistilBERT,0.8054,0.7809,164,False
651,"['if franchisee desires to assign his rights under the franchise to a new franchisee, franchisee (assignor of the franchise), agrees to pay to pretzel time a transfer fee equal to the greater of six thousand two hundred fifty dollars ($6,250.00) or the then current transfer fee being paid by franchisees upon the assignment, gift, bequeath or transfer of ownership of the franchise to cover administrative costs and expenses.', 'a transfer shall also be deemed to include a merger or consolidation of franchisee with any other entity, the issuance of additional securities representing, or convertible into, an ownership interest in franchisee and any transfer as a result of death (subject to this section), divorce, insolvency, corporate or partnership dissolution proceedings or otherwise by operation of law.', 'franchisee shall furnish pretzel time at the time of the execution of this agreement or of assignment to the corporation or partners of franchisee, a written agreement stating that no stockholder or partner will sell, assign or transfer voluntarily or by operation of law any securities of franchisee, or other ownership interest in franchisee, to any person or entity other than existing shareholders or partnership, to the extent permitted hereunder, without the prior written consent of pretzel time.']",Change Of Control,Change Of Control,Anti-Assignment,Anti-Assignment,SVM,0.3306,0.2448,203,False
652,"['a party shall have the right to terminate this agreement before the end of the term as follows:<omitted>12.2.3 by dova if the aggregate actual number of details for the product made by the sales representatives for a calendar quarter is less than the quarterly minimum details for [***] consecutive calendar quarters, upon [***] written notice to valeant, such notice to be delivered no less than [***] following the end of the last consecutive calendar quarter in which the actual details are less than the quarterly minimum details;', 'if the aggregate actual number of details for the product made by the sales representatives for a calendar quarter is less than the quarterly minimum details for such calendar quarter, then in calculating the promotion fee due under section 6.1.1, the applicable percentage for such calendar quarter shall be reduced to a new percentage equal to [***].', 'if the quarterly average sales force size is less than [***] sales representatives for an applicable calendar quarter, then in calculating the promotion fee due under section 6.1.1, the applicable percentage for such calendar quarter shall be reduced to a new percentage equal to [***].', 'without limiting the generality of the foregoing, [***]) and continuing throughout the remainder of the term, valeant shall maintain at least one hundred (100) sales representatives with responsibility to detail the product in the specialty in the territory.']",Minimum Commitment,Minimum Commitment,Minimum Commitment,Minimum Commitment,Agreement,0.3451,0.2506,227,False
653,"['at a minimum, reseller will subscribe for and maintain during the term and for a period of two (2) years thereafter, commercial general liability insurance and errors and omission insurance in minimum amounts of two million dollars (us$2,000,000) per occurrence.', 'each policy will include a provision requiring notice to the other party at least thirty (30) days prior to any cancellation, non-renewal, or material modification of the policy and will require that each policy will name touchstar as an additional insured.', 'reseller will ensure that any persons or entities engaged by or employed by it will carry and maintain such insurance coverage.']",Insurance,Insurance,Insurance,Insurance,DistilBERT,0.8621,0.852,102,False
654,"['any annual renewal would be subject to the payment, if applicable, of the amc as agreed to by the parties, however such amc will not be less than the previous year amc times 115%, payable in applicable quarterly instalments.', ""either party may terminate this agreement:<omitted>(iii) upon providing thirty (30) days' written notice to reseller if reseller terminates the provisions of the annual minimum commitment and fails to meet the sales targets as set out in schedule 3."", 'during the term of the agreement, reseller shall pay to diversinet an annual minimum commitment, payable as follows: a) a total of four hundred thousand ($400,000) dollars shall be paid by reseller to diversinet as of the effective date. b) a total of seven hundred thousand ($700,000) dollars shall be paid by reseller in quarterly instalments of $175,000 to diversinet on each of december 1, 2011, march 1, 2012, june 1, 2012 and september 1, 2012. c) a total of one million ($1,000,000) dollars shall be paid by reseller in quarterly instalments of $250,000 to diversinet on each of december 1, 2012, march 1, 2013, june 1, 2013 and september 1, 2013. d) a total of one million three hundred thousand ($1,300,000) dollars shall be paid by reseller in quarterly instalments of $325,000 to diversinet on each of december 1, 2013, march 1, 2014, june 1, 2014 and september 1, 2014. e) a total of one million six hundred thousand ($1,600,000) dollars shall be paid by reseller in quarterly instalments of $400,000 to diversinet on each of december 1, 2014, march 1, 2015, june 1, 2015 and september 1, 2015.']",Minimum Commitment,Minimum Commitment,Minimum Commitment,Minimum Commitment,Agreement,0.3148,0.0995,267,False
655,"['during the term of this agreement, erchonia grants distributor a non-exclusive, non-transferable license to use the trademarks for advertising and promotion of products.', 'subject to the terms set forth in this agreement, erchonia grants distributor the exclusive, non- transferable right and license to promote, distribute and sell the products identified in exhibit a to those type of customer specified in exhibit b and only within the territory specified in exhibit b.']",Non-Transferable License,License Grant,License Grant,License Grant,Agreement,0.4015,0.1495,71,False
656,"[""cool tech and vet tech agree not to engage in any attempt whatsoever, to hire, or to engage as independent contractors, the other's employees or independent contractors during the term of this agreement and for a period of six (6) months following expiration or termination of this agreement except as may be mutually agreed in writing.""]",No-Solicit Of Employees,No-Solicit Of Employees,No-Solicit Of Employees,No-Solicit Of Employees,Agreement,0.198,0.0386,56,False
657,['agent is granted a limited license and right to use all intellectual property for purposes of conducting the gob sale and otherwise marketing any or all of the assets;'],License Grant,License Grant,License Grant,License Grant,Agreement,0.4214,0.2621,29,False
658,"['except as otherwise provided in paragraph 12 and subparagraphs 22.2, 22.3, 22.4 and 22.5, during the term of this agreement, no party may assign, sell, transfer or dispose of the whole or any parts of its rights or obligations under this agreement']",Anti-Assignment,Anti-Assignment,Anti-Assignment,Anti-Assignment,DistilBERT,0.8191,0.7786,42,False
659,"['as used in this section, ""competitor"" means: (i) any private or publicly traded real estate investment trust, fund or other investment vehicle or program whose principal place of business is in virginia or any other state in which the company owns real estate and whose business strategy is based on investing in, acquiring or developing flex/industrial, retail, multifamily and limited service hotel real estate, whether directly or indirectly through joint ventures, or (ii) any entity whose principal place of business is in virginia or any other state in which the company owns real estate and that advises (including any external advisor) such investment vehicles or programs.', 'consultant agrees that during its consultancy for reit and for a period of twelve (12) months immediately following the termination of its consultancy with the company for any reason, whether with or without cause, it will not: (a) have any ownership interest in, or participate in the financing, operation, management or control of, any competitor; or (b) engage in or perform services for any competitor, if such services either (1) are the same as or similar to (individually or in the aggregate) the services consultant performed for the company during its consultancy with the company, or (2) are performed with respect to products or services of the competitor that are competitive with the products or services provided by the company with which consultant was involved during its consultancy with the company or about which it received proprietary information during its consultancy with the company.']",Non-Compete,Non-Compete,Non-Compete,Non-Compete,Agreement,0.3125,0.2298,250,False
660,"['all rights (under any applicable intellectual property right) granted herein are not sublicenseable,<omitted>transferable or assignable.']",Anti-Assignment,Ip Ownership Assignment,Ip Ownership Assignment,Ip Ownership Assignment,Agreement,0.2052,0.021,15,True
661,"[""a change of control shall be deemed an assignment requiring consent hereunder provided that any transfer or assignment that results in seller's and buyer's current common parent, reynolds group holdings limited, ceasing to control either party shall not require consent of the other party.""]",Change Of Control,Change Of Control,Change Of Control,Change Of Control,Agreement,0.4748,0.2909,44,False
662,"['during the term, green cross shall not (either by itself, or with or through a related party or third party) develop or commercialize any (i) product outside of the scope of this agreement or (ii) competing product.', 'green cross shall pay to macrogenics a royalty of *** on net sales of competing products for the royalty term.']",Non-Compete,Non-Compete,Revenue/Profit Sharing,Revenue/Profit Sharing,SVM,0.1835,0.0242,57,False
663,"['except as otherwise expressly provided in the business plan, the agent will at its sole expense<omitted>(e) not solicit or accept orders for the products other than from customers within the territory after the agent launch date; and not knowingly, or knowingly permit others to, distribute or resell products outside the territory or for end use by other than duly licensed veterinarians;']",No-Solicit Of Customers,Non-Compete,Audit Rights,Audit Rights,SVM,0.2423,0.1534,61,False
664,"['except under sections 13(a) and 13(b), the liability of either party for damages or alleged damages hereunder, whether in contract, tort or any other legal theory, is limited to, and will not exceed, the amounts to be paid by client to excite hereunder.']",Uncapped Liability,Cap On Liability,Cap On Liability,Cap On Liability,Agreement,0.6709,0.4742,43,False
665,"['establishment, at its sole cost and expense, will maintain appropriate insurance including, but not limited to, commercial general liability insurance with premises, operations coverage including person injury/property damage coverage, with limits of not less than $1,000,000 per occurrence. as of january 1, 2015, such insurance shall also have annual aggregate limits not less than $2,000,000. evidence of insurance indicating such coverage will be delivered to apollo upon request. the evidence will (a) indicate that the policy will not change or terminate without at least fifteen (15) days prior written notice to apollo, (b) apollo shall be listed as an additional insured on the commercial general liability policy.']",Insurance,Insurance,Insurance,Insurance,DistilBERT,0.876,0.8663,107,False
666,"[""following the expiration of such 10-day period, moelis holdings shall have one hundred and eighty- (180-) days to sell or enter into an agreement to sell the additional units with respect to which smbc's right of first refusal was not exercised, at a price and upon terms no more favorable to the purchasers of such securities than specified in moelis holdings' notice."", 'smbc shall have ten (10) days from the date of delivery of any such notice to agree to purchase all, but not less than all, of such partnership interests, for the price and upon the terms specified in the notice, by delivering written notice to such partner and moelis holdings.', 'the rights granted under this section 12.3 may not be assigned or transferred, except that such right is assignable by smbc to any of its respective wholly-owned subsidiaries.', 'in the event moelis holdings proposes to undertake any issuance of additional units to which clause (y) of section 12.2(a) applies, smbc shall specify in its notice delivered to moelis holdings pursuant to section 3.4.2(b) of the moelis holdings agreement, in addition to whether or not it elects to purchase its pro rata portion of such additional units, whether or not it shall exercise its right of first refusal to purchase all (but not less than all) of the additional units that other partners do not purchase pursuant to their right of first refusal under section 3.4.2 of the moelis holdings agreement.', 'prior to the ipo and during the term of the strategic alliance, smbc shall have the right of first refusal to purchase all (but not less than all) additional units that moelis holdings proposes to issue to an smbc competitor, including (x) in a proposed issuance that is excepted from section 3.4.2 of the moelis holdings agreement as an issuance to a strategic investor, and (y) in a proposed issuance that is subject to section 3.4.2 of the moelis holdings agreement, to the extent that the partners do not exercise in full their right of first refusal thereunder.', 'prior to the ipo and during the term of the strategic alliance, moelis general partner shall not consent to a sale or transfer by a partner of its partnership interests to an smbc competitor unless the moelis general partner caused the partner proposing to sell or transfer its partnership interests to provide smbc with a right to purchase, on the same terms and conditions, including price, all (but not less than all) of the partnership interests that such partner proposes to sell or transfer to an smbc competitor.', 'in the event moelis holdings proposes to undertake an issuance of additional units to which clause (x) of section 12.2(a) applies, it shall give smbc written notice of its intention describing the price and terms upon which moelis holdings proposes to issue the same.', ""following the expiration of such 10-day period, the partner proposing to sell or transfer partnership interests shall have one hundred and eighty- (180-) days to sell or transfer, or enter into an agreement to sell or transfer the partnership interests with respect to which smbc 's right under section 12.3(a) was not exercised, at a price and upon terms no more favorable to the purchasers of such securities than specified in the partner's notice."", ""in the event the partner has not sold or transferred the partnership interests, or entered into an agreement to sell or transfer the partnership interests, within such one hundred and eighty- (180-) day period, moelis general partner shall not consent to the partner's selling or transferring its partnership interests to an smbc competitor thereafter without first requiring the partner to comply again with this section 12.3."", 'in the event a partner proposes to undertake a sale or transfer of partnership interests to which the foregoing right applies, and moelis general partner must consent to the sale or transfer, moelis general partner shall require that partner to give smbc written notice of its intention to sell or transfer partnership interests to an smbc competitor describing the price and terms upon which such partner proposes to sell or transfer its partnership interests.', 'the right of first refusal granted hereunder may not be assigned or transferred, except that such right is assignable by smbc to any of its respective wholly-owned subsidiaries.', 'in the event moelis holdings has not sold the additional units or entered into an agreement to sell the additional units within such one hundred and eighty- (180-) day period, moelis holdings shall not thereafter issue or sell any additional units without first complying again with this section 12.2.', 'smbc shall have ten (10) days from the date of delivery of any such notice to agree to purchase all, but not less than all, of such additional units, for the price and upon the terms specified in the notice, by delivering written notice to moelis holdings.']",Rofr/Rofo/Rofn,Rofr/Rofo/Rofn,Rofr/Rofo/Rofn,Rofr/Rofo/Rofn,Agreement,0.185,0.0336,810,False
667,"[""notwithstanding the above and regardless of the circumstances, seller's total liability to buyer for any and all claims, losses or damages arising out of any cause whatsoever, whether based in contract, negligence or other tort, strict liability, breach of warranty or otherwise, shall in no event exceed the purchase price of product in respect to which such cause arose"", 'in no event shall either party be responsible for any special, punitive, or consequential damages whatsoever.', ""all claims for any cause whatsoever, whether based in contract, negligence or other tort, strict liability, breach of warranty or otherwise, shall be deemed waived unconditionally and absolutely unless seller receives written notice of such claim not later than one hundred fifty (150) days after buyer's receipt of product as to which such claim is made."", 'in no event shall seller be liable for special, incidental, consequential or exemplary damages.', ""seller's total liability for all claims arising hereunder or connected with the products sold hereunder, whether based in contract, tort or otherwise, shall be no greater than an amount equal to the purchase price of the products to which any such claims relate, or at the seller's option, and only in the case of claims regarding defective or non-conforming product, to replacement of such products, provided that in all cases buyer shall be under an obligation to mitigate any loss as far as possible. seller shall not in any event be liable for any special, incidental, exemplary or consequential damages."", ""defective or nonconforming product shall be replaced by seller without additional charge, or in lieu thereof, at seller's option, seller may refund the purchase price upon return of such product at seller's expense and such refund or replacement shall constitute buyer's sole and exclusive remedy."", 'any cause of action that buyer may have against seller and which may arise in connection with the transaction(s) specified herein must be commenced within two (2) years after the cause of action has accrued.', 'claims by buyer are waived unless made in writing within 150 days from date of (non-) delivery.', ""em's maximum liability for all claims for any reason is the sales price of the product involved and em shall not be liable for indirect or consequential damage.""]",Cap On Liability,Cap On Liability,Cap On Liability,Cap On Liability,Agreement,0.6817,0.4893,370,False
668,"['as described in section 1(b) above, the professional has granted the company an exclusive worldwide right and license to use his name, autograph, likeness, photographs, electronic media depiction, signature and any other words, symbols or depiction\'s (hereinafter the ""professional\'s image"") which will identify the professional to the public in connection with the advertising, promotion, publicizing, sale and distribution of haley apparel.', ""the professional agrees that, with respect to men's apparel, he will exclusively endorse and use exclusively in play, practice, exhibits, clinics and other events open to the media or public, haley brand apparel which shall consist of shirts, vests, jackets, sweaters, pants and shorts (if permitted by applicable rules)."", ""the professional grants to the company the exclusive worldwide right and license to use his name, autograph, likeness, photographs, electronic media depiction, signature and any other words, symbols or depiction's which would identify the professional to the public in connection with the advertising, promotion, publicizing, sale and distribution of haley apparel by the company.""]",Exclusivity,License Grant,License Grant,License Grant,Agreement,0.3746,0.1774,164,False
669,"[""neither party may assign this agreement, in whole or in part, ---------- without the other party's written consent (which will not be unreasonably\n\n\n\n\n\n withheld or delayed); provided however, that either party may assign its rights and obligations hereunder in the event of a sale of all, or substantially all of such party's assets related to this agreement, whether by merger, reorganization, operation of law or otherwise, or (2) either party's assignment and/or delegation of its rights and responsibilities hereunder to a wholly-owned subsidiary or joint venture in which the assigning party holds an interest."", 'any attempt to assign this agreement other than as permitted above will be null and void.']",Anti-Assignment,Anti-Assignment,Anti-Assignment,Anti-Assignment,DistilBERT,0.928,0.9115,110,False
670,"['reseller shall not import, promote,\n\n\n\n\n\n distribute, license, market or sell any products in<omitted>the territory which directly compete with the touchstar software or support services.']",Non-Compete,Non-Compete,Non-Compete,Non-Compete,Agreement,0.3167,0.1778,24,False
671,"['other than pursuant to this section 10.12(b)(v), the arbitration award shall not include any indirect, incidental, special, consequential, or punitive damages and the arbitrators shall be so instructed.', 'the sole obligation of touchstar, and the sole remedy of reseller or any other reseller, under this agreement shall be (a) with regard to the touchstar software or any call center system, the replacement or repair of the touchstar software or the call center system or, at the option of touchstar, the return of the purchase price paid by reseller<omitted>for such touchstar software or call center system and (b) with regard\n\n\n\n\n\n to services, the reperformance of the services.', 'touchstar shall have no liability to reseller or any other reseller by reason of the termination or expiration of this agreement for compensation, reimbursement, or damages of any kind, including any loss of prospective profits on anticipated sales, loss of goodwill, or investments made in reliance on this agreement.', 'in no event shall touchstar be liable to reseller, any other reseller or any customer by reason of any representation or implied warranty, condition, other term, or any duty at common law, or under the terms of this agreement, for any direct, indirect, special, consequential or punitive loss or damage (whether for loss of profit or otherwise) arising out of or in connection with any act or omission of touchstar relating to the development, manufacture, or supply of the touchstar software, the services, or the installation of any call center system, their resale by reseller, or their use by any customer or other end user.', 'the sole obligation of touchstar, and the sole remedy of reseller or any other reseller, under this agreement shall be (a) with regard to the touchstar software or any call center system, the replacement or repair of the touchstar software or the call center system or, at the option of touchstar, the return of the purchase price paid by reseller\n\n 14\n\n for such touchstar software or call center system and (b) with regard\n\n\n\n\n\n to services, the reperformance of the services.']",Cap On Liability,Cap On Liability,Cap On Liability,Cap On Liability,DistilBERT,0.716,0.5639,340,False
672,"['either party may terminate this agreement, with or without cause, upon giving the other party thirty (30) days prior written notice of such termination pursuant to section 12.7 of this agreement.']",Termination For Convenience,Termination For Convenience,Termination For Convenience,Termination For Convenience,DistilBERT,0.8428,0.8157,31,False
673,"['neither party shall assign or delegate this agreement or any rights, duties or obligations hereunder to any other person and/or entity without prior express written approval of the other party.']",Anti-Assignment,Anti-Assignment,Anti-Assignment,Anti-Assignment,DistilBERT,0.9302,0.9199,30,False
674,['mmmw provided customer with an all inclusive warranty for a period of 12 months commencing on the date of installation to include system purchased by customer from mmmw'],Warranty Duration,Warranty Duration,Warranty Duration,Warranty Duration,Agreement,0.3173,0.2208,28,False
675,"[""notwithstanding the foregoing, skype or skype holding may assign this agreement to a third party without such consent in the event of a merger, reorganization or sale of all or substantially all of skype's or skype holding's assets or voting securities, provided that written notice of such assignment is delivered to online bvi and the company and the assignee assumes all the responsibilities and obligations provided herein.""]",Change Of Control,Anti-Assignment,Anti-Assignment,Anti-Assignment,Agreement,0.3648,0.0346,67,False
676,"['each party shall carry appropriate and commercially reasonable amounts of insurance adequate for the activities detailed in this agreement, as well as sufficient levels of all legally mandated insurance, if any.']",Insurance,Insurance,Insurance,Insurance,DistilBERT,0.8692,0.8591,31,False
677,"['each investors capital party acknowledges that none of the phl parties or their affiliates shall be deemed to have guaranteed the profitability of the gie or any volume of sales, and no indemnification shall arise based on an assertion of such a guarantee of profitability of the gie or volume of sales.', 'in no event shall any party be liable for any special, indirect, incidental, punitive, consequential, or any similar damages whether or not caused by or resulting from the negligence of such party even if such party has been advised of the possibility of such damages, in relation to, arising out of or in connection with this exhibit or the trademarks.', 'each phl party acknowledges that neither icas nor any of its affiliates shall be deemed to have guaranteed the profitability of the gie or any volume of sales, and no indemnification shall arise in connection with profitability of the gie or volume of sales.']",Cap On Liability,Cap On Liability,Cap On Liability,Cap On Liability,Agreement,0.6941,0.5552,156,False
678,"[""macrogenics may terminate this agreement immediately upon written notice to green cross in the event green cross or any of its affiliates:\n\n(a) directly or indirectly oppose, or assist any third party to oppose, in any patent office proceeding, the grant of any patent or patent application within the macrogenics licensed patents, or, in any patent office proceeding, dispute or directly or indirectly assist any third party to dispute, the validity of any patent within the macrogenics licensed patents or any of the claims thereof, including opposing any application for amendment thereto;<omitted>(b) directly or indirectly oppose, or assist any third party to oppose, in any court proceeding, the grant of any patent or patent application within the macrogenics licensed patents, or, in any court proceeding, dispute or directly or indirectly assist any third party to dispute, the validity of any patent within the macrogenics licensed patents or any of the claims thereof; or\n\n(c) bring any claim or proceedings of whatever nature in relation to the macrogenics licensed patents against macrogenics and/or any of macrogenics' affiliates (or in respect of the foregoing their directors and officers) in respect of any activities carried out by them under any macrogenics licensed patents which may be the subject of a valid claim of the macrogenics licensed patents.""]",Covenant Not To Sue,Covenant Not To Sue,Covenant Not To Sue,Covenant Not To Sue,Agreement,0.4752,0.4246,212,False
679,"['bkc shall have the unrestricted right to enter the franchised restaurant to conduct such reasonable activities as it deems necessary to ascertain compliance with this agreement.', ""the franchisee agrees that bkc or its representatives, at bkc's expense shall, at all reasonable times, have the right to examine or audit the books and accounts of the franchisee."", 'the franchisee shall participate in any self-audit scheme which may from time to time form part of the burger king system.', 'the inspections shall be performed in a manner which minimizes interference with the operation of the franchised restaurant.', 'the franchisee shall also submit to bkc quarterly balance sheets for the franchisee itself and not merely of the franchised restaurant, the first of which shall be for the period ending forty-five (45) days after the expiration of the first calendar quarter after the franchised restaurant opens.', 'the inspections may be conducted without prior notice at any time when the franchisee or any one of its responsible employees or representatives is at the franchised restaurant.', ""in addition, the franchisee shall submit to bkc copies of tax returns relating to the franchisee's sales at the franchised restaurant at the same time the returns are filed, and such other records as bkc may reasonably request from time to time."", 'the franchisee agrees to keep complete records of the business and shall furnish bkc with monthly and fiscal year-to-date profit and loss statements for the franchised restaurant in the format prescribed by bkc.', 'ln addition, the franchisee shall furnish an annual financial statement for the franchisee and not merely the franchised restaurant, which statement shall be certified by a certified public accountant or equivalent.', 'within ninety (90) days after the close of each fiscal year and at any time on request, the franchisee shall submit a full disclosure of all shareholders in the franchisee, and of all persons with an interest in the franchised restaurant.', 'all profit and loss statements and balance sheets shall be submitted to bkc within fifty-five (45) days after the end of the period covered by the report in a form acceptable to bkc.']",Audit Rights,Audit Rights,Audit Rights,Audit Rights,DistilBERT,0.8677,0.8564,350,False
680,"['no party to this agreement has the right to assign any of its rights or obligations hereunder, except as already set forth under this agreement.']",Anti-Assignment,Anti-Assignment,Anti-Assignment,Anti-Assignment,DistilBERT,0.9238,0.9108,25,False
681,"['subject to the provisions of article 6.1, the operating company shall annually declare and pay by march 15 a distribution to each party equal to the larger of the two estimated annual tax liabilities as reflected on the approved party tax estimates (the ""minimum distribution"").', 'upon the entering into of the agreements referred to in articles 3.5 and 3.6, the operating company shall capitalize the manufacturing company through the contribution of equity received by it from t&l pursuant to article 3.1 in an amount equal to at least $21,614,000.']",Minimum Commitment,Revenue/Profit Sharing,Minimum Commitment,Minimum Commitment,SVM,0.5793,0.4484,89,False
682,"['ontochem hereby grants to anixa a non-exclusive, fully paid-up, royalty-free, perpetual, irrevocable, transferable, worldwide license (with the right to grant and authorize sublicenses through multiple tiers) under any patents which ontochem or any of its affiliates own or control during the term of this agreement, to make, have made, use, sell, offer for sale and import the lead scaffold(s) and products that incorporate compounds from the lead scaffold(s).']",Affiliate License-Licensor,License Grant,License Grant,License Grant,Agreement,0.3403,0.1479,68,False
683,"['if the proposed transfer includes assets not related to the operation of the franchise, we may purchase only the assets related to the operation of the franchise or may also purchase the other assets', 'any material change in the terms of an offer before closing will make it a new offer, revoking any previous approval or previously made election to purchase and giving us a new right of first refusal effective as of the day we receive formal notice of a material change in the terms.', 'any later proposal to complete that proposed transfer will be deemed a new offer, giving us a new right of approval and right of first refusal effective as of the day we receive formal notice of the new (or continuing) proposal.', 'if we do not exercise our right of first refusal, the transferor may complete the sale to the proposed new owner pursuant to and on the terms of the offer, as long as we have approved the transfer as provided in this section 14.', 'the party proposing the transfer (the ""transferor"") must obtain a bona fide, executed written offer (accompanied by a ""good faith"" earnest money deposit of at least five percent (5%) of the proposed purchase price) from a responsible and fully disclosed purchaser, and must submit an exact copy of the offer to us.', 'you must immediately notify us of any changes in the terms of an offer.', 'we have the right, exercisable by delivering written notice to the transferor within fifteen (15) days from the date of last delivery to us of the offer and any other documents we have requested, to purchase the interest for the price and on the terms and conditions contained in the offer, except that we may substitute cash for any form of payment proposed in the offer, and will not be obligated to pay any ""finder\'s"" or broker\'s fees that are a part of the proposed transfer.', ""we will not exercise a right of first refusal with respect to a proposed transfer of less than a controlling interest to a member of a principal owner's immediate family or to your key employees."", 'if you or any of your principal owners wishes to transfer any interest, we will have a right of first refusal to purchase that interest as follows.', 'upon the termination or expiration of the franchise, we will have the option, but not the obligation, exercisable for thirty (30) days upon written notice to you, to purchase at fair market value all of the assets of the franchise, including all approved equipment, fixtures, furniture and signs and all supplies, materials, and other items imprinted with any mark, and to take an assignment of the lease for the premises and any other lease or concession agreement necessary for the operation of the franchise.']",Rofr/Rofo/Rofn,Rofr/Rofo/Rofn,Rofr/Rofo/Rofn,Rofr/Rofo/Rofn,Agreement,0.2555,0.1512,469,False
684,"[""except as provided in section 22, no party shall assign this agreement without the prior written approval of the other party, provided, however, that without obtaining such prior written approval, (a) sdbf may assign this agreement to a transferee of the padres' mlb franchise or to an affiliate of the padres, and (b) sponsor may assign this agreement to an affiliate of sponsor, provided that sponsor shall continue to be obligated to sdbf for performance of sponsor's obligations hereunder.""]",Anti-Assignment,Anti-Assignment,Anti-Assignment,Anti-Assignment,DistilBERT,0.861,0.8257,79,False
685,"['the consultant covenants, undertakes and agrees with the company that during the term and for a period of one year from the date of expiration or termination of this agreement for any reason whatsoever, it shall not, on its own behalf or on behalf of any person, whether directly or indirectly, in any capacity whatsoever, offer employment to or solicit the employment of or otherwise entice away from the employment of the company or any of the affiliated companies, any individual who is employed or engaged by the company or any of the affiliated companies at the date of expiration or termination of this agreement or who was employed or engaged by the company or any of the affiliated companies, within the one year period immediately preceding the date of expiration or termination of this agreement, as applicable.']",No-Solicit Of Employees,No-Solicit Of Employees,Post-Termination Services,Post-Termination Services,SVM,0.3614,0.3069,138,False
686,"['diplomat agrees to pay ki, inc. as royalty a sum equal to % of the net wholesale volume of the products covered by this agreement by diplomat and its affiliated, associated, or subsidiary companies.', ""in the event any sale is made at a special price to any of diplomat's subsidiaries or to any other person, firm or corporation related in any manner to diplomat or its officers, directors or major stockholders, there shall be a royalty paid on such sales based upon the price generally charged the trade by diplomat.""]",Revenue/Profit Sharing,Revenue/Profit Sharing,Revenue/Profit Sharing,Revenue/Profit Sharing,Agreement,0.6739,0.5906,90,False
687,"['during the term and any renewal terms of the agreement, and for a period of one (1) year following the expiration or earlier termination thereof, customer agrees not to work with, directly or indirectly, any third-party that customer comes to know through disclosure by kubient as part of the services, without the express written consent of kubient and compensation to kubient under the applicable exhibit and/or schedule.']",No-Solicit Of Customers,Non-Compete,No-Solicit Of Employees,No-Solicit Of Employees,SVM,0.1642,0.0484,67,False
688,"['upon receipt of final payment contractor shall provide to company, and will assigns to company, all right, title and interest to any works in progress.', 'contractor shall provide to company, and hereby assigns to company, all right, title and interest to any works in progress.', 'the parties agree that all drawings, documents, designs, models, inventions, computer programs, computer systems, data, computer documentation and other tangible materials authored or prepared by contractor for company as the work product required by a statement of work (collectively, the ""works""), are the property of company to the extent that such works were created by contractor for company over a time period for which company has been invoiced and said invoice has been paid.', ""in particular, company agrees that, notwithstanding anything to the contrary set forth herein: (i) as part of contractor's provision of the services hereunder, contractor may utilize its own proprietary works of authorship, that have not been created specifically for company, including without limitation software, methodologies, tools, specifications, drawings, sketches, models, samples, records and documentation, as well as copyrights, trademarks, servicemarks, ideas, concepts, know-how, techniques, knowledge or data, which have been originated, developed or purchased by contractor or by third parties under contract to contractor, and, (ii) contractor's information and contractor's administrative communications and records relating to the services shall not be deemed to be works and are and shall remain the sole and exclusive property of contractor and company shall not resell or make use of said property in any other manner other than in connection with the software company receives under this agreement.""]",Ip Ownership Assignment,Ip Ownership Assignment,Ip Ownership Assignment,Ip Ownership Assignment,Agreement,0.5774,0.5338,263,False
689,"[""reit agrees to pay consultant the following consulting fees, for services performed by consultant:<omitted>2. annual stock grants as awarded by the compensation committee of the company's board of directors.""]",Revenue/Profit Sharing,Revenue/Profit Sharing,Revenue/Profit Sharing,Revenue/Profit Sharing,Agreement,0.5769,0.4975,29,False
690,"[""diplomat agrees that it will not at any time during the term of this agreement or thereafter attack (i) ki, inc.'s title to, or rights in and to, ki's name or (ii) the validity of this license.""]",Covenant Not To Sue,Covenant Not To Sue,Covenant Not To Sue,Covenant Not To Sue,Agreement,0.4809,0.3849,37,False
691,"['thereafter, verticalnet shall place button links to neoforma shop or neoforma auction on unsold third-party advertising inventory (up to [*] of the total third party advertising inventory) on the home pages of the verticalnet medical online communities as frequently as verticalnet places internal advertisements on such advertising inventory and (b) the site located at www.meddeals.com.']",Volume Restriction,Post-Termination Services,Exclusivity,Exclusivity,SVM,0.1219,0.006,55,False
692,"[""the schedule will be provided in accordance with the requirements established in subcontractor's auditing procedure."", ""reports on all material subcontractors for the manufacturer's products will be made available to manufacturer upon request."", ""upon reasonable notice, manufacturer may review at any time routine reports relating to all nonconforming materials identified by subcontractor during the manufacture or inspection of the manufacturer's products."", ""subcontractor agrees to provide manufacturer, at manufacturer's expense and reasonable request and during ordinary business hours, access to, and copies of, such records, books and all other documents and materials in the possession and under the control of subcontractor relating to or pertaining to the subject matter of this agreement; including, but not limited to, the following:\n\na) subcontractor will provide manufacturer a schedule of all audits of subcontractors for materials used in the manufacture of manufacturer's products upon request.""]",Audit Rights,Audit Rights,Audit Rights,Audit Rights,DistilBERT,0.8667,0.8545,139,False
693,"[""at the request of exxonmobil, fce will permit, at reasonable intervals and during regular business hours, during the term of this agreement and at least three (3) years thereafter, but no more than once per fiscal year, an independent certified public accounting firm of nationally recognized standing selected by exxonmobil (and approved by fce, which approval will not be unreasonably withheld) to inspect, during regular business hours, such books, records, and accounts and any part of the applicable operations and facilities of fce relevant to this agreement, and to have access to fce's knowledgeable personnel, as may be necessary to determine the completeness and accuracy of any accounting and payments required to be made under this agreement and compliance with other terms of this agreement, subject to the following:\n\n(a) exxonmobil and its employees or other representatives will have the right to reproduce for its internal records any of the documents kept by fce in accordance with paragraph 18.01 (recordkeeping), such reproduced documents shall be subject to the confidentiality and use provisions contained in article 4; and\n\n(b) all expenses of each such audit, including any pre-approved reasonable expenses incurred by fce for such audit, will be for the account of exxonmobil."", 'fce will cause any subcontractors to preserve documentation and allow exxonmobil to audit such books, records, and accounts of subcontractors by way of auditing fce.']",Audit Rights,Audit Rights,Audit Rights,Audit Rights,DistilBERT,0.8721,0.8602,225,False
694,"['each party agrees to obtain and maintain, during the term and for five (5) years after the term, commercial general liability insurance, including products liability insurance, with minimum ""a-"" am best rated insurance carriers, in each case with limits of not less than five million dollars ($5,000,000) per occurrence and in the aggregate', ""pfizer and its affiliates will be an additional insured on exact's commercial general liability and products liability policies, and be provided with a waiver of subrogation.""]",Insurance,Insurance,Insurance,Insurance,DistilBERT,0.8746,0.8646,79,False
695,"[""such liability shall not exceed the other party's contractual liability to its customers."", 'the parties acknowledge that their contract of carriage with their customers provides that liability for loss, damage or delay, including liability for consequential loss, is limited to four dollars and forty one cents ($4.41) per kilogram or two dollars ($2.00) per pound unless a higher value has been declared for insurance purposes.', ""notwithstanding anything contained herein to the contrary, the indemnifying party's liability to the other hereunder shall not exceed the insurance coverage set out in section 9.0.""]",Cap On Liability,Cap On Liability,Cap On Liability,Cap On Liability,Agreement,0.3903,0.1372,91,False
696,"['to the extent that there is merchandise remaining at the sale termination date (the ""remaining merchandise""), such remaining merchandise shall be deemed automatically transferred to agent free and clear of all liens, claims, and encumbrances. agent and its affiliates shall be authorized to sell or otherwise dispose of the remaining merchandise with all logos, brand names, and other intellectual property intact, and shall be authorized to advertise the sale of the remaining merchandise using the intellectual property.']",Post-Termination Services,Post-Termination Services,Post-Termination Services,Post-Termination Services,Agreement,0.5378,0.4719,77,False
697,"['this agreement and all rights and duties hereunder are personal to diplomat and shall not, without the written consent of ki, inc., be assigned, mortgaged, sublicensed or otherwise encumbered by diplomat or by operation of law.', 'ki, inc. may assign its rights hereunder, but shall furnish written notice of such assignment to diplomat.']",Anti-Assignment,Anti-Assignment,Anti-Assignment,Anti-Assignment,DistilBERT,0.8674,0.85,53,False
698,"['notwithstanding anything to the contrary in this agreement, in no event shall either party be liable to the other party or its affiliates, any successors in interest or any beneficiary or assignee of this agreement for any consequential, multiple, incidental, indirect, special, exemplary or punitive damages, or loss of profits or revenues arising out of or relating to this agreement or any breach hereof; provided, however, the foregoing shall not be construed as limiting an obligation of a party hereunder to indemnify, defend and hold harmless the other party against claims asserted by unaffiliated third parties, including, but not limited to, third party claims for special, indirect, consequential, punitive or exemplary damages.']",Uncapped Liability,Cap On Liability,Cap On Liability,Cap On Liability,Agreement,0.6998,0.5238,112,False
699,"['the company may require the professional to provide insurance certificates evidencing the same.', ""the professional agrees to maintain at all times during the term such insurance, including without limitation, health insurance, workers' compensation, automobile and general comprehensive liability coverage, as will protect and hold harmless the company from any claims, losses, damages, costs, expenses or liability arising out of the services performed under this agreement.""]",Insurance,Insurance,Insurance,Insurance,DistilBERT,0.8692,0.8569,65,False
700,"[""this agreement may not be assigned by either party to any third party without the written consent of the other party hereto; except either party may assign this agreement without the other party's consent to an entity that acquires substantially all of the business or assets of the assigning party, whether by merger, acquisition or otherwise; provided that the acquiring party agrees in a writing delivered to the non-assigning party to assume all of the rights and obligations of the assigning party under this agreement."", 'any assignment of this agreement in contravention of this section 18.9 shall be null and void.']",Anti-Assignment,Anti-Assignment,Anti-Assignment,Anti-Assignment,DistilBERT,0.9333,0.9203,101,False
701,"[""during the restricted period, upon reasonable advance notice to the company, the company shall: (a) provide acquiror with reasonable access during normal business hours of the company to the company's employees, consultants and other personnel and assets and to all existing books, records, tax returns, work papers and other documents and information relating to the company; and (b) promptly provide acquiror copies of the existing books, records, tax returns, work papers and other documents and information relating to the company, and with such additional financial, operating and other data and information regarding the company, as acquiror may reasonably request; provided, however, that any such access shall be conducted at acquiror's expense, at a reasonable time, under the supervision of appropriate personnel of the company and in such a manner as not to unreasonably interfere with the normal operation of the business of the company.""]",Audit Rights,Audit Rights,Audit Rights,Audit Rights,DistilBERT,0.7291,0.704,144,False
702,"['hps agrees to outsource to shps, and hereby appoints shps as the exclusive provider of, care management services to the clients, subject to the terms and conditions set forth in this agreement.']",Exclusivity,Exclusivity,Exclusivity,Exclusivity,Agreement,0.3584,0.2666,32,False
703,"['licensee agrees to allow an independent certified public accountant or other audit professional, (selected by mutual agreement) to audit and analyze appropriate accounting records to ensure compliance with all terms of this agreement.', 'the cost of the audit will be borne by licensor unless a discrepancy of more than five-percent (5%) is discovered, in which case the cost of the audit shall be borne by licensee.', ""any such audit shall be permitted by licensee within 30 days of licensee's receipt of a written request of licensor.""]",Audit Rights,Audit Rights,Audit Rights,Audit Rights,DistilBERT,0.8668,0.8553,86,False
704,"['provided however, that forty niners sc shall be permitted to enter into a sponsorship agreement with any party that enters into a naming rights agreement with scsa for the stadium, provided that if scsa enters into a naming rights agreement for the stadium with a party that is in the products and services category, sponsor may immediately terminate this agreement and receive a pro rated refund of any amounts paid by sponsor for the unexpired contract year in which the termination occurs.', 'sponsor acknowledges and agrees that, notwithstanding the grant of exclusivity set forth in this section 4, team shall have the right to solicit and enter into sponsorships with other parties that are not known primarily or exclusively as suppliers or providers of any product or service within the product and services category.']",Competitive Restriction Exception,Exclusivity,Exclusivity,Exclusivity,Agreement,0.1479,0.0524,134,False
705,"[""either party shall have the right to immediately terminate this agreement in the event the other party, in such party's reasonable discretion, engages in illegal, indecent, immoral, harmful or scandalous behavior or activities that may directly or indirectly damage such party's reputation or goodwill or violates any rules or regulations of team or the national football league or if this would otherwise violate league policy or directive.""]",Non-Disparagement,No-Solicit Of Employees,Non-Disparagement,Non-Disparagement,SVM,0.1098,0.0066,67,False
706,"[""upon prior written notice to manufacturer, and subject to the confidentiality provisions herein, emv will have the right to perform on-site inspections at manufacturer's manufacturing facilities and manufacturer will fully cooperate with emv in that regard at mutually agreed upon times. if an inspection or test is made on manufacturer's premises, manufacturer will provide emv's inspectors with reasonable assistance at no additional charge. in the event that any on-site inspection of the products indicates that the products do not conform to the requirements of this agreement, manufacturer will not ship such products until such nonconformity has been cured and only products meeting the conformance criteria may be shipped."", ""upon prior written notice to manufacturer, emv or its authorized representative(s) may conduct spot functional tests of the products at manufacturer's facility at which products are being manufactured during manufacturer's normal business hours. the parties will mutually agree upon the timing of such investigations, which will be conducted in such a manner as not to unduly interfere with manufacturer's operations. if any products fail any part of the test procedure set forth on the specifications, emv may require such products to be rejected, and manufacturer will promptly take all steps necessary to correct such failures at its expense."", ""manufacturer's manufacturing records shall be available to emv during spot checks and site inspections pursuant to section 2.4, and upon request to allow emv to provide such information to certification authorities as may be required.""]",Audit Rights,Audit Rights,Audit Rights,Audit Rights,DistilBERT,0.8034,0.7846,241,False
707,"['the assignor hereby assigns, transfers, and conveys to and in favor of the assignee all of the assignor\'s right, title, and interest in, to, and under the transferred contract, together with its related rights, warranties, remedies, powers, and privileges (collectively, the ""assigned rights"").']",Ip Ownership Assignment,Ip Ownership Assignment,Ip Ownership Assignment,Ip Ownership Assignment,Agreement,0.5262,0.4496,43,False
708,"['touchstar hereby grants to reseller, with the additional right to grant to other resellers who or which enter into an other reseller agreement, the nontransferable and nonexclusive right and license to use one copy of the touchstar software as necessary to demonstrate the touchstar software to potential customers in the territory.']",Non-Transferable License,License Grant,License Grant,License Grant,Agreement,0.4525,0.2532,51,False
709,"['separate and apart from the fees in subsection 10.1 above, at such time as client has acquired [***] new customers (the --- ""minimum customer number"") client will pay intuit [***] of the net --- transaction revenues it receives from each new customer acquired by client above the minimum customer number (""transaction fee"").']",Revenue/Profit Sharing,Revenue/Profit Sharing,Minimum Commitment,Minimum Commitment,SVM,0.5849,0.455,52,False
710,"[""subject to client's prior written approval in each case, efs shall have the right to work with client's manufacturers for the production of merchandise that will be designed and offered for sale exclusively via the playboy commerce business.""]",Exclusivity,Exclusivity,Anti-Assignment,Anti-Assignment,SVM,0.355,0.2861,38,False
711,"['if party b shall pay liquidated damages for breach of this agreement or violation of the platform rules, party a is entitled to request party b to pay the liquidated damages.', 'in this case, party b shall pay additional deposit equivalent to the liquidated damages when it pays the liquidated damages.', 'the following acts constitute class b breaches. in the event of any breach below by party b, party b shall immediately remedy the breach, and party a is entitled to request party b to pay the liquidated damages of an amount from rmb1,000 (rmb one thousand) to rmb 5,000 (rmb five thousand) based on the consequences of the breach, and send the confirmation letter on the breach of the partner of xiaoju online ride-hailing marketplace to party b.', 'in the case of a written notice 15 days in advance from either party to the other party and a payment of the liquidated damages of rmb10,000 (rmb ten thousand), this agreement shall terminate as of the date of termination stated in the notice of termination.', 'in case that the driver user unilaterally terminates the financial leasing agreement in advance, party b shall collect the liquidated damages from the driver user within 30% of the ""down payment + total monthly rent + last payment"" stipulated in the financial leasing agreement;', 'any violation of this article by party b shall be considered as a material breach of the this agreement, and party a is entitled to immediately terminate this agreement and the cooperation relationship between the parties, and request party b to pay the liquidated damages of rmb 50,000 (rmb fifty thousand) and indemnify for all losses incurred to party a thereby.', 'for example, if party b shall pay liquidated damages as much as rmb n, it shall pay additional rmb n to increase the deposit paid in accordance with article 4.2 after it pays the liquidated damages or party a deducts the liquidated damages from the deposit.', 'the following acts constitute class d breaches. in the event of any breach below by party b, party b shall immediately remedy the breach, and party a is entitled to request party b to pay the liquidated damages of not less than rmb50,000 (rmb fifty thousand) based on the consequences of the breach, and send the confirmation letter on the breach of the partner of xiaoju online ride-hailing marketplace to party b, and terminate the agreement.', 'in such case, party a is entitled to immediately terminate the agreement and the cooperation relationship between the parties, and request party b to pay the liquidated damages of rmb50,000 (rmb fifty thousand) and indemnify for all losses incurred to party a thereby.', 'the following acts constitute class c breaches. in the event of any breach below by party b, party b shall immediately remedy the breach, and party a is entitled to request party b to pay the liquidated damages of an amount from rmb5,000 (rmb five thousand) to rmb50,000 (rmb fifty thousand) based on the consequences of the breach, and send the confirmation letter on the breach of the partner of xiaoju online ride-hailing marketplace to party b.']",Liquidated Damages,Cap On Liability,Liquidated Damages,Liquidated Damages,SVM,0.312,0.1469,522,False
712,"['the warranty and remedies set forth in exhibit b are exclusive and in lieu of any other warranties or remedies, express or implied, including the implied warranties of merchantability and fitness for intended or particular purpose.', 'the liability of wli to power2ship for any claim whatsoever related to the products or the licensed programs or this agreement, including any cause of action in contract, tort, or strict liability, shall not exceed the total amount payable under this agreement by power2ship to wli within the most recent six-month period for the licensed programs (if such claim relates to the licensed programs), or for the wli products (if such claim relates to the wli products).', 'repair or replacement by wli as provided in this limited warranty is your exclusive remedy under this limited warranty.', 'wli shall not be liable for any special, incidental, consequential or exemplary damages.', 'neither party shall be liable to the other party for any special, incidental, or consequential damages arising in connection with, or out of termination of, this agreement.', 'under no circumstances shall wli be liable to power2ship or to any other person or entity for any incidental, special or consequential damages whether arising out of breach of warranty, breach of contract or otherwise even if wli has been advised of the possibility of such claims or demands.']",Cap On Liability,Cap On Liability,Cap On Liability,Cap On Liability,Agreement,0.6844,0.5062,221,False
713,"['within seventy-five (75) days following the end of each month of a calendar year during the term that ""bcf"" (as defined below) for such month, when combined with bcf for all prior months during such calendar year (other than any month which is outside the term) is less than the minimum bcf, nexstar shall pay a fee to wyzz in an amount equal to thirty-five percent (35%) of bcf for such month. within seventy-five (75) days following the end of each month of a calendar year during the term that bcf for such month, when combined with bcf for all prior months of such calendar year (other than any month which is outside the term) is greater than the minimum bcf, nexstar shall pay a fee to wyzz in an amount equal to 50% of bcf for such month; provided, in the first month of each calendar year in which this sentence applies, the fee with respect to the portion of bcf for such month which, when combined with bcf for all prior months during such year (other than any month which is outside the term) is exactly equal to the minimum bcf, shall equal thirty-five percent (35%) of such portion rather than fifty percent (50%).', 'during the term, nexstar shall calculate bcf (the ""bcf report"") for each calendar month. the last day of each calendar month is referred to herein as an ""end date"". during the term, nexstar shall, within thirty (30) days of each end date deliver to wyzz-tv the bcf report for the month ending on such end date. within ninety (90) days following each\n\n 3\n\ncalendar year during the term, nexstar shall notify wyzz of the bcf for such year (the ""final bcf report"") and, subject to clause (h) of this section 2, within thirty (30) days after such notification either nexstar shall make a payment to wyzz or wyzz shall make a payment to nexstar, as appropriate to ""true-up"" the payments made hereunder based on (i) the final determination of the bcf for the entire year, and (ii) the principle that the aggregate section 2(a) amount for the calendar year should be equal to (x) thirty-five percent (35%) of bcf for such calendar year up to the minimum bcf for such year, plus (y) fifty percent (50%) of bcf for such calendar year in excess of the minimum bcf for such year, minus (z) the sum of one hundred percent (100%) of any costs incurred by nexstar during such calendar year in maintaining, replacing or purchasing capital equipment which is owned by wyzz or which is used solely in connection with the operation of wyzz-tv, and fifty percent (50%) of any costs incurred by nexstar during such calendar year in maintaining, replacing or purchasing capital equipment which is not owned by wyzz and which is used in connection with the combined operation of both stations (in each case to the extent such costs were not otherwise deducted in the calculation of bcf).', 'the minimum bcf shall be three million seven hundred thousand dollars ($3,700,000) for calendar year 2002 and shall be increased on january 1, 2003 and on each january 1 thereafter in an amount equal to the percentage increase in the consumer price index (published by the u.s. department of labor, bureau of labor statistics, philadelphia regional office - all urban consumers for the united states - all items) (the ""pi"") over the prior year.']",Minimum Commitment,Revenue/Profit Sharing,Revenue/Profit Sharing,Revenue/Profit Sharing,Agreement,0.3825,0.168,570,False
714,"['except as expressly provided in section 8, this agreement does not create any intended third party beneficiary rights.']",Third Party Beneficiary,Anti-Assignment,Third Party Beneficiary,Third Party Beneficiary,SVM,0.2125,0.121,18,True
715,"['t&b shall not, during the term, grant any third party a license to use the licensed intellectual property within the exclusive field of use.', 't&b hereby grants to lea, and lea hereby accepts from t&b, during the term, the sole and exclusive worldwide right and license in and to the licensed intellectual property, which right and license shall be limited to that which is necessary for lea to (i) develop and create educational materials and (ii) develop, promote and conduct the business worldwide , unless the license is earlier terminated as provided herein.', 'in consideration of the exclusivity rights granted to lea, commencing with the seventh (7t h) month of the term and continuing each year of the term thereafter, the minimum royalties payable to t&b each month shall be the greater of the (i) applicable monthly base royalty and marketing royalty or (ii) $200,000.']",Exclusivity,License Grant,License Grant,License Grant,Agreement,0.2003,0.0288,145,False
716,"['subject to the restrictions set out in section 2.2, energous hereby grants to dialog a non-exclusive (subject to section 2.5), irrevocable, worldwide, sub-licensable (solely in accordance with section 2.4), royalty-bearing license during the term under all product ip to:']",Irrevocable Or Perpetual License,License Grant,Non-Transferable License,Non-Transferable License,SVM,0.3708,0.1697,39,False
717,"[""commencing on march 1, 2020 and thereafter, the parties shall share revenue generated from customer's consumer offerings, including but not limited to its content, technology, traffic, data, websites, apps, videos and podcasts, without offset and regardless of which party is responsible for securing such revenue, as per the attached schedule 1."", 'monthly revenue* below threshold above threshold type threshold customer kubient customer kubient programmatic/display $ 300,000.00 90% 10%** 50% 50% video $ 30,000.00 100% 0 % 50% 50% direct deals*** undertone 100% 0 % 50% 50% native**** $ 100,000.00 100% 0 % 50% 50% data/newsletter $ - 0 % 0 % 50% 50% podcasts $ - 0 % 0 % 50% 50% other $ - 0 % 0 % 50% 50%']",Revenue/Profit Sharing,Revenue/Profit Sharing,Revenue/Profit Sharing,Revenue/Profit Sharing,Agreement,0.638,0.5362,121,False
718,"['each item listed in exhibit 3 (""main elements covered under this agreement"") and exhibit 6 (""lrus covered by repair and standardexchange services"") withdrawn from the stock and used by the company shall be exclusively repaired by the repairer.']",Exclusivity,Post-Termination Services,Warranty Duration,Warranty Duration,SVM,0.2548,0.1649,38,False
719,"['license term perpetual, unlimited runs x other: 2 years commencing: november 15, 2012', 'producer further grants to convergtv the right and license to distribute the program on any convergtv channel, and/or other distribution outlets, that exists today or that is created or developed in the future and this right includes the right to distribute on any channels of a convergtv affiliate and/or other distribution outlets without limitation.', 'for the license term and within the licensed territory, producer hereby grants to convergtv a right and license to distribute the program, file or video listed on the deal terms above (the ""program"") consisting of<omitted>episodes (series) or<omitted>one-offs, for unlimited runs for the license term through convergtv channels and/or other distribution outlets, in accordance with the license rights.']",Unlimited/All-You-Can-Eat-License,License Grant,License Grant,License Grant,Agreement,0.3506,0.2156,124,False
720,"['minimum response time for r2 detect delay + generate detect delay + generate delay compelled signaling delay detect delay + decision detect delay + decision delay + delay + generate delay - -------------------------------------------------------------------------------------------- ------------ accept levels -5 dbm0 to -31.5 dbm0 must minimum power is detect; configurable from -25 dbm to -38.5 dbm0 must reject -45 dbm per frequency', 'there shall be fewer than 1 talkoff in 5 hours of voice when the detector is programmed with the recommended parameters (minimum tone duration 400 ms).', '- -------------------------------------------------------------------------------------------------------------------- requirement - -------------------------------------------------------------------------------------------------------------------- characteristic bellcore eia/tia-464a d2 - -------------------------------------------------------------------------------------------------------------------- frequency deviation +/-1.5% must accept; +/-1.5% must accept; configurable choice of +/-3.5% must reject +/-3.5% must reject four sets of must accept/must reject: +/-2.0% accept to +/-3.0% reject; +/-2.5% accept to +/-3.5% reject; +/-3.0% accept to +/-4.0% reject; +/-3.5% accept to +/-4.5% reject. - -------------------------------------------------------------------------------------------------------------------- minimum tone 40 ms must accept; 23 40 ms must accept configurable from 24 duration ms must reject to 80 ms - -------------------------------------------------------------------------------------------------------------------- minimum interdigital 40 ms 40 ms configurable from 24 interval to 80 ms - -------------------------------------------------------------------------------------------------------------------- minimum cycle time 93 ms 93 ms configurable from 48 to 160 ms - -------------------------------------------------------------------------------------------------------------------- accept levels 0 to -36 dbm must 0 to -25 dbm must 0 dbm to configurable accept, -55 dbm must accept minimum (-25 to -45 reject dbm range)', 'table a-9 contains the nominal frequency, power, and duration requirements for\n\n ------------------------------------------------ minimum maximum unit --------------------------------------------------------------------- frequency 2085 2115 hz --------------------------------------------------------------------- duration 2.6 4.0 seconds --------------------------------------------------------------------- power -18.0 -6.0 dbm0 ---------------------------------------------------------------------\n\ngenerating modem tones as derived from v.25 and g.164.', 'if licensee commits to purchase licenses for a minimum of 10,000 processors for the first year after first customer shipments, the fee_per_port will be reduced for $1.00 for the first 5,000 processors.', 'd2 shall make available to licensee the maintenance and support services according to the terms of this article 6 for a minimum of five years after acceptance of licensed technology.', '- ------------------------------------------------------------------------------------------------------------------ requirement - ------------------------------------------------------------------------------------------------------------------ characteristic bellcore ccitt/itu d2 - ------------------------------------------------------------------------------------------------------------------ frequency deviation +/-(1.5% + 5 hz) must +/-1.5% must accept configurable choice of accept three sets of must accept frequency tolerance: +/-(1.5% + 5 hz), +/-(1.5% + 10 hz), +/-(1.5% + 15 hz) - ------------------------------------------------------------------------------------------------------------------ tone duration kp signal >/= 54 ms >/=30 ms must accept minimum duration is must accept; must reject steps, from 28 ms up. all others: >/=30 ms can be configured for must accept; /=30 ms must accept; must reject - -------------------------------------------------------------\n\n\n\n\n\n----------------------------------------------------- minimum interdigital must accept must accept minimum interdigital interval interdigital intervals interdigital intervals interval is configurable >/=25 ms. must bridge >/=20 ms in 4 ms steps. can be interdigital intervals configured for >/=20 ms - ------------------------------------------------------------------------------------------------------------------ minimum cycle time up to 10 pulses per - >10 pulses per second second (100 ms cycle ( time) - ------------------------------------------------------------------------------------------------------------------ accept levels 0 to -25 dbm must - minimum power is accept configurable from -25 frequency - ----------------------------------------------------------------------------------------------------------------']",Minimum Commitment,Minimum Commitment,Minimum Commitment,Minimum Commitment,Agreement,0.2752,0.1237,485,False
721,"[""during the term of this agreement, consultant shall make himself available on not more than [*****] days for television and radio commercials, photo shoots, modeling and promotional appearances compatible with consultant's own practice, play and personal time requirements.""]",Volume Restriction,Volume Restriction,Volume Restriction,Volume Restriction,Agreement,0.2189,0.022,38,False
722,"[""purchase orders issued by mediwound to cbc during a certain year for quantities exceeding [***]% of the applicable annual forecast shall be binding upon cbc, except that with respect to any amounts exceeding [***]% of the applicable annual forecast, cbc's obligation to provide such exceeding quantities shall be based on best efforts and cbc shall have an extended lead time for delivery as shall be agreed upon by the parties on a case by case basi""]",Volume Restriction,Minimum Commitment,Minimum Commitment,Minimum Commitment,Agreement,0.4325,0.3051,76,False
723,['moelis holdings agrees not to open an office in japan conducting covered businesses during the term of this agreement.'],Non-Compete,Non-Compete,Revenue/Profit Sharing,Revenue/Profit Sharing,SVM,0.2825,0.1669,19,True
724,"[""notwithstanding the provisions of section 5(a) and (b), none of the members of the ms provider group and the msci provider group shall be liable for any special, indirect, incidental, consequential or punitive damages of any kind whatsoever in any way due to, resulting from or arising in connection with the performance of or failure to perform ms's or msci's obligations under this agreement."", 'this disclaimer applies without limitation (i) to claims for lost profits, (ii) regardless of the form of action, whether in contract, tort (including negligence), strict liability, or otherwise, and (iii) regardless of whether such damages are foreseeable or whether any member of the ms provider group or the msci provider group has been advised of the possibility of such damages.', 'ms agrees that neither msci nor its subsidiaries (collectively, the ""msci provider group"") and the respective directors, officers, agents, and employees of the msci provider group shall have any liability, whether direct or indirect, in contract or tort or<omitted>otherwise, to ms for or in connection with this agreement or the transactions contemplated hereby or any actions or inactions by or on behalf of the msci provider group in connection with this agreement and such transactions.', 'msci agrees that neither ms nor its affiliates or subsidiaries (other than msci) (collectively, the ""ms provider group"") and the respective directors, officers, agents, and employees of the ms provider group shall have any liability, whether direct or indirect, in contract or tort or otherwise, to msci for or in connection with this agreement or the transactions contemplated hereby or any actions or inactions by or on behalf of the ms provider group in connection with this agreement and such transactions.']",Cap On Liability,Cap On Liability,Cap On Liability,Cap On Liability,Agreement,0.6869,0.5016,280,False
725,"['if pretzel time exercises its right of first refusal, franchisee (and its owners) agrees that, for a period of twelve (12) months commencing on the date of the closing, neither franchisee (nor its owners) shall have any direct or indirect interest (through a member of the immediate families of franchisee or its owners of otherwise) as a disclosed or beneficial owner, investor, partner, director, officer, employee, consultant, representative, or agent or in any other capacity in any competitive business located or operating within three (3) miles of the unit, and/or three (3) miles of any other pretzel time unit.', 'in the event the closing of the purchase does not occur within said ninety (90) day period because franchisee fails to act diligently in connection therewith, the purchase price shall be reduced by ten percent (10%).', ""franchisee further agrees that the purchase price shall be further reduced by ten percent (10%) per month for each subsequent month franchisee fails to act diligently to consummate this transaction. in the event that franchisee cannot deliver clear title to all of the purchased assets as aforesaid, or in the event there are other unresolved issues, at pretzel time's option, the losing of the sale shall be accomplished through an escrow."", 'pretzel time shall have the unrestricted right to assign this option to purchase.', ""if pretzel time does not exercise its right of first refusal, franchisee or its owners may complete the sale to such purchaser pursuant to and on the exact terms of such offer, subject to pretzel time's approval of the transfer as provided in section 17, provided that if the sale to such purchaser is not completed within 120 days after delivery of such offer to pretzel time, or if there is a material change in the terms of the sale (which franchisee shall promptly communicate to pretzel time), pretzel time's right to first refusal shall be extended for thirty (30) days after the expiration of such 120 day period or after the material change in the terms of the sale so communicated to pretzel time."", ""pretzel time shall have the right, exercisable by written notice delivered to franchisee (or its owners) within sixty (60) days from the date of delivery of an exact copy of such offer to pretzel time, to purchase such interest for the price and on the terms and conditions contained in such offer, provided that pretzel time may substitute cash for any form of payment proposed in such offer, pretzel time's credit shall be deemed equal to the credit of any proposed purchaser and pretzel time shall have not less than sixty (60) days to prepare for closing."", 'if pretzel time exercises its right of first refusal, franchisee (and its owners) further agrees that he will abide by the restrictions of section 17.c.(13).', ""the purchase price shall be paid in cash at the closing of the purchase, which shall take place no later than ninety (90) days after receipt by franchisee of pretzel time's notice of exercise of this option to purchase the unit, at which time franchisee shall deliver instruments transferring to pretzel time or its assignee good and merchantable title to the assets purchased, free and clear of all liens and encumbrances with all sales and other transfer taxes paid by franchisee, and all licenses or permits of the unit which may be assigned or transferred."", 'if pretzel time or its assignee exercises this option to purchase, pending the closing of such purchase, pretzel time may appoint a manager to maintain the operation of the unit, at its option, require franchisee to close the unit during such time period without removing any asset', 'upon termination of this agreement by pretzel time in accordance with its terms and conditions or by franchisee without cause or upon expiration of this agreement (unless the franchise has been renewed), pretzel time, its affiliates or its assignee shall have the option (not the obligation), exercisable by giving written notice thereof within sixty (60) days from the date of such expiration or termination, to acquire from franchisee all the assets in the unit including the equipment, furnishings, signs, leasehold improvements, usable inventory of products, materials, supplies and other tangible assets of the unit and an assignment of the lease for the unit.', 'if franchisee (or its owners) shall at any time determine to sell, assign or transfer for consideration this agreement or an ownership interest in franchisee or the unit, franchisee (or its owners) shall obtain a bona fide, executed written offer and earnest money deposit from a responsible and fully disclosed purchaser (including lists of the owners of record and beneficially of any corporate offeror and all general and limited partners of any partnership offeror and, in the case of a publicly-held corporation or limited partnership, copies of the most current annual and quarterly reports) and shall immediately submit to pretzel time a true and complete copy of such offer, which shall include details of the payment terms of the proposed sale and the sources and terms of any financing for the proposed purchase price.']",Rofr/Rofo/Rofn,Post-Termination Services,Rofr/Rofo/Rofn,Rofr/Rofo/Rofn,SVM,0.1364,0.0058,845,False
726,"[""subject to licensee's on\xadgoing compliance with section 3.2 and all other terms and conditions of this agreement, licensor grants to licensee an exclusive (save for rights reserved to licensor hereunder), non-transferable (except as provided in section 11.7) and non- sublicensable license, during the license term, to reproduce, perform, display, transmit and distribute the licensed content on the licensee siteand related media intended solely for use by end usersin the territory within the scope set forth in schedule 1 (license scope), which is attached hereto and incorporated herein by this reference."", ""licensor grants to licensee a limited, non-exclusive, non-transferable (except as provided in section 11.7) and non-sublicensable royalty-free license during the term to those of licensor's marks designated by licensor from time to time to: (i)display such marks on the licensee site: (x) with the licensed content to provide source attribution; or (y) as links to the licensed content; (ii)comply with its express obligations under this agreement; and (iii)advertise, market and promote the availability of the licensed content or the licensee site and identify the licensor as a content provider; provided, that all uses of licensor's marks shall require licensor's prior written approval.""]",Non-Transferable License,License Grant,License Grant,License Grant,Agreement,0.3689,0.1105,192,False
727,"['excite guarantees that it will deliver [*] ""click-throughs"" on the promotional placements and advertising banners described in section 1 (a) - (d) in the first year of the term of the agreement by delivering [*] of the annual guaranteed ""click-throughs"" in the first quarter of the first year of the term of the agreement, a cumulative total of [*] of the annual guaranteed ""click-throughs"" in the second quarter of the first year of the term of the agreement, a cumulative total of [*] of the annual guaranteed ""click-throughs"" in the third quarter of the first year of the term of the agreement and a cumulative total of 100% of the annual guaranteed ""click-throughs"" in the fourth quarter of the\n\n\n\n\n\n first year of the term of the agreement.', 'such link will be displayed as the left-most link or top-most link at least fifty percent (50%) of the time.', 'if excite does not make good the difference within [*] days, netgrocer may suspend (but not eliminate) its payments of the sponsorship and advertising fees described in section 5(b) and 5(c) until the make-good is delivered, at which time netgrocer will resume its payments of the sponsorship and advertising fees.', 'if excite misses any quarterly guaranteed click-through amount, excite will make good the difference within [*] days following the end of such quarter.', 'excite guarantees that it will deliver four million fifty thousand (4,050,000) ""click-throughs"" on the promotional placements and advertising banners described in section 1(a) - (d) in the second year of the term of the agreement by delivering [*] of the annual guaranteed ""click-throughs"" in the first quarter of the second year of the term of the agreement, a cumulative total of [*] of the annual guaranteed ""click-throughs"" in the second quarter of the second year of the term of the agreement, a cumulative total of [*] of the annual guaranteed ""click-throughs"" in the third quarter of the second year of the term of the agreement and a cumulative total of 100% of the annual guaranteed ""click-throughs"" in the fourth quarter of the second year of the term of the agreement.']",Minimum Commitment,Minimum Commitment,Minimum Commitment,Minimum Commitment,Agreement,0.4283,0.2423,350,False
728,"['ebix may terminate this agreement, [**] upon [**] to about; provided, however, that the termination is no earlier than [**] of the effective date of this agreement.']",Termination For Convenience,Termination For Convenience,Termination For Convenience,Termination For Convenience,DistilBERT,0.7718,0.7211,27,False
729,"['we may immediately terminate this agreement on notice to you and without any opportunity to cure the default if:<omitted>14.2.11 you transfer any interest in yourself, this agreement, the hotel or the hotel site, other than in compliance with section 13 and its subparts;']",Anti-Assignment,Termination For Convenience,Termination For Convenience,Termination For Convenience,Agreement,0.4181,0.182,43,False
